id,group,1_Ceramide d18:1/17:0; iSTD,1_CUDA iSTD,1_FA 16:0-d3; iSTD,1_LPC 17:0; iSTD,1_LPE 17:1; iSTD,1_MAG 17:0/0:0/0:0; iSTD,1_PC 12:0/13:0; iSTD,1_PE 17:0/17:0; iSTD,1_PG 17:0/17:0; iSTD,1_SM d18:1/17:0; iSTD,Cer 32:1;O2,Cer 33:1;O2,Cer 34:0;O2,Cer 34:1;O2,Cer 34:2;O2,Cer 36:1;O2,Cer 38:1;O2,Cer 39:1;O2,Cer 40:0;O2,Cer 40:1;O2,Cer 40:2;O2,Cer 41:1;O2,Cer 42:0;O2,Cer 42:1;O2,Cer 42:2;O2,Cer 42:2;O2,Cer 43:1;O2,Cer 44:1;O2,Cer-OS d41:3; Cer-OS d18:2/23:1;,Capric acid,Undecylic acid,Lauric acid,Tridecylic acid,Myristic acid,Physeteric acid,Pentadecylic acid,Pentadecenoic acid,Palmitic acid,Palmitoleic acid,Margaric acid,Oleic acid,Linoleic acid,Octadecatrienoic acid,Arachidic acid,Eicosenoic acid,Eicosadienoic acid,Eicosatrienoic acid,Dihomo-gamma-linolenic acid,Arachidonic acid,Eicosapentaenoic acid,Behenic acid,cis-Erucic acid,Docosadienoic acid,Docosahexaenoic acid,Lignoceric acid,Nervonic acid,Cerotic acid,Montanic acid,Caprylic acid,GlcCerd14:14E/20:02OH;,GlcCer 38:1;O2,GlcCer 40:1;O2,GlcCer 41:1;O2,GlcCer 42:1;O2,GlcCer 42:2;O2,LPC 14:0,LPC 16:0,LPC 16:1,LPC 18:0,LPC 18:0,LPC 18:1,LPC 18:2,LPC 20:1,LPC 20:2,LPC 20:3,LPC 22:5,LPE 16:0,LPE 18:2,LPE 20:4,LPE 22:6,PC 32:0,PC 32:1,PC 32:2,PC 33:1,PC 33:2,PC 34:1,PC 34:2,PC 34:3,PC 34:4,PC 35:1,PC 35:2,PC 35:4,PC 36:1,PC 36:2,PC 36:3,PC 36:3,PC 36:4,PC 36:4,PC 36:5,PC 36:5,PC 37:2,PC 37:4,PC 38:2,PC 38:3,PC 38:4,PC 38:5,PC 38:5,PC 38:6,PC 40:4,PC 40:5,PC 40:5,PC 40:6,PC 40:6,PC 40:7,PC 40:8,PC O-32:0,PC P-34:0 or PC O-34:1,PC P-34:1 or PC O-34:2,PC P-34:1 or PC O-34:2,PC P-34:2 or PC O-34:3,PC P-36:1 or PC O-36:2,PC P-36:2 or PC O-36:3,PC P-36:3 or PC O-36:4,PC P-36:4 or PC O-36:5,PC P-38:3 or PC O-38:4,PC P-38:4 or PC O-38:5,PC P-38:4 or PC O-38:5,PC P-38:5 or PC O-38:6,PC P-40:3 or PC O-40:4,PC P-40:4 or PC O-40:5,PC P-42:4 or PC O-42:5,PC P-42:5 or PC O-42:6,PC P-44:4 or PC O-44:5,PE 34:1,PE 34:2,PE 36:1,PE 36:2,PE 36:3,PE 36:4,PE 38:2,PE 38:4,PE 38:6,PE P-34:1 or PE O-34:2,PE P-34:2 or PE O-34:3,PE P-36:1 or PE O-36:2,PE P-36:2 or PE O-36:3,PE P-36:4 or PE O-36:5,PE P-36:5 or PE O-36:6,PE P-38:3 or PE O-38:4,PE P-38:4 or PE O-38:5,PE P-38:5 or PE O-38:6,PE P-38:6 or PE O-38:7,PE P-40:4 or PE O-40:5,PE P-40:5 or PE O-40:6,PE P-40:6 or PE O-40:7,PE P-40:7 or PE O-40:8,PI 34:2,PI 18:0_18:2,PI 18:0_20:3,PI 18:0_20:4,PI 38:5,PI 18:0_22:6,SM 30:1;O2,SM 32:0;O2,SM 32:1;O2,SM 32:2;O2,SM 33:1;O2,SM 34:0;O2,SM 34:1;O2,SM 34:2;O2,SM 36:0;O2,SM 36:1;O2,SM 36:2;O2,SM 36:3;O2,SM 37:1;O2,SM 38:1;O2,SM 38:2;O2,SM 39:1;O2,SM 39:2;O2,SM 40:1;O2,SM 40:2;O2,SM 40:2;O2,SM 40:3;O2,SM 41:1;O2,SM 41:2;O2,SM 42:0;O2,SM 42:1;O2,SM 42:2;O2,SM 42:2;O2,SM 42:3;O2,SM 43:1;O2,SM 43:2;O2,SM 44:2;O2
SMP_BF0B0C17EB54CB466E36,1,493078.6278,50027.5216,160978.7152,49197.5883,28676.7959,989827.7399,4243.3033,66952.3636,604996.9244,5992.0888,1811.4244,2833.8612,3591.8753,29181.2045,2414.2765,14086.1747,15768.8438,6863.0197,7538.4523,70031.7568,7731.0893,59162.8555,10944.0141,205654.7172,121678.8843,32327.372,24125.1885,8283.0429,5091.3372,2303.28,694.6334,11619.7212,1920.1812,45169.8858,4136.4387,11173.205,772.096,1505637.003,78147.4891,24815.4048,1199962.783,485603.7737,50351.7368,18539.9029,28349.2223,12042.4781,1958.2806,8379.2427,53878.2318,9579.1544,4422.469,12133.7715,320.2409,49544.8938,10047.9562,7254.0123,3882.3656,1394.7612,776.968,17633.2173,2960.4121,22494.9321,13437.5633,26158.0047,20014.8507,1689.2846,200268.1935,3565.5723,11501.9252,112241.3142,45842.6114,78054.8616,1004.6645,1819.7338,3811.9477,871.8648,4204.9946,7428.4949,3720.6685,4976.8698,24845.1815,13788.4939,15856.5383,4368.1903,5153.0396,153938.2619,261040.8384,25718.2654,3598.5459,6762.0635,16783.7858,3067.503,88795.2498,206192.106,93704.0935,83003.1458,79331.8357,130833.7875,4144.9741,77980.492,4227.9461,4374.4296,13413.6069,52591.322,69695.2532,20918.5498,28356.6672,83917.1612,3580.2226,9068.7416,612.3991,1151.3992,47870.4517,5049.2561,5892.4264,6006.0719,10843.3614,11709.7684,6353.5832,23605.3983,6318.9071,5512.4568,22680.2271,12565.6667,13128.5169,14833.4241,6259.2272,4028.249,3091.0699,3450.0083,3804.7077,337.3058,6453.1637,2212.6725,5369.6449,652.1604,17968.8164,3037.2626,11009.9459,4295.5828,18047.5162,15822.5775,4347.7165,10260.2915,7269.4018,25868.5641,18976.1444,5102.7519,3283.6809,43603.3059,20158.6614,19457.1272,3661.5211,8056.0969,25485.9953,10746.7488,12840.9558,3049.5691,2858.9246,7624.8895,1175.6811,12839.2007,2009.0014,3180.5287,66966.8275,4492.6922,27923.4754,158.3728,271439.5336,81816.1468,2226.4717,54035.985,8475.0642,3930.7221,3094.9843,49574.896,11851.7532,26773.3983,566.1767,81753.1332,25935.0518,34327.6915,2148.4551,64808.5637,33931.3905,1217.3442,98041.8232,144558.7268,72305.6019,61714.3548,5836.5443,15793.7522,2818.1079
SMP_973C51FB5000E085109A,1,477943.5265,46951.0245,153737.1175,47304.7944,25034.746,948527.1362,4481.4076,68226.7689,548041.9862,6788.4956,3561.6228,3500.7816,3690.3241,32019.6534,2530.5825,16303.4251,17637.3778,11873.9575,14272.8158,89786.5124,11273.9638,83053.0268,17952.6706,233834.7487,130629.3955,33415.8152,33144.8431,7706.0723,5386.4182,2203.8102,525.6193,5461.8598,1588.8861,63302.3023,9202.5102,14340.6922,922.5208,1731888.876,157025.5739,25208.8876,1481562.764,200920.6519,16618.7382,18139.6888,23009.9494,5433.7708,2941.2064,7214.809,35642.503,7189.49,4082.7569,4572.7757,4.3422,46824.2371,8475.012,4970.4172,3905.6028,1300.4013,794.8444,12952.8003,2579.2864,18198.0992,14519.2911,28779.9378,23262.4608,2216.5043,167056.1358,4832.9666,5646.8391,58513.7758,33956.0247,24333.7455,221.3454,140.0104,3448.7934,588.9357,3087.8328,3323.9647,3002.1674,3551.6112,29718.1498,47593.9184,13177.4596,8271.1957,5191.2625,209638.1276,245670.0718,29804.3355,5277.2443,8867.451,13272.5686,4461.0975,108220.7157,165558.0825,73895.1937,112689.2465,29066.0748,157935.9692,1365.2086,90759.7825,2926.4324,4204.9749,11385.3549,66623.5365,69833.8662,21227.962,28559.3673,82391.9472,6232.3245,8858.9783,1939.7303,1163.2066,47167.002,3250.1049,2728.5156,5267.4441,8764.9492,3668.4153,6257.0331,13693.8983,12.4598,800.5467,21819.7362,9348.3817,11692.6268,12558.0602,3415.4814,4132.814,3529.3886,2901.3093,3784.5458,3.7097,5814.5936,2136.6124,3606.879,3198.243,9654.269,1050.2095,8992.5926,2200.0038,15710.9561,13411.5189,4623.6676,4251.7166,5526.1156,12392.1259,16580.9209,3642.1526,3875.2446,31610.0825,11496.9105,14359.8371,2700.2661,3872.2346,13709.9698,5272.6272,12155.9693,3431.612,2248.2085,9280.5759,1223.2797,18575.0581,4970.2702,3568.7533,93735.288,7468.1311,37723.4552,6848.2835,274666.1182,81172.5655,3551.464,50885.1758,12303.4743,824.1942,4597.2053,46669.3888,7490.0464,34045.995,3059.4916,77470.8799,34166.4144,23428.7715,975.5193,63314.7494,34972.4835,2101.7224,94370.7539,158566.2105,61466.6889,47881.7203,6944.5686,16783.9269,2029.1374
SMP_5329D265EE4C097C6A30,1,545829.6154,49911.7283,156121.9895,50177.1463,26805.7814,1028940.093,4211.2751,74684.4642,657092.1184,6903.0578,2511.2331,2581.1003,2520.3708,24210.1446,1945.2091,11910.8546,18092.9246,12575.6376,9293.4541,93469.7913,9959.2897,90165.8385,11374.2918,269811.5721,104393.6742,35593.1322,34674.4839,9631.074,4464.3974,2781.2114,638.775,7666.1984,1788.9467,47423.1203,5630.3453,12378.4693,1059.2701,1428440.325,65835.0219,24172.719,696826.7523,192140.1012,27016.5704,22266.1447,14408.6002,5121.8355,2023.4276,6950.2675,39303.5101,10039.5553,4814.9744,4692.8848,439.9557,39480.7228,10553.3535,5495.0199,4419.8901,1615.7936,804.0574,13043.0733,3157.2868,20261.5537,14091.8371,25720.9491,17285.7255,3412.9405,231924.4503,5797.4875,8068.6837,86862.9072,65410.6418,66269.6819,114.0482,241.1616,5959.3931,1564.7975,5788.9774,7524.0919,4079.5451,4239.6618,27223.4566,37002.6426,12950.0856,8823.4829,2340.0914,214136.0453,250072.7119,45499.0293,5770.3523,9516.4155,13557.7396,3378.4893,107665.4809,161758.9781,74604.4594,84075.0557,51031.1928,144474.9152,4078.9868,86125.0792,3283.7797,4436.4778,10099.175,44026.032,57423.4021,21967.2881,23900.4015,69577.3663,4949.9078,9446.4734,1556.6574,1254.9787,37773.3109,3441.7637,4430.1651,6028.5899,9718.6601,8546.6459,7661.2041,20616.3864,2865.6705,2126.6721,26431.7384,14074.428,15085.4871,11797.4827,7646.2409,4840.9441,3912.7225,3700.3663,4402.999,208.7294,6012.0052,4022.1154,7881.648,1752.1496,19699.4374,2554.2534,14752.2692,1853.6806,15794.762,17736.7611,5305.2691,8337.2078,9471.0039,23389.6684,17532.1884,4400.8289,5554.018,50503.0639,14116.3112,16645.4172,5233.6738,8185.4668,21027.6336,4946.5701,11582.2321,3042.6572,1236.5699,6808.7176,745.0845,14251.2737,4480.415,3334.944,97191.1927,5535.4915,36778.1811,5521.5898,271411.2981,61257.4004,1452.6768,50641.0181,9637.1324,336.1287,5454.51,50169.5989,7514.3565,37921.6538,3335.6758,81349.6285,29733.7656,27268.409,434.9673,63741.8658,37706.285,1000.7365,93336.8747,128863.9115,63028.2815,39369.839,6338.9508,14547.9205,1875.1419
SMP_76DDBA23BA5881CA9811,1,545332.6928,46240.7212,165567.2068,47510.0261,28305.8203,990005.2544,4811.4274,79356.8498,592629.8008,6134.673,1249.8826,1454.4858,4001.9603,28420.9384,1714.5688,13097.6982,13146.3488,6196.3715,19182.0688,69360.5167,8356.0948,60212.7093,24190.0483,213845.1808,135900.0596,24154.9883,22080.7295,8261.6173,3495.2239,2761.1528,794.4378,7387.8861,1592.1758,53013.3947,7442.8562,12639.8814,906.9458,1627267.373,188328.6584,23343.7409,1341143.373,273723.7748,26195.457,19937.7765,25970.35,7580.5291,3308.3651,8247.7139,24263.4695,6413.2303,5574.3641,6763.2919,715.0166,37090.4213,12296.6067,7259.5825,4215.0286,1965.3169,1222.6462,8979.037,2278.7896,19125.5078,9838.9786,29591.34,22399.2663,835.5527,170672.7366,4775.2329,5412.5375,49132.0908,38327.8896,40936.4205,156.498,3.0223,3730.4792,634.4991,3667.0895,5741.5387,3367.0791,3453.6317,27779.9819,48108.825,10427.7539,5506.7491,3529.4376,210794.0187,263308.314,19143.0769,3069.9954,5774.8484,11115.0386,2299.2634,89987.1723,167423.6314,86560.6876,107861.123,41905.3486,147693.9179,513.7882,94768.1508,2890.488,3763.2069,10920.2488,57428.5106,63364.6492,22591.2631,25116.0165,70601.991,5773.2826,8833.8121,1518.628,847.2056,38997.7598,2660.1163,3267.8519,5633.9615,10908.1349,8961.7248,7051.232,13883.7351,8511.3753,4209.7747,26093.2303,9935.3492,14916.6076,17579.8355,3316.9997,4316.2741,2902.2498,4045.5523,5037.5414,769.0578,7567.8579,3300.7812,6215.3049,5.7028,16455.9444,1521.0056,13582.4476,2104.2128,18072.8618,13750.5517,3455.9105,5693.0706,4943.0042,12707.0648,19619.927,3319.639,2892.7251,30134.1484,16342.1995,18064.6313,2719.1823,4582.9955,14027.4518,6056.4078,8903.9779,2213.9858,2146.3498,8346.8954,625.4768,13585.8663,1039.9419,2851.9584,53812.7202,2746.2245,19732.471,6859.8032,247944.6073,58134.3555,3654.1135,43545.0375,6104.6911,143.713,2214.0218,36091.3255,4048.9884,17425.7854,2.5241,60668.5145,23455.213,16788.0386,452.6147,43244.587,16434.6336,1951.8778,77569.1666,130800.5462,37231.4502,41561.8334,2806.272,7872.565,1784.3812
SMP_BFCD40A75D155F5D994B,1,531479.7832,44558.2153,156903.0995,47050.9404,27818.2475,912119.6838,4490.0007,70662.9637,565085.7808,7292.534,4671.4663,3146.7495,3126.9113,28536.22,1831.8148,14228.7541,20079.2293,12814.1833,13278.6931,80441.9116,17780.2388,84551.1897,18805.1528,226325.5084,152231.9846,24411.878,44527.5672,9871.1784,4458.8372,4480.3019,572.6302,10757.3468,2459.8271,81773.8056,10993.7462,15184.5259,1105.506,1847893.954,189463.5334,26675.5285,1606365.585,296282.7991,26453.9898,20410.6341,53059.3167,10371.9842,2849.3813,10407.564,46663.7168,25684.5248,4896.9658,12759.1029,1670.7988,110877.6855,10433.0168,10040.7306,3794.8868,1693.7976,942.13,12457.4346,3904.1469,15903.9856,10599.4212,24864.8779,19876.9054,2313.085,153210.5609,3516.5037,6597.2489,66487.6135,26936.178,22988.5866,808.7293,3.9302,2199.0967,858.4922,2025.8171,2424.5962,2073.8853,4326.1134,26136.0281,29312.5593,10491.5121,6450.5404,5014.0333,184982.411,234189.8188,24327.7121,4445.7842,7636.5217,13386.1632,3629.1984,107176.0972,174952.2558,60635.0125,82034.2218,28398.2444,147665.49,781.3488,158945.1936,3096.3447,4882.1556,16399.2963,62367.9844,72045.8183,22233.0824,67562.2267,101118.8428,3777.758,10484.5721,3295.6178,1636.4027,66939.0854,5143.9854,3966.0671,5108.4464,8684.2439,6109.0061,6040.8135,15306.3748,2399.3939,2847.4815,18900.0304,8846.565,9844.5654,9425.3081,3174.7817,5572.8121,1171.289,2337.9073,821.1617,124.3646,3194.0505,2712.5496,3950.8592,769.4633,9983.3246,842.7917,7680.4547,3117.1049,12029.674,17536.8939,6893.5993,6987.0317,7017.8287,14606.2304,18521.7215,13159.4832,3499.0955,36504.484,19527.514,28394.1462,2788.6614,6127.2497,29997.2652,14537.5343,14366.6718,2957.8058,1696.2175,6723.3879,729.6458,23941.4374,5017.2114,4299.1523,114031.1442,4105.9204,35151.055,6926.1188,262160.8709,66337.0197,2615.7532,36739.465,7483.2931,613.3424,4541.0818,48366.0653,5677.3235,38809.4375,3611.0082,73156.9332,51048.5797,18094.9586,1212.862,68457.5883,31316.7962,2444.6432,89209.2195,160685.8039,50072.1311,42837.5568,8630.5127,27363.9997,4389.6418
SMP_5729D6C4F620ACB5EE97,1,512983.5115,45724.0993,166074.5764,46283.2888,28307.995,1005546.716,4424.4039,77828.8916,529456.9367,6855.3738,2386.8092,2089.3576,2967.0361,21288.9556,903.6519,10281.2842,9943.8371,5109.8758,13172.8246,44723.7506,6224.2717,36768.3091,13243.9774,138346.5634,90067.4015,10549.3004,7403.3809,5566.0564,1528.3342,3918.8927,876.2651,10340.6867,2614.6414,81739.7591,11777.2062,14165.8563,1109.117,1967948.345,248152.8862,23645.9852,1597616.2,493958.7988,45526.0964,20498.536,74783.6523,14198.4557,4151.5512,12880.6845,41733.797,40138.9798,5673.0414,29221.4837,2300.5753,158387.8455,13469.6395,13538.8587,4503.8069,2545.8766,990.9675,5400.2739,2643.732,14864.4045,6872.4747,22652.8797,19702.0869,3331.6503,175988.4377,7975.6647,6353.1118,68128.6694,41000.4147,40749.8818,671.7642,5.8173,3513.6959,2189.9534,3213.4667,3560.4013,2973.2341,7265.1711,38856.541,60463.6349,13573.6456,5634.812,2591.542,226495.5988,225770.2428,29344.9218,5723.8485,5980.3025,8680.3278,2192.3349,124501.3653,174833.5097,51074.1242,82156.29,22813.3242,136536.9443,1099.9457,203855.4877,2590.9633,3660.9744,12923.3223,59654.6861,73736.762,30895.2325,92447.861,128421.1001,7895.5136,24343.045,4656.7505,2023.0665,99517.9251,4533.5571,5985.3163,4591.725,8021.7127,2438.8881,6249.7542,13784.131,18.7566,567.6315,20801.2097,7711.9052,7882.5489,13673.02,2712.6839,5587.5271,2150.7186,2712.4608,2970.5594,223.1486,4029.7523,2682.7101,3122.1615,739.6228,8986.8981,1571.166,8941.7118,1766.6136,12144.1568,18818.937,4570.1532,2225.9397,4138.0073,9086.6407,16766.1067,13832.4887,1196.447,23148.0708,12855.4341,25369.3864,1795.0369,4764.0755,24046.9892,13298.6071,15928.165,2615.0774,1143.1136,3746.6655,759.982,28480.1703,1.9087,1468.7557,59192.5025,2894.9635,17984.0816,4649.9416,219815.5314,51167.4906,2396.6847,19216.9876,4319.9583,821.281,1758.7125,32759.1835,2919.6186,16963.2373,904.4843,53091.6783,28295.7255,12214.6831,525.5292,36633.3962,16323.0956,725.3303,69872.8303,134538.0776,42752.9921,33911.3508,1828.9731,5289.1491,3166.4655
SMP_582BF4BFBC22C8B23C50,1,515569.8036,46277.2493,150915.3471,48465.71,28019.4636,999633.2354,4662.5143,76383.0643,609477.1033,7184.6285,4300.5781,3504.6594,3337.1996,32503.276,2095.7276,15508.4555,21244.1089,13305.1434,4467.4856,86039.9023,12465.3996,74959.2202,5499.9152,191604.6328,140226.3352,33662.9981,23872.2788,5873.4901,6395.3982,3758.7765,769.2845,10254.5236,1637.9846,77107.476,9675.2773,13553.5276,778.8396,1926780.448,158745.2115,30967.186,1806529.145,467175.2919,54067.5321,23675.9756,45004.8673,14836.6694,4623.1594,12472.4654,43202.0407,13771.4916,4279.6146,7350.6406,1303.5603,54493.0087,11600.1343,7488.9932,4207.3835,1888.6538,906.4082,9773.4661,3735.9055,20386.1117,13391.1856,27139.4366,20736.2389,2801.866,197054.0171,4914.3325,8689.2679,89320.2222,56379.6495,59489.8756,1122.7806,2736.1435,5674.7933,1152.3962,4015.4656,6633.4046,4285.0394,5156.7736,27883.4189,19454.1567,11481.86,6157.077,5801.5073,183712.1322,252387.6775,30429.4523,4769.4408,9248.2971,18174.0933,3327.764,101654.3329,195161.6173,100512.2093,102076.2839,60464.9094,143531.6994,5018.9165,101438.8438,4269.1542,4835.1733,14189.246,64551.436,61526.7282,25694.6352,32244.8222,63692.3377,5554.7292,9292.6204,1932.6839,1379.7615,36615.1365,4514.7718,4827.9732,5169.855,9475.6436,6613.3752,6931.7171,16120.8334,2088.9929,3144.7729,14513.4854,7358.2353,10677.0974,11662.9952,3002.0486,2409.586,3076.6653,2290.8105,3723.9137,3.8379,4417.383,2649.6464,5168.4483,716.0599,16552.6912,3120.714,10347.4205,2150.5189,20063.2006,16442.8529,4785.0851,7945.4883,7941.3745,19172.8778,15241.6374,4967.5772,3425.1568,27668.6492,15006.5068,11528.5902,3932.1495,6596.9422,17202.3186,5732.502,16695.7583,2395.9834,1460.1997,7092.0132,1148.8371,16203.5014,3375.3766,2714.4151,84455.0235,3551.955,31308.3857,4825.6035,251105.8956,49793.8802,490.7346,39758.213,5951.6303,897.5895,3777.689,39499.5002,5674.2682,28942.7382,2834.6752,63533.3595,29266.7218,21404.0506,757.5682,39308.5029,29237.3097,312.8135,57783.1118,119142.4429,45207.8409,37324.1617,3347.1667,10409.921,1139.9722
SMP_FBD30F620874EF903163,1,464941.5771,42437.8633,133139.8679,43288.3412,27177.5146,902697.0437,4671.4199,71012.7085,541160.1295,6393.2546,3269.1239,2590.499,2586.0828,21642.0202,903.76,9648.5046,18012.1848,13305.0735,11172.7168,73945.0341,17449.6952,62658.2805,10998.0324,214921.3324,109458.889,29891.278,19871.2784,6066.121,4608.2999,7174.9476,668.9996,16585.0043,2505.4742,158717.1734,31419.8817,23066.0807,2055.0278,2702098.212,480882.5845,40874.6385,2753719.67,474350.9395,83372.1637,24861.2751,69385.2261,18964.6848,10161.4675,19381.2615,63075.4576,21481.521,5955.3345,12893.7635,3300.0942,124524.0224,14918.082,10485.8939,4848.1681,1933.9744,695.11,9319.6853,5308.436,19066.4937,12014.2481,30249.6136,20635.4341,3218.4332,254343.6864,10713.2522,8857.7646,90960.2809,74004.9156,50687.3675,707.7027,612.7819,4203.2422,1012.2561,7072.3538,8620.4048,4423.3961,6708.4108,29011.3759,70043.0832,14993.05,6924.3111,4156.774,234050.4377,264125.4222,46314.7347,5758.3891,7170.5795,12314.3745,2221.7688,128313.1013,186049.7589,88054.8403,94778.1748,48777.8776,123141.0388,5109.047,103506.1829,3320.575,3239.9303,11162.8707,56455.638,50478.2678,22175.7247,33729.8318,82714.3524,5653.2065,10815.3629,2223.1281,1942.5697,53103.272,3451.2611,5377.9473,4346.2344,7149.4619,3641.9317,6603.3121,12953.2636,13.0132,1020.8593,12699.9754,7021.3324,7468.5423,9524.3786,2731.8829,2224.1133,2594.577,2329.6876,3163.7507,147.2666,4682.1279,4706.0106,7485.0147,1931.7663,21863.6235,3533.8119,15236.4896,1940.7523,16855.8063,19009.2149,4306.858,5329.8262,4826.1134,12230.4001,13483.1145,3760.5334,1953.808,21267.8511,10660.0508,15125.5332,1226.5889,4016.8222,13171.753,5646.1216,19653.7031,2952.035,1626.6792,4108.4718,628.66,27617.6007,4501.7519,2312.5973,106002.3264,2356.9874,23964.2477,2897.0304,238830.7069,44003.6239,340.3855,31087.138,2153.3725,595.5739,1712.1713,43238.3784,2436.8662,29566.3169,1828.1363,61532.5981,40376.1616,13459.5228,561.7876,35987.6148,18492.1369,625.2745,74620.3122,119546.5796,41530.3939,25676.0008,3513.1152,8300.0812,1351.0375
SMP_47DBCF8CFAE32B5B8EE9,1,512633.6997,50298.653,149101.5179,47519.8851,28963.8144,1001568.223,4784.8237,66315.4913,592998.7749,6956.2144,2649.9091,3077.3169,2458.4663,22754.7343,1886.9164,10777.5149,17431.2211,11798.832,18539.3459,77022.5252,11795.7383,79495.6761,20665.3243,219168.6307,103089.3851,30515.5956,34552.7313,7865.8626,4618.3813,4169.7037,699.1877,10181.2314,2365.3818,58993.0722,6466.5912,12131.983,869.1234,1472982.187,58304.4438,24313.1829,540632.2148,127107.6425,20984.0559,20520.5855,15220.3676,6264.1409,2826.6199,7081.4266,31651.5336,20504.2926,4628.0455,4871.1128,1347.7831,98570.7799,13116.5897,9493.2946,5295.5787,1925.5127,721.5019,11698.5423,2446.3249,16207.7414,10736.6526,23414.4228,16108.8628,3853.9699,186432.4417,6429.3482,6309.9557,77283.6695,55452.079,56097.6116,469.1876,2.7719,4122.8385,1239.0468,3807.0801,4999.4515,3779.0617,5629.3195,31992.8336,47180.4791,13131.3153,8520.7143,5159.1431,216970.006,244173.6104,31574.2577,8544.5819,8265.451,12947.0567,3191.8979,119969.2084,176926.7743,73068.05,87674.3797,39187.2545,146117.9448,3766.6868,176904.9555,4026.8096,4811.0721,11942.1505,56730.8262,71116.3371,19766.4849,65808.4797,88804.9497,5841.1182,9705.5825,4252.5323,1457.3481,50760.4217,4210.0966,5781.9465,5315.7516,7873.4654,3256.6275,6378.9368,12079.6403,997.0913,497.6804,22025.7615,9920.8624,9902.0792,11275.9599,3246.9282,4147.0029,2279.6692,2643.7472,2593.0893,4.6567,3651.1024,2574.4151,3271.5452,1977.803,11453.2415,1761.6561,9524.6607,1040.4255,12760.0191,17055.7857,6154.5607,6931.9049,7494.5471,18799.3153,16611.5818,9542.2897,4203.7195,30383.9841,12722.0437,23053.4233,3744.6284,6601.1101,19193.3196,8170.9212,16105.3481,2277.4891,1766.903,4449.7992,656.1307,23285.7883,4268.8311,2972.7125,81775.7995,5312.2784,27795.0138,4730.1502,234046.9009,57852.6686,1885.5327,37560.9052,7701.618,401.8687,4662.8378,46148.6739,6118.7916,34095.1784,2889.9555,73057.7277,32292.5709,20902.8021,772.6735,57266.8494,34477.7696,1738.7561,84779.29,121353.7188,54948.1472,37823.6678,6793.6049,15646.7139,2254.2273
SMP_DF85B5B98A3854E2D0B5,1,530234.3862,44304.996,162403.208,50752.1546,29175.8519,1017189.347,4754.0914,74089.9204,639300.0713,7379.373,2761.8039,2456.0969,2459.5745,24243.3491,1965.7864,11748.8773,14435.2466,9139.162,8559.1675,66302.846,8119.3893,68457.7097,8066.7335,181742.8797,110294.0459,27122.6347,30311.3006,6674.8778,4983.5141,4306.9446,1076.5038,15393.6434,2430.255,75195.8668,7332.7295,17736.2487,1014.4203,1966250.355,120250.7263,30218.0932,1146545.323,278410.5308,28243.9448,26639.3892,24354.7812,6540.9787,1531.7711,6103.3799,28565.9604,7835.374,5997.5961,4753.9652,345.4553,47446.6192,13465.8055,5736.8167,5353.7886,2212.8913,1525.1405,10041.9744,2933.8365,16408.0542,11925.877,22684.1127,17952.5272,2079.7163,186466.9457,4077.5871,7459.3979,65326.9633,53381.1303,57369.3313,543.8692,192.5309,3813.572,1378.4793,4382.3922,6308.463,4726.9966,5128.7789,25883.929,31834.5566,9843.8143,7838.2957,4486.1758,200034.3357,249751.5896,27972.3371,3536.7808,9789.0911,14039.9036,2853.1919,104215.1632,175325.4909,92821.7354,86621.8464,55723.3874,133749.5473,3063.6963,71846.8185,2334.1888,4462.9335,11780.8611,49648.4808,54158.8139,19048.9031,24476.3923,75528.5593,5384.6193,8559.6298,1958.8562,618.63,47083.4014,3399.7011,4669.3489,6100.7182,11057.06,7105.4319,6053.563,15512.0592,5935.1418,3277.3481,22162.9962,10748.213,12390.2849,13628.0212,4428.5112,4734.5744,3532.1557,3462.1066,4697.6947,617.9283,6438.0604,2758.2542,5528.3898,1130.267,14015.6922,2144.8959,9895.7805,2420.6808,13281.9067,10226.6506,4033.6545,7405.8535,6899.0672,19083.7179,18540.4803,2955.9898,3933.7379,40966.702,14788.6909,15730.2414,3494.3467,5009.5251,19518.1488,6080.3011,14555.1981,1415.5997,802.783,6974.8457,731.1406,19750.9251,2834.6616,2185.5583,71722.7393,3654.5811,28644.6724,5036.1531,254216.5379,61345.3819,917.5031,42223.2335,8689.5719,2388.7543,3582.2485,37589.5904,6466.6228,27090.0658,3008.5582,71133.783,27967.4383,20406.7276,1311.3268,56651.5111,38932.3902,670.7672,76209.563,126866.0248,53205.0537,41935.3012,6143.0485,14443.9107,2270.2791
SMP_561EC8F0C0DD95A3AFB7,1,527595.393,46851.9656,153590.3024,43748.226,26669.2229,928432.9855,4331.3571,69621.9514,521118.5394,8870.6261,3922.7093,3311.9357,2951.7474,30645.5411,2053.2056,20234.2845,24000.2453,14160.5261,30180.3054,99157.9689,12941.3227,93358.3918,29304.2817,257037.4593,134786.735,36377.7315,48012.3305,10657.2166,6610.0344,2505.5661,516.8417,6750.5504,1665.4724,73539.4442,12946.5218,15038.4764,895.0103,2021188.267,257342.3724,25595.4403,1983747.479,272842.2259,23723.8363,24817.9788,41707.1132,9268.3919,4945.2961,10747.5348,45883.3038,12589.9919,4115.128,7084.227,831.6111,64641.7997,9671.4543,6872.8091,3473.8544,1466.2776,245.5255,13707.6996,4275.345,24175.9532,16338.1541,35429.5125,22964.797,2097.4522,160431.9151,4283.6461,6832.7081,65573.1072,32482.5387,20885.6421,545.0644,5.8277,2912.5731,584.4598,3299.964,2618.1284,2783.9001,4003.664,28460.9075,40877.5475,9103.4892,7360.6608,4640.352,207254.4497,226057.6466,23765.4863,5328.549,8011.0022,12840.8103,4991.0298,109391.4759,176947.2497,68663.514,106495.6656,28227.6055,172924.2561,1036.1268,98148.3613,3247.7421,6442.2064,15137.9152,71342.5535,94003.4463,22083.8686,34118.3718,148570.8832,6440.5759,10733.8417,5790.3029,677.6693,72385.6714,4403.933,6223.6239,4341.7868,8170.057,3128.2645,5114.1199,10162.5459,1564.558,1509.8928,22174.3979,10881.0091,13126.0217,13463.6295,3203.9087,4806.6804,2947.1602,3128.3118,4522.2984,199.6291,5727.4703,2375.6214,2822.7865,1401.4209,7918.3937,965.3769,8191.9185,2877.2062,15709.626,16045.0678,4573.9731,3659.8597,6021.4947,11809.6474,20459.9857,4567.167,3781.2306,42864.3359,20200.7272,18675.7478,3860.0248,4397.7119,21412.9099,8518.4696,12625.748,1285.2602,3298.2745,8263.6261,1488.3488,25079.0885,4947.0403,3806.1225,111820.7208,5383.9532,34893.7705,5405.1997,279900.4851,77633.7907,5034.3768,55091.2494,13310.9605,2078.8975,6025.2649,53194.4504,6637.8397,38124.4845,2963.7528,78421.892,32805.0561,22494.6565,1051.2875,71111.6347,33959.6964,1718.3354,95299.6437,139473.5732,61368.9447,43409.9733,7961.0834,19119.6705,2639.608
SMP_62ECE2910135E7F3717D,1,484097.9272,40437.1046,146846.3504,45669.5537,25694.2188,931714.3788,5034.799,68568.4386,662473.1786,6133.9445,2863.5457,2896.9774,4012.5832,33827.3683,1914.3437,12594.8652,17515.1696,12045.015,14285.2823,100329.1334,11688.1489,94881.2066,22100.9174,320175.4975,119750.7572,42839.6556,29091.2058,9638.0552,5232.0312,3030.8261,698.8153,10738.8995,1309.5756,74709.0533,11697.1952,13996.6398,1052.7018,1946130.772,170784.6828,27368.4687,1744529.848,595634.7555,55339.9203,26256.7529,37410.2749,12283.5555,2200.9639,11557.512,32575.4079,7786.1548,5215.0792,9864.7748,1552.8305,67236.8222,12017.0086,9314.466,3977.0349,1662.7655,610.1054,16275.2651,3791.2724,26819.881,16815.8969,37637.1428,22014.0588,1693.5298,161119.8235,3074.0822,5519.7592,56826.9496,26582.6811,34130.3213,408.286,6.1447,2501.7976,366.0416,2595.6261,4467.4889,2170.2535,3105.4108,25586.5439,42155.1059,17192.6456,5246.1685,8145.4627,214408.1606,325804.5474,37083.4883,4116.5593,6871.014,15995.6387,3196.2701,100802.4454,206416.2926,89775.2235,96644.7865,48555.3789,138067.8232,3224.8576,70446.5509,3523.6756,2680.6144,10593.9077,58730.1037,58704.18,18635.1276,21401.3593,103215.4491,6752.7195,9552.885,3972.6466,1095.0115,53471.633,2867.9962,4081.8642,5255.3076,8618.8573,7801.7704,3580.1062,11327.1028,5371.4224,3666.4947,23372.2711,7079.7286,13058.5511,15266.6413,3236.8202,4613.0238,3321.4349,3023.9022,3688.7314,384.3188,5762.2485,6548.2057,13100.3502,1618.7537,37235.5663,3803.0567,21775.8909,1801.1608,29065.4931,23784.4211,4469.4799,6952.625,5293.4215,18325.9695,18295.455,1799.1959,2338.3196,36314.5694,12370.9034,17728.6362,3235.7791,3786.521,17293.6838,6145.9746,23100.1891,2867.0828,1819.5319,1327.1633,682.475,22746.172,3349.7691,2086.592,66004.6382,3981.7619,24969.7896,3965.7746,237399.4532,60261.8725,1564.5868,34808.9581,7624.2087,1798.1394,2686.0591,42394.1899,4714.6211,28236.1796,388.8779,85718.8358,25228.2493,24448.1917,791.6759,68365.426,25361.058,855.2623,110535.2271,117492.7903,58955.7897,35958.174,5122.0976,9237.7747,1278.3488
SMP_F09149D49C99CFB31CC6,1,518418.897,44851.3385,147505.7297,46872.4026,26516.6416,955424.4197,4798.2087,71676.7325,507043.7798,7471.9287,1817.0947,2395.3442,4041.1745,24370.7161,1094.2395,13968.0918,17149.2828,7978.5657,33762.2606,76978.2124,12858.2621,62114.5773,30176.0871,253049.2499,162299.392,30334.8302,49580.9846,8638.1206,5146.2021,1703.0747,568.1675,11892.0265,1394.2268,73772.664,12155.5107,14776.7216,826.7668,1863690.865,274392.6609,22575.5122,1718655.171,301726.8721,38980.2205,22148.2723,30351.8491,7418.2705,4166.6541,9003.7405,31152.2805,16316.7222,4362.0501,7344.866,377.4263,63033.7433,9916.9975,5733.6249,3581.896,1400.8135,836.9402,6379.5608,1109.1085,13939.8873,6828.9813,24935.7096,19326.2945,2361.8117,202976.8298,7388.5514,6530.3966,73602.1605,51768.9508,38187.1869,228.8341,270.5626,4176.7421,1134.5045,4000.9122,3359.4794,3753.974,6732.7221,25596.6644,45779.4469,7952.2903,4595.2958,3746.7802,218089.4063,230929.2751,22170.5574,4355.6618,6415.9476,10773.1668,2966.7046,117882.4004,160550.978,76334.101,95125.2503,33243.0355,153513.7054,1807.7247,150402.3296,1964.473,4338.2324,10965.3948,63501.1888,73949.4668,28177.3558,54843.086,138459.8685,5335.7394,14857.8251,4470.3356,2058.2915,76501.605,6137.7642,5119.3228,4408.1408,6579.8847,2455.3471,5595.1922,10357.5044,845.5295,517.7899,15610.5581,8242.2469,8148.5316,11701.0875,3314.4379,4439.7431,1767.8342,2850.6486,2815.3032,4.7782,4843.7983,3899.513,4175.8527,1401.2261,14186.7007,1867.2205,10175.3072,1036.0007,18811.9187,25780.2096,4286.4389,4335.4132,5112.7679,10560.9384,14426.292,5497.0113,2220.355,29383.7542,11968.9628,19707.6002,1582.9532,3700.1709,17301.4857,6762.8644,11164.0028,2292.9249,2509.71,5060.7426,1020.432,30751.6923,2993.9155,3757.771,65088.5057,3530.1072,17486.0406,5029.3854,224149.8356,49913.8632,4372.0821,33556.4656,7883.6415,1557.8128,2252.7569,41684.3272,5097.172,20335.0412,726.1567,61453.1427,33128.4181,15039.5589,529.0742,43354.0294,18926.3532,1740.3739,86214.2414,148749.2754,44805.886,36470.0605,5647.1429,20860.8269,2047.2174
SMP_E8F0A06EFD5627DDFCF7,1,513732.0557,45798.1841,156269.9453,46415.4318,27005.2895,907213.9182,4834.2554,76243.7426,572410.2071,6437.4144,2356.7929,3220.1351,3324.5365,24451.9956,2014.4512,10090.0666,12150.003,6370.1547,7757.6296,55665.0884,5606.8859,56233.9952,15317.8288,182627.016,88537.2455,24220.8672,28469.3354,7214.4789,4335.9059,3914.7609,570.9012,16874.499,1305.8102,69118.5046,11787.6869,11233.0821,809.073,1594417.096,177561.3389,26404.6643,1536051.487,586078.3938,42399.5733,20278.5236,34913.6168,16457.3043,2589.8766,11313.2845,36981.9733,5237.3674,4095.049,6109.4488,1521.4918,33832.0686,11689.7575,6017.3532,4401.9597,1862.8745,687.5363,13851.439,3879.1091,20157.4069,13705.8199,28376.8993,20277.5698,1932.1044,144687.2469,3827.7355,5860.0124,71469.2209,41318.7332,58081.6283,392.9202,169.3483,3489.4983,597.7442,2842.4908,7623.1812,3864.756,3491.7328,32750.4264,31863.896,11657.1276,5084.9875,5077.7905,163351.067,259711.5127,25453.6713,3229.7115,6583.9764,18037.6811,2895.6015,98092.3383,200405.1392,101682.6143,94126.5954,71313.6472,138797.0697,3768.6858,39600.1755,4319.3236,4535.667,13725.2955,54024.8444,62802.7032,17306.687,16365.4057,46636.9691,6612.1176,6164.1542,2794.0848,1228.6301,26830.9626,3151.3673,5849.1078,6551.906,11937.6086,8415.8084,6479.8738,20488.1747,6418.9193,3107.5239,23912.9404,13941.1924,14863.608,18214.085,5857.9431,2680.1658,3847.0789,3836.9651,5323.8901,674.2587,7506.9906,1673.5768,4831.047,810.546,12434.4186,3042.7516,7676.4359,1477.0164,12000.7417,5547.8387,4594.0064,11362.588,10019.2638,29575.8638,21422.0537,2548.2433,6023.544,44116.4082,19628.6537,11218.0125,4899.6752,7080.9016,16215.9275,5931.08,16812.7435,1848.7597,2195.3562,4949.9518,978.9522,8998.6049,2281.239,2409.4691,65655.9001,3554.3187,25913.5524,7383.3666,267746.0592,45647.4501,1412.6029,40963.5949,4911.1779,1475.6436,2621.7766,39313.2956,5250.3973,23867.8711,550.3055,64218.6308,23244.2372,20316.2806,1707.146,52769.4756,22870.0611,561.1427,82737.0038,129534.3097,51762.3199,39465.1666,5003.684,15210.861,2111.6186
SMP_E0D55AAD6C69EB840C93,1,489589.7911,44300.1063,144228.3781,44015.2249,26254.5577,937451.6518,4330.8211,72876.867,605477.5861,6577.9414,2103.7818,2267.3063,3647.5574,27847.841,1599.5761,14631.3472,19869.1677,12033.3308,33506.5342,106383.8462,11709.573,89773.9339,32086.545,285654.1058,118269.9623,48775.0274,21476.9102,7856.7936,4545.9247,2666.5353,390.824,9650.1285,673.63,58947.3477,6397.3117,9511.2539,669.3037,1803907.551,157132.1871,20755.5664,1649009.83,769206.432,46510.7614,17910.9851,33671.8156,15459.4497,3001.8838,19832.4094,50858.2917,8346.9438,5200.6395,6719.0324,1090.131,39618.5678,10465.5521,5873.5371,3652.2391,1180.8577,1026.9881,11462.1875,2181.8368,20170.3337,10973.9597,26603.4577,12849.4321,1935.7083,183071.3053,3550.3675,7018.5185,72239.1066,29261.091,39537.866,381.254,4.9004,4032.3086,370.7221,3270.5879,6876.7202,3973.7489,3125.9022,25973.6528,41597.2906,14923.4079,2560.9408,4508.9234,166963.184,310764.249,28622.9034,4637.5784,3477.3703,11013.0323,2527.8612,86166.8647,209096.3519,92060.8153,114068.1732,53264.4766,138288.1965,2322.4382,55548.6557,3000.2763,2805.9809,10252.373,74861.0938,65544.3076,17023.5294,18501.4891,58673.6355,8965.976,8666.726,1849.6279,1207.5173,31346.3125,3153.558,6146.4459,4369.5468,5954.307,8026.2255,1953.7743,15298.2079,3275.6361,3365.5212,15508.1185,5884.3804,8689.7983,11717.6916,2181.8243,2050.007,1686.1255,2509.1131,2668.9282,131.5289,2985.659,5776.7299,13336.812,1032.0611,39729.6271,4683.5439,21783.3594,1415.4668,33713.5895,19256.2894,3644.8112,7067.1498,5803.8252,19760.4056,16049.7208,2088.4757,3719.6425,33653.6983,15638.13,15913.1164,2074.8411,5844.5558,14326.3287,5761.6752,29603.7372,4111.3635,1959.3328,5544.0059,1213.3565,12620.1036,1315.5777,2002.6874,50626.3541,3457.858,14083.4138,3892.6711,211416.2887,55466.4465,2195.6287,38248.4869,8722.8106,2921.2037,1588.101,36367.0145,5144.1324,23597.2169,973.7777,73747.1131,19885.8379,25100.3272,1213.5213,54852.395,25435.777,997.0688,83811.4904,98597.9567,50886.4994,34366.4551,3446.0633,5455.0904,1034.1346
SMP_B58134FB460A703F5CBB,1,489190.399,45176.5598,153936.1674,46348.1682,29473.6809,976896.6762,4499.0559,69140.9642,519359.8903,7814.8179,4484.7906,5489.8684,4810.1649,40721.7572,1998.7984,20201.3132,22905.8193,8977.5049,11134.5127,82528.5742,7555.3394,67270.7202,16084.7813,211996.8306,115470.7247,34934.5886,32046.5929,14363.5725,5177.423,2413.4654,877.3016,14411.5193,6608.2714,191250.5889,32769.4104,116678.94,30143.3951,2192701.294,122011.3049,74029.5615,1554362.232,370998.4132,36191.8577,43494.1027,40150.312,9697.5869,5503.0514,8768.8047,28801.778,9589.2716,20615.3516,27386.2437,4336.6644,59564.0059,63178.2261,12888.5935,29801.7892,8136.4525,866.3975,11373.7468,5651.6336,33726.6853,16770.3759,35623.4828,28101.3407,2060.1041,139528.8465,3202.9927,6856.4841,70114.0151,29224.7038,31064.0115,191.2266,295.7539,2614.2212,449.1834,2536.1534,4003.8561,2125.5045,3114.8387,23364.0537,27191.8016,10145.476,5555.9936,5252.245,168024.2612,242253.472,24851.5996,3522.8981,6221.9907,14373.5561,2959.5841,93309.0655,192640.072,75986.4186,96249.403,34905.5901,134192.4035,1833.5901,84118.4514,3086.0386,4764.029,13629.2279,70059.244,75640.9421,16859.2392,34250.7215,91905.6969,5015.2515,9640.0692,2001.0024,1747.0308,63291.9192,5485.1684,4918.3188,5088.6022,7863.465,4489.2635,4888.9987,15478.4587,4177.2194,1793.9048,19684.4726,9982.9045,11965.6061,11992.8251,3816.9352,4627.9516,3709.3815,3154.242,4888.6923,312.2899,5769.6732,2299.9671,3297.4161,556.0371,11138.5944,1191.7502,5467.416,1181.0718,13546.8077,9918.5142,3567.1374,5942.353,5764.9458,17029.1155,16910.4739,4602.2126,3107.4701,32112.5157,11214.5425,15336.7598,2574.4422,5279.2154,16275.676,5542.1632,16571.7128,1822.8261,2113.7955,5741.0737,660.8291,19371.5987,2931.5396,2190.7713,67004.7214,5451.557,27323.791,5932.3967,245105.912,68403.7639,1672.0989,38689.1332,9690.7587,1857.924,3625.7302,46111.2011,7733.0653,26542.9173,2491.8144,76155.2823,26171.7188,28362.8914,908.4714,52944.1267,29448.2121,805.6321,83739.3507,135787.9853,61760.2965,38951.3165,6218.6178,15544.6521,1909.2835
SMP_F1CAAD085CF110D60F74,1,533906.0818,43962.8358,167373.1014,52541.7665,29187.8426,998576.9574,4999.0194,75868.8974,555236.7109,8171.6133,3560.596,2067.628,6411.1521,31510.0658,2322.8203,19049.8092,21478.7851,10056.0041,26746.2515,84303.0551,13630.5729,69718.5028,21165.4462,229582.0488,160112.7593,30523.5675,45655.9199,10514.9888,6367.3597,2287.851,474.7976,12211.3595,1750.3073,49561.5908,8093.3779,11630.1701,805.9103,1619612.36,174910.8858,23446.9612,1519741.487,248627.3246,19617.5677,22535.8425,27762.9737,7036.2513,4556.8547,6995.5816,36383.0018,12309.3628,5348.1793,10199.1122,463.3556,62435.6278,14266.6115,6500.468,5209.8796,2338.0443,934.372,8995.6782,4073.5021,18891.4448,9933.862,24485.659,23325.4606,2485.4587,215142.7302,8035.6036,7421.4474,82593.324,58198.3185,41176.6329,630.0714,298.6513,3570.0336,393.0526,4925.0046,5455.1128,5045.2299,6585.3856,25027.9177,42930.3539,6900.8794,8696.2961,4555.8915,224772.7597,249167.7159,22249.322,3187.2778,9203.5513,14905.1041,3406.2613,124412.8719,171812.6895,79607.0911,89054.9822,30186.4773,149123.2834,1444.895,120552.2977,1839.978,5325.8722,8985.8437,55837.272,70274.7254,23621.6849,38203.3725,114267.9328,5350.4808,9203.6336,3241.8734,1738.9131,62648.1812,9268.8666,5074.1885,4675.8305,8701.5271,2321.1445,4700.9222,8069.0536,12.91,290.2677,16382.4252,8845.4104,8742.6043,12473.9363,2907.0188,3200.3687,2480.8326,2985.5705,4851.9236,218.6607,5490.5263,3621.2583,5582.3979,1348.0274,17946.0456,2731.0881,11668.8476,1069.5514,22234.9392,24849.0485,3373.5194,3775.5851,3683.0579,12309.0222,11863.807,3093.1723,1713.1311,22919.946,8477.5531,12952.7676,2138.5013,2682.8761,12349.4486,6212.4466,12045.1811,1912.3544,2649.2476,5645.4187,1354.2621,28138.1019,4227.2357,3504.5796,85252.0556,5067.2198,23099.3585,5874.1214,235303.2056,63327.9796,4338.7406,39345.915,8955.572,2006.3098,3041.1362,36972.028,5073.226,20244.7181,2045.6562,61302.9677,30003.6353,16200.8681,1002.399,38512.3147,19522.6851,782.2316,69913.5518,130435.6936,40108.2694,34478.7491,5804.8622,20674.6868,2105.9183
SMP_B673C88439615BAEA40F,1,532835.0531,47818.4598,157774.619,49811.3647,27448.981,983676.1959,4730.232,77099.6958,635764.8327,6239.7127,3574.5136,3119.0177,3649.8405,34213.7258,2548.2026,13963.4044,19254.22,11435.1654,14714.1023,97108.6718,11274.573,84149.6894,24124.3997,309684.3345,164735.0191,48696.6695,34541.6179,10431.3334,4868.6932,3936.8441,647.5452,10886.7112,1701.4362,72768.3804,12112.2251,13752.1958,1005.5235,2198480.15,258786.5194,27820.4884,2071045.956,571728.6045,49712.4781,25488.552,65420.3592,17476.3909,5714.6018,13261.5779,69420.2729,13941.183,5309.9694,13694.1836,2022.569,96531.244,10230.405,11216.6274,3689.833,1316.8526,1166.5338,12809.8825,2559.1575,18943.1785,9941.6663,27224.0075,17070.5574,1968.546,192424.0092,5656.7919,7680.5162,78233.5731,47739.6934,51208.0174,332.6355,670.5145,4141.1981,961.6165,3861.2706,5977.7071,4981.393,5771.9914,30450.1129,41807.5858,11588.7381,5059.0001,3824.3343,200080.0872,283713.0845,33311.931,5326.2243,6294.5413,10965.0288,3277.3729,105746.2982,183250.6747,82527.1493,95790.2955,52182.6859,162305.2951,2473.7551,118485.8288,3246.8277,3955.5517,12497.9765,55347.324,73493.8396,22916.095,35763.6523,105570.4727,7040.9844,11685.6585,2569.6635,2483.9436,51632.1309,6132.8827,4973.856,5554.7687,10504.9,5929.2623,7312.7997,20154.3589,3481.5264,3055,18668.0498,9926.8091,11784.1798,12236.4958,4127.8415,3535.8111,4044.4821,2578.9075,4756.8122,504.0079,7698.6011,1939.4734,6337.5446,1183.1764,12407.4731,1578.8723,14659.8873,1509.2877,17101.7403,16462.5883,3245.8858,5502.9462,5408.0657,19550.4771,13574.1401,3185.4512,2722.2933,31859.5123,12425.6105,18360.2604,4218.0961,5608.3048,19883.517,7001.4816,22324.0009,2344.7138,2461.8548,4080.8746,939.9401,21197.645,2534.0921,2985.4214,67748.9898,3401.9821,21446.9162,5016.991,245677.6958,63083.9637,914.4857,35245.5606,8060.8565,1483.5049,2997.9339,43727.8724,5264.9132,29017.1531,1532.4592,76214.7257,29646.784,23636.7241,587.5871,58565.0731,31794.0981,917.7214,104158.162,145639.0234,63278.4115,45686.718,6211.1172,13812.0233,2676.4235
SMP_16B3333505E501F75777,1,514194.8442,46194.7147,148569.7018,48059.5408,27857.2731,957785.0839,4046.5119,67249.77,572845.8527,6464.1344,4161.9884,3913.0392,4480.6591,32926.8727,2753.0798,21945.2108,32414.92,19083.183,23420.2533,123797.9477,16907.142,105331.3153,24650.4914,273036.2078,141077.8975,42800.2416,61134.9149,11259.3455,4120.8233,4279.5956,826.8008,12220.0723,1844.1357,112850.4816,16558.5467,16522.2655,1040.6726,1916655.532,250273.0414,27346.3776,1861346.854,347043.6423,33507.1881,23630.4734,28579.5726,8295.293,3756.1064,12081.7655,48562.3631,10321.7049,4776.442,4916.248,560.7497,47993.3632,11804.7664,6128.2709,5291.4267,1780.1621,887.6253,13293.7745,4900.2902,22216.2733,13327.6149,26965.2339,19566.2335,5020.7266,214073.2854,6536.5357,9240.7965,101146.6233,52323.0356,46726.6229,163.6685,2199.7622,4545.6856,900.3056,3935.8961,6550.0452,4584.1319,4761.3584,30040.9369,47098.289,14210.4883,7643.3254,7101.4198,203137.9284,258340.9122,30601.5777,5887.2589,8128.7076,14809.0955,3666.0774,116724.2896,198149.1473,91153.8231,105622.0022,50028.7046,126598.9363,2898.5255,79027.9052,4112.1194,4162.5291,14630.6035,73409.3996,68148.2537,19285.1149,25599.6825,87001.0947,6222.9292,9162.182,2986.6286,1206.6794,53640.1264,3298.159,5438.4738,4119.1201,7932.519,3830.7766,3837.546,11911.085,612.5749,953.9169,19407.556,7787.8601,11716.8307,13707.0359,3313.213,4065.4686,2669.7825,3142.8681,3908.8926,4.8201,5215.7386,5603.1495,7297.9009,861.0289,25124.8268,2809.066,13159.4449,1438.436,23736.7807,16413.2244,4141.1911,5572.5284,5997.01,12852.8373,13114.1525,2415.4984,3037.6086,25569.7813,10266.5532,13951.095,1684.1673,4606.9265,12253.6336,5558.7724,16678.5042,2031.9399,2499.8167,5404.0538,1184.1089,16549.6722,5036.7368,3489.2056,101145.5991,6130.4381,30687.6141,3836.1921,239916.1873,71414.916,2282.6087,43919.1208,11269.9945,2303.306,4133.9699,48572.8713,6224.0515,32676.0254,2817.6681,67575.8336,30687.4802,19499.1995,523.8668,46043.7191,30837.3099,290.4605,68985.8566,106673.1234,46664.4566,30209.9341,5304.1592,14888.3114,1218.2348
SMP_3DEE1C7A752308A2C3ED,1,551447.6023,40357.1802,170661.0353,48867.0289,29825.1454,1052991.947,4828.0528,75331.3942,654688.1287,9385.9745,3404.4523,3784.6276,3631.4674,39199.3272,2962.8726,37498.4731,39643.9242,25185.6616,20696.1736,152466.1801,21131.7671,153282.5094,16181.6043,297587.4064,236824.5883,52180.6852,29746.5353,10749.17,3339.4806,1922.2893,374.1217,6590.3226,1795.5602,61882.0414,5700.9492,13780.7975,601.5534,2352466.765,132945.2572,40843.9504,2480801.981,579756.1481,39245.5472,22712.1307,61398.0581,18322.3849,3321.3046,14389.3848,56783.9746,11928.3892,4875.5193,8453.2129,1346.3051,87906.6218,10781.9411,10216.2308,3800.7986,1696.7624,1049.055,17721.0924,5622.2627,21224.4698,14017.7099,20932.7764,17616.7225,1346.432,155457.567,2585.7133,5710.8741,64008.3196,32485.2848,34639.4108,340.032,4.0397,2711.679,409.2727,2988.4731,3550.6466,3321.6473,3216.1719,24038.91,19946.4126,6307.7553,5578.3325,5679.534,207723.567,284640.5598,25113.2309,4410.5633,9024.9322,17647.0351,4882.1255,102591.6718,191323.7728,82412.5559,91119.1808,41626.4774,192731.4555,1571.5193,119176.9647,3615.6611,7196.7895,12364.7429,64032.2317,93591.808,18424.7549,36533.6009,118185.3659,4394.5559,7239.288,1687.9395,962.5682,52121.3245,5585.1742,6370.047,4167.5611,8507.8657,7512.8313,3964.0848,9964.3483,3558.4897,2926.9353,28993.0906,10504.6544,12699.1098,16294.1244,4807.7685,5399.6373,3177.5004,2900.1051,3608.7896,189.5565,3869.8616,6655.9025,9752.9338,4.126,28783.423,3540.8397,28287.8411,952.8623,41811.0143,29503.8427,6425.8603,7362.3865,8285.0676,17669.6801,28008.4207,7995.7773,3181.6179,44624.4587,24305.2218,22044.3898,4417.3328,5471.8052,25374.6301,11056.203,13988.4645,965.2328,3272.2291,5419.6873,1583.2127,18305.5662,2256.9632,1556.96,60168.8249,3248.7154,22237.5707,2237.3752,218006.8218,69813.8138,2286.7993,46451.9854,13607.7972,2000.2187,4050.9449,43505.7348,6646.6202,28247.2004,1620.148,72315.8624,23060.6847,21977.0411,527.4516,56681.0067,29644.1733,0.8849,59762.2342,121459.916,39690.3938,37959.1728,2812.6917,9920.3515,1803.3314
SMP_CF76F58F7F13B3F714F1,1,563472.6274,41262.3342,162218.1099,50594.9588,29409.8269,1013242.73,5539.3289,80492.9344,490944.1755,8553.0134,2320.7955,2330.761,2520.1813,21582.7634,1345.9059,9550.4804,13548.7232,10055.2708,3793.416,66980.9982,10599.9045,64140.1641,5682.2625,171600.1668,102937.8939,28515.7849,16914.474,5058.5125,6031.2592,3625.0781,541.0423,12048.3254,2401.1489,100099.1272,18903.1307,14316.3629,1410.7177,2310135.79,338954.8448,31121.5701,2154559.717,582293.7686,49335.8246,25038.7063,42343.177,14384.141,5006.0371,15145.2349,50924.5744,11769.4291,5046.7526,12930.5148,2034.7367,75453.9501,10662.6454,7519.4749,3647.6323,2058.041,410.8708,4757.6456,1416.1282,14141.8909,11527.0576,23660.124,14777.6508,4292.4224,141881.9417,8204.9181,4680.7647,44829.1044,45477.6541,39958.1311,263.3487,652.6928,4425.1003,893.9225,3570.8104,6750.4285,4886.7156,7281.4374,25187.2276,70840.314,17710.2347,6903.3635,4313.851,216801.4367,222910.2957,33462.1492,5924.2327,6630.6973,10569.472,2519.9126,91223.485,159568.6932,71431.5829,87922.1614,28125.1631,116430.2198,1713.9286,88989.9361,2356.7987,2976.6281,9394.0065,57034.7328,51961.0696,18250.943,28624.5985,73423.5713,6197.4301,10956.4614,3195.5332,2271.2871,48877.4041,4492.5841,2501.2833,3964.5834,7478.1664,2293.1373,4377.3216,9663.7994,12.2291,471.2022,13571.7283,6063.258,7381.7754,10284.9744,2205.3495,2252.0688,2272.5537,2103.7631,2244.2876,358.9957,4008.4401,4141.0035,7055.6385,1141.1196,23467.8774,2639.7914,11953.8419,1095.9933,19833.2213,17906.9635,2640.4103,3204.2145,4815.2837,10050.4497,9788.3628,2016.8705,2284.6398,22594.2601,8091.3441,10953.1641,2418.5701,3081.3661,10733.5405,3749.4342,13991.7289,3370.8154,487.2813,2919.7878,478.8002,17374.4438,2765.2782,904.1993,53864.1963,3166.7789,14631.4889,2210.4773,193799.9658,41976.8179,3.3812,27859.5178,2907.3534,905.0158,2207.4524,29896.7107,3609.7427,19572.2584,1371.7686,51044.7802,23073.3873,16099.227,140.6883,32664.0039,19575.4406,0.9782,46445.0531,88135.5107,39346.591,30300.3797,2083.7389,5877.1178,603.3774
SMP_14DF309A1C8CFF2C1206,1,566299.6612,44832.0493,173072.7318,51831.5595,30301.9115,1106168.045,5133.6619,76559.9979,550501.135,8311.2636,3555.4587,3231.8149,3615.6889,23798.7225,1856.9228,14096.7002,15094.8965,8912.8474,7601.9979,70869.2232,11711.3667,61411.942,14972.2404,203449.9071,95025.6492,31206.1643,29746.0978,7540.1739,4178.5101,2267.5716,523.4133,9485.2118,1794.9869,72919.1453,11655.0265,15424.5394,854.0553,1946118.834,182671.2563,29054.6454,1721878.632,343141.9732,31975.3705,24280.6172,35398.3061,9539.9064,3354.7153,9748.1679,35987.7207,5780.1308,5897.4535,5404.241,732.1513,41401.8913,13204.5703,6064.868,4786.8031,1990.6367,925.9066,9885.1395,4295.8491,16571.9919,9983.3822,24938.4817,19779.2904,4059.9584,197845.6156,7637.5859,6461.7116,68979.4854,41849.3124,32252.2874,667.8073,907.6965,4115.8981,604.6107,2945.1225,5321.4748,3666.5,3872.3461,23522.2321,52471.4146,16443.5287,6340.9111,4821.8017,203090.5512,236707.0484,28972.3405,6404.6988,6759.3888,10669.4039,3401.6936,94620.7807,161207.7587,75429.0429,97992.0286,31988.5238,132536.3977,778.2889,64886.1273,2067.3455,3433.5588,11501.0565,68670.3553,62206.0203,16551.8937,22201.4198,65314.0506,6937.8922,8407.1248,4605.9247,1354.5656,42932.0808,4619.2094,4216.1088,4941.7308,7475.6718,4634.12,4469.2539,10212.5171,615.9203,2291.2461,19117.8956,6782.6839,11185.4218,11931.7278,2690.9712,3015.404,3156.9209,2841.0624,4222.471,289.7441,5722.7446,2750.8365,4396.5263,854.9831,11217.3896,1336.1757,10798.5909,829.4306,14251.231,8237.6635,2970.8349,3787.1169,4140.1586,10188.0478,13236.9379,1570.3698,2305.459,22661.0674,11656.517,11733.5214,2426.9359,4092.586,10717.4659,4328.7613,18130.0816,2036.373,1555.7355,4228.2454,1112.2602,18009.8157,2829.892,2550.1061,86165.6362,4992.0994,22961.2803,4239.9604,235964.5328,58221.7632,1754.5451,47288.8008,11438.3846,1615.742,3626.3802,48477.6251,6950.6337,32917.8999,3054.5388,78435.8595,38557.0609,25294.9552,1496.9816,54279.4119,34965.6435,806.6275,85797.6657,126032.9553,62449.3363,41354.452,5925.6686,14571.6383,1909.0072
SMP_74217387F6908DD8C2E7,1,576343.9447,42582.7466,163606.8108,52821.9329,26851.2289,1061738.691,5143.1136,76753.3681,593687.0005,6288.7427,2966.0032,2467.5038,1115.8045,24578.9698,1992.0236,11969.9452,20085.1881,15529.8233,8448.1001,110868.156,14560.3609,92837.5382,12736.1676,322464.6472,114848.5957,58305.7958,34462.6014,9683.6323,3297.0876,4010.39,612.1161,12097.69,1595.0144,82388.4317,13288.3668,11151.8333,923.5304,1794525.73,215681.8136,23332.0279,1596643.781,682001.6189,45517.2665,19670.0259,27515.6624,15262.8288,4722.8719,15281.5695,69342.2234,12654.299,5009.2269,12440.0888,686.4205,65774.9659,13208.7059,6168.6843,5227.8185,1738.0087,786.339,9896.9974,3607.9085,20789.4265,9556.2873,24580.8279,15272.0278,5509.5294,315901.8402,10915.8992,10705.4297,117927.5087,77468.5357,96285.5087,976.6876,1212.5132,6798.639,1825.6759,7752.0816,11096.7274,7609.867,6833.6675,29876.173,35231.7454,13461.4292,3834.8238,3593.5399,182211.1029,269275.6618,28132.5628,8853.5233,4776.3574,12311.0206,2862.4527,89854.8986,176168.0758,85050.5703,94824.9184,60858.5828,177350.2747,3579.2675,80307.9057,3276.3672,3809.9033,10111.6436,50546.3683,83348.5419,18595.8098,25815.4022,82345.2028,6592.0714,7538.7926,1904.8373,1641.6796,44561.8223,5369.2024,6357.6722,4895.9099,7832.1329,5527.791,5342.1933,17653.0842,1945.8169,2771.889,19896.4052,12641.5595,12501.0629,15705.7253,4830.4393,1627.4798,3621.9528,3475.4774,4900.0099,1278.3568,6420.6141,5202.6558,10347.0551,365.0719,27555.315,4541.0284,24390.3573,1649.7519,28399.057,20874.0468,3261.1112,4687.8068,4792.2974,12249.2782,17298.8344,2290.772,2172.9128,34846.5508,14120.7868,13777.082,4252.3376,4173.0661,13853.2559,5574.6579,23410.6118,2032.8023,2988.9116,4172.3437,1472.5143,17184.7939,3343.5948,2462.2515,75559.7601,3458.6624,18208.3558,3416.9114,234894.5761,56862.747,931.127,33154.494,8064.0591,1940.6034,1922.2712,42174.2329,5108.4543,29474.5777,1646.0977,73940.3402,27703.6165,27112.1436,1078.3066,47719.4807,29108.7922,639.61,77288.7587,105891.168,64715.6789,37233.0966,4513.4031,10303.2317,1619.2431
SMP_86C2E7668E48F227BE77,1,536701.7904,43536.5255,170279.6389,49333.2614,30206.2679,1076913.01,4154.2697,71234.283,697805.6808,8016.3821,3778.6072,3292.151,5477.5627,36664.9046,2556.6256,24618.9271,25043.2243,13149.6989,32568.4005,108835.83,13488.7254,94528.1516,24924.4687,283685.0054,153147.0412,40546.6698,32095.0338,12444.871,2341.6022,1845.9142,505.974,6935.6092,1287.282,52534.9308,4275.7974,11911.2453,364.2203,1667218.201,71949.8892,25535.2781,1339766.436,439388.3986,38969.9979,20242.6488,27511.3396,11754.5876,2108.7538,10792.6441,33977.667,7064.6347,3799.1529,6384.7155,381.2332,38634.3072,7394.8627,6371.8574,3197.9954,1668.5191,777.0413,24992.313,8982.2938,42665.758,27443.4,44815.5735,32544.4058,1413.6597,186678.339,3596.0405,7499.9635,85366.1025,41364.1983,61971.11,564.8453,195.4685,3924.7134,588.2857,3328.4377,4844.6312,2925.3733,3118.7039,28335.9671,15427.4995,7995.4704,3647.8795,4949.9073,172070.8519,285247.7239,26593.0841,2980.2721,6303.8844,15573.0594,2904.0483,80489.8554,197559.8644,97707.0618,90346.0306,75167.827,139713.9524,3080.0733,60199.2393,3153.302,4638.2607,13548.3243,61777.2659,73778.2496,19381.1318,19108.835,111899.3953,3944.9763,7998.2472,1485.7801,1219.5678,46463.5248,8245.0193,6390.4159,6126.9064,11059.2998,10825.424,5248.1975,17730.8232,3788.8456,4251.0581,27377.0952,12070.9034,15318.5398,18474.7111,3937.206,4581.4544,5258.1111,2270.4926,5721.4398,559.5803,7033.1647,2702.4536,4034.2622,1237.7692,10857.1548,2666.938,10817.1032,1471.7728,14975.987,10083.0523,4406.6251,11328.1679,9767.6557,28472.0572,31675.7064,4557.7823,6441.7073,61886.0144,32757.7194,17882.1151,4298.0781,8060.5099,27238.2241,11581.6717,22790.5656,2067.4928,3412.3785,4939.7792,1025.3466,16700.5517,2479.828,3195.7431,90894.0672,4474.1371,31799.3014,7495.5361,287104.9471,75813.6548,2908.2839,54070.4079,16821.8228,3069.154,2739.48,54339.7895,9430.189,35513.5682,2837.0189,93609.1956,31179.8993,32309.705,2292.0524,76476.5603,38553.5343,2166.7521,108484.911,138084.6251,65839.1187,49992.4584,6782.8306,13678.8338,2294.3718
SMP_5C3BF6D87C193A6385E9,1,573096.6811,43101.3091,171580.4624,51357.3735,27150.5145,1090546.289,4566.0395,72813.7587,628973.5619,6428.528,2362.3858,2877.2434,2100.4124,20225.0675,1356.3649,12045.8654,15891.8895,9930.6846,13730.9393,75189.7215,10275.9808,61832.1987,18629.8869,215372.0376,88765.7502,33454.9403,19374.3676,5553.0259,6477.6819,2702.0171,446.05,8173.7963,2190.0562,61453.2398,9697.0448,11714.0976,795.3227,2012357.969,192336.1868,25688.7998,1548267.147,508748.8078,45664.223,25915.3304,39996.1886,13611.621,4682.7671,13103.7793,59062.6622,14992.9417,6491.0099,8526.1451,999.9962,97235.1944,11226.4128,8272.8575,3717.071,1909.6781,367.428,10249.3127,4481.6998,22727.0687,11222.0702,30642.7108,18610.7222,3268.6545,222360.2788,5921.4689,7079.4831,79951.8421,41312.7868,60624.752,490.4969,397.2289,5074.2169,995.3834,2659.7562,5139.076,3528.2344,5252.0404,30258.0605,37096.3135,11921.1887,4040.5494,4265.2662,187268.9597,275664.1775,26802.6084,6508.6362,5361.4566,11555.2825,3094.6812,88453.292,178846.8597,80539.1266,101138.5515,50139.1918,169595.1992,2202.5375,99127.756,2266.6452,4136.6155,10997.1141,55313.4948,71802.8292,20645.9553,29084.972,118520.9795,6455.7563,10618.8872,1711.072,1825.3174,63842.9998,4930.8086,5580.1146,4291.5134,7665.9432,6528.3437,3793.8015,13851.8719,5622.8154,2124.44,19846.5966,8899.0065,10025.4034,13287.0244,3833.354,4591.3362,2390.4407,3061.103,3323.3967,239.8269,3467.7101,2889.1288,5795.4489,1613.103,17379.1163,1787.4009,13275.1175,1170.8093,17335.4895,19500.456,3430.5906,6026.5344,4689.9059,14136.9628,18375.0359,3730.9168,2046.8849,32901.0429,13121.2948,21683.3013,2725.5961,5334.3451,19633.138,7405.3911,16689.3859,2142.6515,2142.1126,3082.0287,843.4824,20913.4991,2695.6483,2641.7725,70627.9047,4224.1703,19482.0724,2843.7045,209328.992,48187.8358,1767.8775,34679.7085,8001.8095,1909.3817,3638.5212,51504.3575,6212.8542,30959.0674,2540.8261,76530.5063,29516.7068,28841.7468,806.1906,55310.6264,27586.1109,1543.8323,85631.035,116834.3826,60346.9226,36859.0167,3757.9199,8991.1446,2082.5755
SMP_2B4F381A4239D43D5125,1,587414.182,44155.151,171662.2502,56968.3035,30399.1799,1098725.602,5728.3477,71714.7449,576881.4048,9306.5187,3793.9043,5169.6775,5579.0726,39810.0639,3029.3974,20504.4258,20656.5809,13001.8089,11374.4916,95213.058,11688.4768,98840.8191,19020.4159,268340.0245,143505.9174,39887.3712,48516.2463,15843.2747,5346.3047,4425.0062,867.7004,11097.7756,1952.116,98041.5372,14783.1117,26902.4459,2018.7462,1967812.745,238149.2664,41071.5743,1897664.219,241726.698,23735.4178,29623.2729,47988.3858,8837.0967,3411.6752,7509.7539,37192.5351,8365.1502,7776.8383,10859.9119,864.7963,44731.4511,19597.9935,10694.836,7849.8554,2732.5986,1192.779,15027.3518,4751.2851,23568.2255,18250.325,32475.3179,27868.1777,2600.1129,192684.6502,5323.8374,5723.668,74584.4613,71078.1345,38546.3835,253.4966,301.4042,3417.3081,1903.1812,4237.5813,4460.6575,4331.7383,5798.8368,28939.9133,37247.2134,6289.1352,11034.6733,4292.0924,237248.5541,248710.4971,26433.3082,2344.4264,13273.5822,14810.1776,3182.9596,117500.9345,157162.6367,82223.3547,83834.9831,35607.599,141240.1324,2064.457,84413.3395,3197.7035,4648.4775,9335.7835,36370.9714,50010.2935,25901.7484,21307.8468,102680.7135,6445.4139,8989.0445,2441.0989,893.5834,45092.7871,5740.5644,5109.9257,5549.1006,11036.4411,4035.7224,9247.1448,13449.9657,2281.6886,1364.5084,18532.1348,9819.4441,12597.5289,11993.7949,4022.0206,2830.0617,3462.1376,3148.044,4774.8916,3.1623,5833.4135,3542.9333,5338.6081,1081.7325,10482.2048,2171.4413,13472.8373,1726.7221,14751.3619,16070.1961,3222.4016,2896.2938,6660.0985,13061.8433,9580.4289,1447.1667,2584.2894,27203.8672,11233.9973,12345.3255,4472.0377,5451.8369,15152.9252,6353.5608,12470.9915,2748.0336,1239.2879,3075.9319,506.3708,23734.6644,3326.5478,3544.1639,88087.7665,4413.7406,38776.5445,6469.0099,286234.8107,76165.5944,2780.587,56744.4896,11629.729,2624.6711,4284.0523,46452.9287,6269.0459,30179.6665,3635.9704,70715.9283,30230.9247,21895.3344,1131.1595,61517.8753,37109.3068,297.5569,79196.5602,133339.2123,61273.6331,43137.0202,5379.0746,15640.8045,2190.1561
SMP_79321169C8D1C43ABF1D,1,557015.1608,42517.3171,156293.0571,56819.7049,28994.7747,1087379.631,5418.8764,73121.7211,702055.2087,7627.1298,3665.2516,2306.1762,2916.7772,32065.8594,2426.1671,18229.8619,23639.0011,12718.0623,28836.1289,119758.4005,13012.9343,98934.0199,26695.2157,351559.2671,137737.1947,57216.3752,33884.4508,11915.3257,1646.0467,2294.7883,809.3587,12966.8289,2576.4468,97571.0652,12326.0237,19761.7005,1682.9072,2293145.932,214316.9412,36198.2024,1942439.586,969319.3867,81935.3691,28620.9365,43121.3499,22581.5573,2293.1316,17004.1806,42568.0284,13188.6925,6467.4849,11394.4981,1274.3383,111109.231,12901.4871,7280.8757,5388.1951,2269.8942,777.2541,12017.7681,3776.4079,22307.9206,10691.5025,29941.0847,14913.0384,3964.4339,222299.1852,5686.2412,9020.711,88867.9592,32890.9132,58800.5824,397.7891,401.4889,4202.0028,588.8132,3509.4723,7288.0742,2714.4145,5308.8835,20394.3463,34488.0518,19214.3222,2941.6304,6556.5979,183143.6371,341353.8589,36125.8279,3617.4039,4492.3586,15890.7493,1718.494,77206.9889,208474.3372,93304.3867,111032.6535,58041.8924,105690.9284,3470.8554,88003.07,3898.7428,2165.1422,14048.066,61578.6531,44106.3795,19871.52,23777.2963,99805.6845,4499.1237,10085.0819,1079.0876,1240.2412,48844.5044,4100.9596,5213.4505,3799.68,6248.7775,6851.4744,3834.3709,18338.6704,4644.5288,3600.6402,14234.6709,5366.6083,7658.0504,9233.7642,2070.7749,3920.9103,1624.3545,1906.9432,1894.2086,233.3551,3223.6864,4828.3243,15335.9284,607.6578,45181.5745,4251.2554,16131.9816,2103.8185,25668.3415,28956.4722,3963.7451,8095.8584,4387.5476,19948.699,9656.2874,2385.6661,2327.9436,18276.1875,8720.0881,18055.5776,2899.2883,3722.6515,16423.5712,7776.207,23672.2389,2197.264,2841.2009,4169.1851,666.3045,20894.0891,2458.3838,2420.1257,65552.1662,4896.1628,17835.0226,4418.9832,226704.4608,63371.7119,1947.162,44126.7008,13019.0716,2870.7905,1704.3235,51158.01,8518.8568,28619.2343,1669.6399,88839.8064,24252.2538,31249.8455,1651.1869,60476.0788,30962.1951,794.4659,103283.8902,113392.3916,70375.2279,44654.3062,5265.3506,9084.8036,2071.0933
SMP_F897BBF424B7973635B0,1,572497.5427,38110.7212,158803.9662,51767.6308,31491.3099,1037489.187,5908.1603,79646.9245,594959.1995,6573.117,3335.0568,3116.4721,5878.6974,33830.4287,2878.5999,16258.1037,19797.8616,10821.7218,17982.9055,99560.8022,12292.7131,92237.0009,20883.0327,330543.5577,164312.5301,46550.3737,40423.7933,9811.134,3936.3226,7525.2915,593.5305,13598.4475,1879.0934,122495.32,22848.0108,18751.3155,1243.3874,2580000.094,386029.8647,38912.4075,2449699.194,548232.7212,46657.9163,28087.4917,66683.9311,14574.0565,4581.8586,16037.324,46845.1189,21567.7134,5361.4019,14760.5122,2338.373,113977.1695,11959.8197,11204.4765,5219.0384,1790.5494,1072.6912,9117.5033,3519.8114,16234.5572,9636.3169,27778.7016,20967.1619,3917.087,236369.9423,10275.7715,8916.1152,90171.888,69877.6587,62403.4977,516.9942,418.6659,5580.6742,1119.1504,4840.8212,7469.2283,4312.7754,7731.4849,30249.4077,71183.7963,14116.8781,8057.2575,4965.2811,231356.4128,293232.6333,30299.3488,5239.1388,8579.6906,14922.0266,2751.9104,127566.9577,183479.9429,88202.7699,95130.0891,52553.6187,117928.7292,2619.7869,123604.9628,3170.6926,3569.5659,9542.7977,53970.0093,44198.5846,19991.8649,31117.9658,104215.5452,4871.7032,9995.4734,2259.6708,705.918,62515.9177,6312.7937,6379.7256,4786.548,9106.8504,4048.7716,8549.5639,17831.0728,934.6065,1180.8974,14768.207,8872.3693,7439.5472,10342.8721,3098.2407,2806.2564,2186.7625,2062.2365,2679.4136,459.6331,5386.3921,2944.6071,6676.3554,163.3822,15119.6168,2113.3185,12288.5753,1622.8421,10249.1651,15664.1071,4644.3718,7166.0359,6610.9926,18231.8174,14383.7815,5141.1705,4707.195,32901.9478,11548.1974,19074.2205,2792.8556,4428.004,23346.6205,7329.4551,23265.2926,1595.5408,2349.9654,4832.3895,1104.1087,27531.1414,2459.957,2465.0792,68173.5121,4088.6045,20151.9464,4089.1365,222985.5746,52006.5231,1043.9544,34816.5769,7004.9135,977.7179,2283.0441,41910.6632,5136.2728,22929.4211,423.2395,62175.1162,26971.0226,17227.9292,440.5525,47682.9439,25269.2091,804.3608,79427.1458,131020.2831,49590.4896,37221.2541,4657.6051,12386.4305,1877.447
SMP_3B09F39E6B1156814978,1,530712.4557,43963.0565,159445.8816,52287.0334,28588.9267,1091147.69,4896.9135,69598.2946,556900.9791,8992.1081,2433.8038,3048.1558,1944.6337,20718.5912,1883.8027,13875.1464,22660.0077,16604.2016,4542.8449,98872.0361,20532.5852,93289.0328,9036.1668,265754.8674,188593.8945,51926.4323,37095.1801,8191.8772,3665.3089,2642.6304,475.5951,7798.3799,1782.5376,38249.931,3752.5796,11678.6345,721.712,1357989.391,53303.4596,21947.2949,566704.1141,143102.8929,12228.308,24884.0369,15348.6158,6454.2093,2185.6544,6164.466,36076.8744,8357.2653,5123.977,4788.6832,341.8872,31411.7326,14827.8883,7493.8634,5761.1779,2374.1258,1142.4887,6534.41,2641.7271,15703.2025,8316.0073,20816.676,17842.5293,5566.951,250169.7673,9381.0017,11348.1979,119110.6846,69739.4501,52790.129,1319.4311,797.5961,5132.5474,1824.9428,4437.1325,6784.2235,5669.7573,8032.4048,23999.9717,48063.2753,11706.5627,7135.1847,3485.6034,215136.8742,228776.8792,25803.6569,6522.5677,9800.7527,15025.8141,2566.4865,135934.7315,206156.7386,90404.9607,84089.1906,35269.5579,137541.478,2090.9644,113323.3887,3471.1405,3489.7189,19018.0243,70678.1805,76862.4325,30553.901,47579.6533,96691.0718,10064.9429,18823.2458,3471.4733,1922.3031,63769.3446,7311.3146,7544.4671,3869.5763,6397.7809,4667.0699,5796.7837,12189.6162,1835.238,1851.3297,16436.2809,8771.9386,7552.1881,10693.1691,2871.9159,3108.639,1665.218,1943.5069,1810.8657,149.4518,3483.9335,4943.1558,4819.3713,570.7873,22835.0193,2364.626,8855.3305,874.8594,29075.0101,18420.6973,3259.2774,3725.0709,5002.5422,8243.5431,13690.8098,4053.0964,1781.8166,21699.6874,13157.3315,16856.663,2358.1499,5261.5753,13952.5555,6906.8731,10040.1114,1428.2474,3514.2212,9027.2958,1676.6429,16760.6233,3385.0248,1696.2699,67676.6648,5631.2112,18267.784,3156.4721,213229.2403,53645.5319,427.1877,34363.6101,8527.5401,1157.777,2564.5755,41203.012,5659.7795,26566.4195,573.2351,64264.4544,35139.5341,19070.931,1436.8811,51038.4056,32235.2291,1237.3562,76749.5393,137749.4561,53908.8533,43784.4314,5216.5172,17677.1625,3739.0053
SMP_8919127FE4FD00A38109,1,529401.6438,42046.7799,162138.9478,53864.3226,27896.284,1045402.363,4485.9004,68876.0572,632958.1733,6551.9599,2926.6572,3329.5299,4009.696,31018.9011,2812.0693,17398.4274,24713.6174,14710.714,23070.4994,127233.2816,11612.0285,112430.6413,21640.4838,329730.5123,152458.9614,66264.6347,44943.6363,12476.5397,37.8219,2688.4837,737.5876,11047.1563,1434.4623,67817.1128,6212.888,13383.6757,751.5489,1894175.706,138293.0124,31330.2118,1756408.791,729067.0172,46159.5227,23851.3568,34716.0975,12640.8732,2650.747,10341.0186,44648.4648,6927.448,5219.036,10993.1421,817.507,57914.3063,10814.2518,6419.6361,4216.9361,1526.2799,961.2178,18599.0223,5673.8387,31854.0916,17744.7269,33911.6643,19290.4874,3946.1587,236952.053,4864.3748,10423.5742,119702.3481,42713.1951,60283.2802,900.1588,180.4579,4816.7753,1061.4012,5721.7015,7055.943,5491.5192,6273.1071,28177.936,29602.4077,16596.7704,5606.3552,7313.8209,188410.8026,302915.9127,31405.7279,9109.9036,6784.5198,15240.8844,4971.2822,87249.9026,221588.568,88114.7291,103916.87,53515.9444,173884.9337,2160.5712,91834.1085,3771.5169,5660.3209,12312.804,66182.6256,96080.0476,23496.0926,29014.9581,119337.2812,6365.3196,10263.719,1511.6606,1391.9593,52876.2986,7114.1869,4817.7157,4544.2602,7124.1795,5094.4169,4766.9959,19211.1807,3940.3988,2438.3104,18911.8146,10410.8247,10902.1218,12073.4526,4068.1747,3104.1858,2402.6986,2109.1043,2764.3963,223.7126,2567.0254,5996.8176,8412.7981,1195.5876,26471.0811,2855.619,20601.7914,1233.1322,37822.7768,21438.0409,3073.1773,5932.0584,5099.4289,17605.2414,17667.011,2803.6142,2550.003,37834.0888,15942.5617,15409.6582,3803.0459,5471.2506,17054.7031,6673.8932,18947.0006,2124.677,2968.0435,6936.2358,1400.9383,14210.0886,3474.9553,3527.1062,73406.9676,5882.3096,18638.5501,6157.8882,259999.0838,83896.7081,2223.4824,48019.4076,17226.6257,4613.9194,4136.9959,50376.0104,10038.958,30400.1756,3056.7594,89129.7649,25920.1514,41941.2076,1533.6535,61794.9633,40893.2655,949.7047,98273.4916,129601.5033,81802.2195,50941.4853,4885.4787,12368.1709,2001.7683
SMP_474298A5D537B0B0E7DF,1,597458.0302,46652.1255,153716.4109,52042.9533,30654.1215,1106224.591,5288.9031,75969.396,564409.5548,7380.2171,3876.7148,2961.0065,6269.9044,28409.6377,2037.26,14309.6088,15796.1161,13917.1671,33588.2101,85740.7827,15157.6398,99859.6137,43477.3167,265343.4684,144251.7347,32305.4388,35666.4936,8881.5529,6410.1539,4723.6359,668.5678,12995.067,2639.2472,131099.567,29794.0297,20744.7085,1519.9749,2590003.096,477051.9961,44175.0801,2558333.16,359317.9394,40008.2823,36335.4276,56703.4447,14709.1145,9400.2779,14369.587,104510.6259,17041.1179,7569.4085,13912.2732,1104.2496,121909.3711,16246.2446,7835.1885,7319.3457,2584.9931,1070.8691,10508.4537,2602.0815,16507.1313,14397.4933,27090.4529,16902.065,3888.5442,231600.0259,12293.8344,6016.0046,68405.7922,59274.403,34678.1688,549.7654,128.6206,4409.4774,1197.7649,5160.5921,3633.2677,4613.1174,6957.5755,34135.8443,77463.8769,11344.37,8129.8869,4010.0936,263477.9748,260297.6479,27179.6684,7029.4668,7453.0516,9691.6608,3495.6504,126476.9242,162542.1234,80332.0432,96062.8979,31478.9344,162115.0048,1017.7946,141293.2043,2122.9168,3976.6413,11776.205,56043.5188,69920.4304,24919.1462,40828.1804,103132.605,7167.4912,9550.0125,4241.8835,2546.0096,50651.5241,6922.1191,5875.538,3220.5236,7385.4127,2322.6591,6112.9862,10876.9891,11.432,1040.2072,16464.8895,10707.0441,9086.6436,12425.693,3589.376,3324.4491,2201.8649,1934.9552,2886.997,3.1237,4319.7929,6210.3415,7409.8562,686.7069,20435.628,3148.3837,23539.1304,1514.7255,29348.5743,41460.224,4632.6054,4734.9104,6037.2785,11361.9274,18870.1237,7736.8385,2826.3041,37565.7738,16943.8457,21923.9478,3437.0965,5916.4258,22063.1748,9303.8915,19468.0389,1415.8494,1900.3932,3011.3313,961.1194,35342.8684,4106.918,3567.0138,81536.8629,4019.8509,18626.1579,3820.913,221464.2794,55306.4305,3058.6573,34373.5455,6860.1003,937.0865,3172.752,36803.3714,3014.9163,31663.3812,2540.0991,72224.2118,36139.7879,15004.7135,1098.7374,61460.9199,28710.9795,1112.6239,82943.6781,130880.2236,48603.2395,36403.2045,4455.3984,11812.9903,2052.4995
SMP_09685E060E8452A6F504,1,575566.3678,47342.1888,178715.0622,58617.9828,34970.8467,1198571.623,5172.0813,78772.2164,612104.832,9815.8798,2652.7972,2629.8276,3322.2093,30088.7358,1633.9112,14777.2903,17712.0386,9013.6214,6540.42,86061.7373,7331.2579,74319.6569,9691.135,241177.4874,108042.218,31258.1699,30562.4813,7460.8281,4397.6735,3021.3436,592.1757,9044.6089,1453.1089,50291.2161,7258.3371,12582.7714,1082.6237,1545655.561,129727.06,25401.247,1299877.896,666698.4179,46443.0859,25755.2894,28006.7318,11931.2897,1909.6545,8636.7729,36278.3329,5127.3217,5275.3705,10635.3673,638.6103,46511.7471,12575.5358,6062.4289,4311.9815,1810.8783,1106.9045,18903.9215,3367.532,20616.4876,9058.6665,21827.3281,22251.2729,1581.9329,168292.6072,2938.2225,7145.7555,82329.9499,36794.893,56850.1569,430.2901,3.283,3668.2507,1015.0398,3595.0056,6546.2471,3877.9118,4277.7736,20118.8277,14490.6755,8081.6352,3551.4692,4000.4304,153699.6589,247875.2885,23357.1926,2229.1484,6304.226,15751.1496,2048.7513,75226.7785,180496.1256,91215.6338,90855.8586,58107.1816,113678.0797,2810.8868,39968.7302,3015.3773,4465.1151,12423.0035,56369.2398,63654.1665,15544.7089,17683.672,69404.0507,4143.7345,9640.1716,1837.7122,1629.7714,47004.5796,7085.5013,5403.9596,5476.4246,9342.1396,6111.247,5408.3314,18706.1721,5089.5125,2587.9327,17204.9496,10824.4628,10216.1657,14019.1191,4706.0407,3566.8235,2834.58,3369.881,4549.8565,1095.9889,5893.8139,1902.3123,5494.4698,785.743,14697.1371,2320.4375,8904.3965,1271.687,15920.2439,14374.2627,4264.0369,10887.886,9132.3202,32580.637,22267.1987,3520.4409,4346.9595,49546.7064,18631.4375,16652.0326,6482.5144,5899.3621,32133.268,8999.5972,15767.9257,1636.5253,1999.1732,4253.0662,679.5783,11288.501,2592.1662,2538.8916,68549.7611,3691.305,25685.2801,7277.2802,271562.1635,49438.6351,1034.5674,45304.3266,8012.7446,2788.0551,4137.126,48757.2921,7853.7192,28322.4621,2493.6263,79261.0526,26290.386,32800.8566,2131.32,57043.787,31284.7551,372.9343,81320.7373,125726.5936,63144.3161,42859.6059,5335.2238,14385.6681,1545.1454
SMP_55150EF26F678AA452BE,1,581624.6144,44941.8768,170570.9158,54554.3832,33032.1948,1054807.961,4961.1003,88164.3347,552444.483,10314.6374,2792.6551,3564.5629,2987.278,25317.0079,1694.9292,16054.155,16215.5757,13205.0298,8194.2685,89689.1425,10607.2397,97149.7334,16056.5279,231020.224,120665.7912,34272.9696,38927.2849,8462.871,5047.7946,2534.1192,470.3444,7228.6531,2025.1687,74579.7468,7338.9672,28207.1002,919.9336,2018753.349,141687.3781,40254.4663,1910840.638,301382.3558,26014.5787,25812.1744,46373.2501,8838.1875,2900.3316,9488.9489,43435.3772,14034.9864,7439.738,10680.6814,1014.27,61008.6028,15669.4924,7928.0526,5905.6363,2346.8685,835.5389,10975.2104,4118.4531,24335.8597,16921.3984,30565.8032,22564.2743,1732.1857,148957.661,3576.7174,4864.999,52935.7176,35727.3035,34257.4602,593.4324,2.7685,2527.5166,365.2975,2903.6326,3848.3339,3492.9288,5628.9353,24481.5744,20862.4934,4885.3808,4892.2466,5075.898,183399.0387,236969.7284,19958.7482,2809.4912,8857.2151,13362.448,4328.6497,76432.4396,147375.7524,64590.4767,72360.2281,36807.4503,145899.5931,1360.1176,124779.3498,2701.9944,5622.9466,8765.2404,45503.4708,66723.8991,16950.8275,38369.4905,74200.167,4020.2608,7056.9282,1905.4424,879.888,37591.6311,2264.2005,4989.1066,5658.7157,8972.0925,6128.7618,7317.8742,16037.6803,3006.1696,2980.2985,23712.7226,12765.9396,12753.4465,15674.6537,5215.713,4893.0115,3926.151,4004.8992,5053.1278,303.8587,6858.3005,1716.4495,3511.0745,484.1672,9902.7069,896.0498,9189.4751,611.1919,13545.8728,15777.577,4734.6105,8732.0543,7548.7674,17633.7212,31635.1206,9318.1645,3684.4762,45907.1895,25586.5219,25444.9362,4483.6231,7905.2759,25952.6627,9716.5224,8069.1407,987.8385,1938.7144,4731.2061,856.6537,13627.0437,2035.9989,2710.5055,81112.2071,3942.036,31329.92,6110.6133,274599.4336,62397.9812,2999.1567,59452.0492,12408.0845,2434.2304,5719.4318,50982.2025,8017.5404,38085.7252,4337.3792,81103.1597,34833.3763,30510.08,1322.9443,76771.637,43740.1103,1263.0278,89361.0904,128835.0268,59288.2167,44804.191,7320.0659,16715.4138,1352.7112
SMP_586678C0C50243C0FED4,1,588982.8492,46004.2332,184144.2509,53022.7075,32684.0761,1157693.027,4957.7825,73894.5994,623584.3815,8446.7208,4656.6619,3606.5324,13387.2841,92071.3455,1400.5082,84409.4936,24933.7782,8113.2804,13377.7126,76903.5767,9701.8842,70673.5742,23298.1259,256596.9557,110202.1667,30677.3441,32899.5093,9941.3861,6859.7327,3358.4548,643.5992,16601.4426,2218.6987,58031.4297,8057.4461,9976.9339,879.6592,1513962.795,114513.0803,34803.7157,922125.2666,158788.1666,16439.2285,129410.6105,14245.0818,4697.2411,3828.0075,6896.5804,32852.7762,10522.1287,73929.8495,36111.4064,725.9412,46061.1729,22355.9912,5071.902,11382.6853,6933.9391,1260.5754,8160.4618,2086.0164,16169.8821,11654.5705,29685.0224,17362.2405,3315.3042,177496.3966,8354.7858,5959.9151,60333.3643,47241.098,41350.8653,466.1847,3.384,4018.0233,392.3509,3803.99,5951.8793,4068.3618,3910.3967,33033.5201,68871.1173,9645.9072,6455.7531,3293.0355,234585.1446,262023.8212,31402.5857,5547.6249,6633.4087,10535.1718,2460.8407,134622.4772,180340.0734,81067.8696,92329.6236,35472.5026,142433.6756,2254.7845,106966.4254,2386.1994,3345.4381,12321.2034,63922.5368,61727.4375,18711.0727,32767.9583,88390.6944,6548.0615,9106.9717,2986.2257,1834.3705,51349.3904,6244.3161,5937.8838,4709.6439,8030.4414,4031.3346,6126.8091,16966.8306,1947.7512,853.5002,20711.3347,10273.1923,10006.0783,12465.8802,4064.5967,3913.9676,2918.3556,2930.5106,4076.1152,3.5065,6816.8391,8364.3431,9279.6037,625.5523,29544.1465,3245.3204,19176.3605,1653.4057,23910.789,23074.6845,5229.8107,7766.677,8620.3444,18679.2163,22772.5548,5890.7675,4603.3156,44059.8888,15664.7525,17507.2782,3846.5865,4960.0073,21312.3031,5753.2359,16253.6224,1788.9033,1643.0696,4919.3656,433.601,27102.2832,2767.8188,2194.7204,64712.8574,3812.2785,18822.919,3641.3518,233919.6226,50269.1003,2649.6792,38144.3151,7836.0387,541.5186,2230.6954,36183.1437,3506.7408,23036.3813,630.843,72129.7946,24283.8321,15108.7292,736.7004,53390.0071,21440.946,2288.9598,99583.2661,120326.4835,48201.7234,32782.2976,5185.0469,10953.825,2393.5501
SMP_A4D469D41E0039404360,1,635813.2897,43527.2312,185399.283,57845.3765,35095.4968,1182853.562,5826.9974,76189.4286,641022.904,10738.6368,6215.9856,4464.1669,6052.4695,40228.7579,3003.4685,28903.2555,30353.7792,18389.1089,28875.7826,115896.5216,11992.0968,109415.8287,28530.0615,275975.8607,114790.7283,33694.7842,47588.4728,10105.7874,3928.5865,5642.766,839.2861,19875.5786,2500.6702,133775.3815,30449.8141,22084.5566,1981.1191,2445293.232,410375.5909,41047.9923,2228048.102,292605.2431,32113.633,32502.0574,35081.3331,7711.9542,4226.5168,10343.0788,32741.4431,8237.811,6632.161,7684.8165,797.4038,60329.3308,13730.0958,7539.5286,6789.1977,2680.9736,1007.5239,20651.9253,6111.6779,34635.7616,23330.1808,46549.5243,31482.4477,4340.1767,178081.6649,7370.5574,6898.3363,73510.5563,45688.703,31025.8531,347.5967,5.0541,3250.3186,761.7914,4544.8755,5552.081,3325.4313,4038.5086,28590.7433,71227.8819,12526.9025,12420.2212,5754.2469,234101.9101,242985.9832,35103.8844,5457.1235,11213.0385,15647.2348,3671.7529,147465.539,186269.4396,85247.4486,96138.6106,36969.2658,118882.3193,2575.7541,76264.3824,3984.8283,4430.7212,12613.6302,65845.1663,53055.6004,17935.796,21892.2132,86704.644,6830.1189,9116.6182,3703.366,1760.4236,45733.4855,6608.0407,4841.087,6056.8357,10238.5072,2466.3521,7118.2397,9647.3052,1232.3566,1425.0012,17581.502,7051.0595,12675.663,12051.0547,2523.0546,3446.1691,3485.0086,3440.4883,4917.6402,104.9777,4937.2584,5893.3489,8485.8562,903.8999,24888.8226,2961.6568,16655.7999,1895.1445,20591.5322,17571.4693,4018.2475,4965.7188,6917.8917,12958.648,9004.8789,1105.942,2912.6475,17566.0506,7461.4747,10169.7151,3284.4246,4074.5951,11124.523,3981.6977,17508.8969,2024.6399,3793.816,6138.6373,1077.3596,26840.2779,7719.8541,4538.5909,105537.0648,7100.0404,31639.8355,7216.6095,289136.1177,59503.9036,2687.4093,54285.2045,11417.9159,1502.2197,4627.5143,54171.7509,6334.2129,39374.0473,2996.3652,87173.791,29961.3806,21005.7373,458.2875,73793.1605,36310.1417,992.6894,91664.289,125004.5305,55638.5821,30759.9096,7284.8065,13962.0278,1420.1255
SMP_1D9DA886321D1D3B268C,1,575845.1719,43666.9106,167668.8664,52180.3887,31100.5331,1113999.692,4806.585,72521.432,615608.7629,8580.2171,4214.1683,4199.1785,6524.3378,43228.15,2532.8218,21241.3805,25334.6222,14274.068,25008.1591,122063.2941,14144.0402,128210.0879,22334.6976,375009.0026,212740.096,44062.093,70800.5357,16449.4854,8488.0019,4503.8766,742.0605,15760.6914,1875.3912,84307.0011,14758.8901,15245.2263,1261.2839,1756494.918,237376.0129,30611.183,1768777.609,373823.5523,47309.8935,21228.1055,40833.4912,12239.3259,2576.0384,9399.283,25756.1874,17234.9326,4643.0317,16449.2324,1747.6346,74488.8012,11348.616,11199.4173,4119.1673,1447.1345,852.8456,36505.2391,6069.7151,37004.9553,28057.1009,55592.1165,41966.7709,2964.8919,242017.3723,7092.0354,7546.2158,86653.7934,58848.0905,59751.3723,708.2453,987.5845,3856.1782,1161.4024,6654.4732,5556.6816,3461.8612,6556.9337,35517.4582,42526.4192,9414.0941,8702.6835,5180.4877,238524.6037,314249.4258,37260.9249,2915.9316,10492.2529,17219.8835,2939.4814,102481.5223,182992.5925,80505.1785,90716.0012,46763.6289,128688.7582,3339.7578,153915.2616,3599.3625,4215.8759,14661.5942,51356.5908,53172.4365,23250.121,45978.732,141360.3818,4327.2017,10738.8531,1639.5291,1213.4694,60544.8364,8136.9921,5857.3231,7139.5039,12861.8034,3584.7888,9626.5882,17237.3851,3354.1792,1897.6372,19009.0461,8815.2307,12156.3335,12825.2188,3787.3919,4332.394,3864.6138,3368.5703,4084.7107,876.5096,7345.1944,3166.54,8423.4317,849.0746,16135.8216,1814.939,17052.0222,1710.3378,17828.4447,21917.3296,6017.8823,9394.1953,9472.0339,22972.2284,19370.7829,13998.0369,5528.8342,31212.3165,13714.676,28111.8155,6285.2536,6614.5859,32882.7595,11842.2462,23488.0762,2005.5125,2845.5735,3532.4892,1004.4963,31695.4602,5191.2634,4644.2032,104277.1692,5271.9069,37923.5791,12228.6604,334172.2227,71461.1222,2460.5243,53969.7583,13319.4607,1136.9519,5072.7601,53741.3939,6443.9612,40620.9012,3126.1651,94614.3538,39074.3871,24793.9609,1159.5489,95945.8493,42323.2046,1203.8642,136927.7972,179390.326,77762.4442,56736.9755,11958.6249,28914.7696,2634.9281
SMP_D2E712C5D0680D7257F2,1,613822.4051,47206.0509,183045.8373,54641.2295,32193.544,1196576.376,5337.6478,74995.1672,697263.6125,7495.8801,4569.5655,3314.5316,4210.9262,28162.2261,2246.7152,18729.8002,23097.8969,13673.196,26399.1281,112410.1737,14122.2202,89230.3598,28553.1357,320651.6658,135162.8557,40679.5239,48283.4489,12764.4172,2828.1006,3879.1419,767.0721,15993.7825,1254.2843,61139.6828,8358.1588,12261.2497,726.7924,1282068.413,105832.0276,22393.5471,1046043.258,289975.8274,26517.2738,18569.48,19864.5568,8071.9701,2828.8191,8711.7843,56852.3323,7529.2614,6479.7954,6608.7661,285.9534,28250.8455,15829.5878,5587.5296,6456.1992,2216.3221,1389.973,13542.0076,3270.7682,20086.0874,12559.5086,29464.6058,17732.5725,4570.7702,212555.02,4762.4016,6793.8977,74292.2109,36636.8089,44257.3925,524.4669,626.0211,4065.9001,621.4517,2976.8194,4966.5308,3456.293,2664.9053,23132.7546,42598.575,15243.0471,5418.9867,4604.4897,209892.162,289585.3883,34850.091,8004.6631,6544.8555,11434.9135,2883.4626,113715.0914,198177.9159,87147.9985,105835.7092,55332.5577,161619.7385,3647.8454,96434.8215,2542.8628,2627.6678,15999.4275,72976.9742,64266.6535,16455.7614,26119.2119,60043.4788,7634.4657,8544.899,2539.7613,1660.8162,32501.2154,3410.0863,4686.1402,4403.9131,8626.0245,8723.6364,4768.7976,12546.9461,4005.9196,3399.9957,23539.1428,7691.4741,12017.8491,13878.995,2725.8544,2331.6613,3148.473,2574.6914,3530.8487,3.1063,5872.7057,4956.0569,8423.4469,1598.0083,27419.166,2906.3788,19319.9923,1877.8282,24339.9785,12775.8054,4390.1563,9908.2394,8339.2,20591.6432,23469.4272,4250.908,4945.0401,37036.8984,20592.0829,15837.1641,3883.3673,5716.5771,12936.1012,5489.4869,15734.7547,1684.3287,3399.5447,6815.1525,1060.3608,14240.2011,5087.272,4353.4103,91059.6261,5946.5502,24316.5026,6706.2896,250913.7804,63159.1931,2584.2503,51805.8456,10247.0518,1554.541,4190.2615,54256.0247,6344.0305,33133.5107,2730.3093,90125.8946,34319.625,24100.853,1054.5153,64692.9733,30710.3238,1495.1038,103330.8892,125736.2198,63339.1467,39311.0612,7719.6933,16213.2723,1561.9334
SMP_23B9E898D1170F562C3E,1,518906.2502,41945.9374,157349.2626,49499.0993,25618.68,1013831.061,4629.8037,55843.2441,502494.1689,8608.3065,4285.7814,3920.2539,4263.8657,37078.7006,2164.5767,20550.73,24942.3333,15562.9541,15600.1369,108333.99,10830.9792,93379.5583,18040.564,235901.1936,116351.6714,38446.7947,46329.977,9317.1331,8849.9348,2953.1798,873.5592,11574.8288,1034.4387,70419.9006,10793.574,14802.3703,868.1705,1672622.402,122439.0359,24186.1343,1137869.584,232622.5429,21560.2686,27654.4595,20955.0114,5779.7793,2413.428,8349.0035,37738.2752,3887.4311,5380.5932,8484.1906,273.9175,30084.882,10554.1317,6613.1455,4003.119,1516.1006,1077.5529,14087.1553,4250.675,26991.4956,18075.8508,31055.8201,21999.9367,3106.8447,206509.3611,5106.1798,8312.2552,86005.1565,41175.2029,45592.393,436.1302,274.3619,4563.3726,1415.6125,3519.6549,5503.4721,2939.097,3404.7381,26722.0597,32879.2,8968.8582,8535.9141,6518.0776,191627.5752,244465.371,29253.2067,3350.1774,7773.1493,15802.5985,3302.4909,103819.251,173627.9741,83460.0361,110786.1724,45624.265,127649.4353,2503.1904,59366.6437,3496.7331,4432.3362,12600.8006,71471.8401,59115.1693,20006.6641,20132.4236,67415.0586,6402.8795,10519.9574,2809.8686,1210.8886,45831.2901,3245.5949,6118.4999,5491.3534,9091.4499,4772.721,5400.1054,13780.6445,2105.5978,1370.5147,20395.1843,7564.5563,14274.5558,12402.5744,2915.7186,3402.6006,4516.7783,3273.7906,4906.2511,567.516,6511.5249,3302.7407,7743.2485,496.0617,20051.8888,2543.6578,12344.5519,1510.219,18041.2285,13328.4373,3061.7692,5158.7745,3735.6574,12332.3037,10031.4888,1063.685,3255.0528,21312.4728,8644.4783,11974.8316,3156.8258,3982.9367,10372.7245,3830.9242,14413.3227,1552.9497,2898.8181,7424.5134,553.161,15594.5238,4331.8937,4113.8236,81645.9091,5343.6777,30694.4126,7121.0479,267891.5994,61889.4597,2612.1152,58356.6052,11593.9476,1796.0375,5455.4477,54960.2884,9306.7798,37781.2035,3248.6657,88203.1656,30552.9194,30090.6623,945.7761,67299.165,40287.0337,1469.8476,82095.2056,121681.427,61243.4118,41756.1122,8502.4498,17200.6104,1778.1313
SMP_352FD40A868E254FC12D,1,514331.049,47906.2847,158825.6427,45955.0575,28422.4437,932621.9382,4304.9429,71054.7856,498981.6612,8083.5202,3357.6514,3552.6993,3745.2972,37168.236,1999.4321,15486.7229,17358.4944,11946.0304,9657.6047,100643.2806,8707.734,85613.8868,14754.6692,247741.0012,100532.3748,38358.3213,48787.2596,11989.6306,4578.9408,3112.4154,626.2147,11067.9363,1881.6163,93088.3922,8544.7412,18317.4859,947.9647,1823577.654,116252.0216,31841.4448,1639594.213,381343.2518,38867.3526,22018.1096,33632.5975,7233.1069,1996.2536,5959.7032,25454.0619,5193.1298,4946.6394,7366.5756,1090.0245,28136.0098,9704.6732,5683.8256,3759.2806,1670.0154,708.3895,12402.744,5484.6888,32169.7134,20128.6011,35099.6514,26208.3156,2325.7289,140462.1051,2669.854,5739.8742,56503.8602,31387.9785,42036.3906,551.7709,3.005,2767.782,656.864,3115.8316,4642.5631,2311.3916,2583.2103,26427.927,18740.5505,7878.2456,6777.2207,6213.9883,168453.7721,248819.1203,24026.4709,2079.5964,8080.2346,15191.5022,3046.1682,81103.9048,170563.4806,74826.9754,80347.7611,48351.396,114382.5194,2484.1574,65245.9063,3598.7672,4004.4145,8916.6532,43719.5249,58339.6292,15890.0756,19081.7498,62308.9491,3448.2632,9405.9089,1173.3072,983.9009,38431.5875,4199.8931,3352.8385,7917.3404,11745.5375,6976.0059,7154.7997,18872.9716,5224.404,3454.5009,20563.8099,9586.6042,14617.7258,12425.3135,4047.4545,3993.6339,3979.1127,3855.0629,4607.0797,365.7534,6460.7853,2266.9514,6408.5567,1268.8083,13237.1354,1859.8609,10049.013,956.5636,13555.0943,13100.7841,4576.1036,9363.7835,6958.9005,19060.4444,17396.3669,3584.4472,3295.4781,32943.4548,13307.0805,16181.6781,3244.9268,6714.9592,20011.1125,5612.0849,12254.3542,1128.994,482.0183,4456.562,694.1946,12766.214,3468.7119,3899.2325,81894.3372,5161.3979,35130.2828,7009.6784,281455.0042,60546.1988,2978.8815,52530.7076,9364.7969,2408.1102,4526.3868,47802.9183,8550.5885,34859.0401,4373.5416,83173.6024,30552.4851,38520.9609,1664.6933,67296.5903,42850.4495,409.3431,84596.5869,116653.7265,66249.3252,40212.4331,10137.3671,17282.694,2097.2585
SMP_7CF2EC80D842DAD3681C,1,570185.2491,42368.1598,152932.3184,52644.9108,28140.9651,1009783.852,4578.3848,63088.053,532009.8538,8903.1521,4032.6389,3205.1334,4954.3579,31458.7879,3476.5562,22640.5526,28070.007,17762.3066,34289.9778,121144.3755,14797.5007,117480.5109,32292.0311,253553.0489,118816.5977,50857.144,49064.9533,9982.3574,2536.384,4547.9772,613.6724,13947.2954,1801.9888,103574.203,18321.4494,16581.7226,1213.4932,1654779.913,160900.6983,25514.0758,1455774.237,285455.168,29474.3004,17305.8972,18903.5508,5338.1867,4991.8561,12705.0989,60990.4084,13191.0611,3686.6255,6819.7574,306.8952,52568.5428,9158.9537,5031.4937,4498.3482,1579.5197,1126.2586,10382.4574,3890.113,22242.1405,14725.8584,26583.4518,17323.8966,7450.6759,366568.2069,11536.6356,13503.7962,162048.2631,71017.4794,51243.961,729.2308,2.2297,7031.5182,1281.7566,8233.7677,5757.3544,4698.1401,3839.9655,30367.8437,49539.0594,9776.9479,8465.4019,5836.8026,227523.6719,261874.072,30713.5026,6951.6317,8783.1062,13898.4859,5334.0704,132898.4519,181030.5095,84335.464,113043.849,42218.209,149292.8173,2460.4264,101735.4152,3504.2764,3779.1195,11350.4294,72554.2701,71235.624,23796.0294,29433.1245,81120.107,8302.68,12524.3557,3243.7497,1734.4399,48193.8468,5215.7763,5706.4561,5247.8349,8766.2397,5933.0638,5675.9759,19286.9608,1311.6912,1246.9278,23510.6814,10587.6243,12494.5586,11689.5385,3782.7365,4461.0277,3209.3934,2722.375,2801.1059,3.2617,5000.554,8470.5621,10460.5246,4.1896,30904.5599,4346.3242,20113.186,1447.9866,28932.0829,20057.6141,5787.5278,9148.0641,9040.0233,18275.572,23378.2181,4879.9789,4908.3804,39926.1673,15076.0313,15154.1959,3246.6352,5242.9047,13810.1907,3961.3221,17227.5247,2129.9849,2757.9884,6486.0684,1225.9433,17206.9443,5023.3525,3980.9044,90605.7378,6262.6354,27617.7948,5549.4547,225401.0375,71449.656,2034.3183,41206.8673,12882.2748,2103.6903,4551.5834,44767.61,6585.6835,34536.3446,3003.7326,81502.0136,24582.0512,24306.2269,560.2046,57574.8202,37297.1807,1163.7241,72720.0389,102700.0219,56009.592,32043.3981,5700.5047,11766.1504,1312.6299
SMP_2D3EF312B4CE5B6A656A,1,537150.2335,43703.6122,148980.7459,47648.5295,28104.0049,963869.8704,4357.6008,62298.3691,522515.1029,7620.4789,3902.5284,3586.2924,3376.7518,28714.7503,2601.86,18524.5276,24195.5717,16316.6716,12008.1144,95164.4311,16495.3232,75194.9368,19224.2094,201814.9299,111917.5749,34836.0209,24922.8332,7009.5968,5574.2474,2590.1866,701.7345,8909.7932,1385.558,47405.9059,8298.4509,9258.9831,855.4305,1230729.451,113600.7164,18185.6669,888094.4198,202205.7685,22440.0498,16015.7311,20811.4835,6714.1042,2556.6653,7502.1835,46514.7807,8172.8185,4124.4235,8172.9696,158.0195,44528.1079,9619.2935,6646.0963,3595.0434,1781.2928,936.5571,9272.4899,5737.8852,22147.2859,14919.1432,26780.7932,19810.8157,3454.3282,294391.0563,7393.742,11614.203,125959.6619,52766.8371,41573.6396,1515.9972,489.2483,3352.0917,934.8,4838.9276,3291.676,1782.5785,2611.6906,28950.0405,29331.5184,6116.7451,5476.2224,3864.2705,200502.263,266335.1795,24192.0056,2636.6723,7192.2835,13571.1499,2777.8709,120455.6257,185971.0963,84876.6698,90829.4576,35406.0055,145009.7285,2017.4729,75870.4247,3044.4999,3850.5624,11631.8778,59265.1822,63424.2004,18856.291,25097.9301,84482.5023,6193.9396,9770.9261,4534.9404,1129.1967,55045.0942,3560.5978,3576.7639,4049.3208,9073.7086,4849.6382,5538.449,13003.6214,2740.7633,1525.2462,17809.2217,8961.904,11658.6778,11851.1314,3195.2488,2303.0306,2533.6915,2898.0378,1872.8859,220.4448,3968.1814,4448.3293,8151.1356,643.1966,23279.5131,3060.5929,15332.1067,1329.4864,22347.7948,21014.9232,4758.9078,6832.7069,6639.3306,17213.1879,15841.3126,2755.3824,2755.989,27759.5914,14001.4605,14220.543,3086.4438,4601.3054,14547.1715,5933.121,18646.5135,2033.3031,2840.6176,5729.8057,1161.5737,30290.3091,3825.8104,2625.1856,92705.2318,4249.665,26564.0589,3313.106,231417.7499,66618.542,2291.0104,43001.382,9131.4177,1369.5313,4024.7139,45441.0027,6927.4303,32882.4226,3033.8342,71365.8035,32804.2439,23317.696,1747.3662,39879.5404,26706.3871,621.4583,59281.6677,102214.1198,49018.0665,35745.9075,3352.4492,9351.0998,793.2202
SMP_B9781727F25294212ECD,1,528795.6721,48344.5114,148066.6079,46785.3006,26631.1285,907047.1849,4353.0738,67359.1791,470178.7341,10029.8715,3344.1702,3875.1718,3036.4225,30257.8269,1851.1335,15362.575,18256.7221,12665.3676,9750.1982,79809.7918,11662.5438,81592.7817,14462.8114,214660.5106,134362.8263,29538.3946,39864.1403,12504.8223,4777.8805,2234.7475,563.1048,8560.3173,885.6745,72906.1371,13618.3402,15017.9166,1022.273,1533005.19,213208.0444,26131.322,1716556.509,277910.9761,26331.0343,20656.7298,27306.0579,6530.0143,2626.4422,7429.6804,39092.0597,10227.7087,4177.455,6140.312,262.7118,38117.9798,8984.5525,5511.2135,4057.9188,1485.356,696.2472,19906.4397,5992.7924,30423.7488,21721.2315,37557.4372,36209.4912,1737.4595,168962.6448,3093.1212,6949.1781,69449.4897,33205.065,25569.9169,333.9662,266.837,2048.1703,518.823,3715.3665,2479.3778,1949.6654,3447.6827,27359.2431,19426.9802,5528.7866,6181.2993,4810.1401,174550.9359,234562.889,24747.0395,3210.3317,7832.7977,14644.6462,4218.147,90230.7436,162266.6469,72778.785,86609.1753,36047.2348,148066.3917,1166.9165,108254.7049,3132.7468,5702.6475,11878.5176,54589.9592,79122.9531,18178.2288,33489.1219,82918.0558,6182.8649,8023.1731,3142.0423,1152.0465,42260.774,3741.8595,4659.4434,5515.7967,9303.0438,4351.7001,6303.9662,12684.3698,2619.0851,1385.931,25414.054,11355.5579,14121.5756,16418.2873,4921.8384,5265.2974,3416.9645,4498.2848,4667.8245,521.305,5721.3389,2512.1097,4548.3559,799.4848,13350.0021,1629.6675,12350.0817,1945.8348,18487.3151,18728.9025,3241.578,5182.679,5094.2409,18261.5416,15286.1877,5307.4177,3233.5746,34547.1354,14710.1618,14563.4817,3491.372,4947.0408,19100.5621,7635.1823,14117.7263,1867.8461,1659.3678,4028.0396,670.3807,18489.507,3001.2464,3625.0808,95727.6835,4830.5688,34974.3463,7363.9503,292528.0398,73290.2835,2756.2968,54965.019,11950.055,2413.69,5019.656,45164.6376,7660.069,34831.501,3719.553,76355.3225,32706.4012,26049.078,1436.7173,63950.4123,38314.4573,933.2659,88488.9492,149304.1697,58348.2377,48788.7955,6981.996,20282.6872,2055.8423
SMP_B67998798343D54EDFC2,1,543294.0091,45458.1472,161437.3805,52401.6168,29045.2277,963803.869,5231.2867,70261.0773,497021.2718,9854.3559,3239.66,3701.5789,4413.3404,31306.6855,2187.4434,14365.1962,14678.3488,8974.9799,8267.8556,67263.6388,9657.0165,74744.2405,11669.7,185134.3652,115167.624,27465.3477,23937.6999,8189.2021,4585.8177,2510.9239,517.8299,6910.7795,1310.1045,67300.9156,8445.5327,16193.4257,825.8622,1491583.041,111531.464,25287.7395,1268637.96,322126.9099,43748.6467,22876.9335,30515.4966,7846.5611,2802.2089,8597.4937,57047.1568,14200.4209,4540.1877,11805.0895,774.2657,52291.1105,11573.1293,7378.7104,4852.0364,1814.9991,1030.1042,18367.2163,5966.863,32571.8357,24133.0095,36249.1545,35968.4385,3269.4988,260214.5325,5124.5338,12268.15,124774.6955,55960.9915,55112.7516,1014.8801,705.7231,3458.8996,771.0875,4937.9644,4705.7416,3609.3213,3759.7372,28888.7145,18276.2462,6229.236,7847.4874,4987.4378,168002.2453,221670.7385,30761.3883,2860.8497,8638.9028,13298.0246,3244.6311,79761.1195,160635.1553,70849.4869,64544.1466,41637.9406,124619.3607,2928.4924,73327.7478,2885.4911,5155.7655,8741.2916,42266.4608,71505.2337,18002.5163,24980.3476,70952.454,3643.1626,9200.0116,1875.9602,665.5339,44418.5085,4535.1677,6157.0352,6666.7504,9681.4446,4995.4513,6749.6396,15860.2918,3755.923,1502.1174,25760.8115,16354.7757,15141.2748,14940.9697,5952.2414,4669.6214,3827.9528,3427.1679,4654.5638,1002.1014,5583.03,2112.1395,4060.9234,924.6453,10000.4299,1275.6483,7583.1917,709.3363,13024.9405,9775.3691,3616.3883,6732.2621,6328.2987,16686.135,20448.353,3411.0887,2529.399,43006.1051,14319.6039,14265.6184,2927.3176,5841.3529,20790.2076,6315.5265,11224.9964,2031.2914,1904.8177,9105.9885,1082.38,14529.4163,2988.864,3661.84,80484.375,4450.0181,29279.5525,8262.2648,294351.0671,63782.0055,3414.3292,48785.3888,9311.9083,2303.614,4028.8533,45644.1641,8058.3199,31634.849,3390.8562,77101.0055,31337.145,26912.9362,1434.1271,75810.3462,41606.5438,690.7065,88072.8207,163643.9186,60940.6978,51055.106,5802.9433,13662.4316,2321.9937
SMP_85C793E2C793AFF41A8F,1,556534.451,47732.2943,162091.1585,49923.0333,29450.6933,953868.9007,4963.6392,75734.635,495494.3083,7518.5346,1958.7615,2776.1562,2549.8385,23599.5496,1231.1974,10304.64,13007.5236,7472.1267,7128.0594,60559.2249,8869.7921,53299.5117,11692.512,158430.5414,112306.8566,24201.1157,15638.485,7344.5138,8107.8057,3718.2323,977.8461,8117.2571,1210.7788,67524.2197,14478.6978,15307.572,1646.7879,1692869.762,231279.2147,24583.2915,1417933.61,294202.3529,34487.6694,24496.1751,27936.9636,9114.2132,4425.2786,8748.9827,33447.3383,7449.2787,5554.5371,6437.4515,850.107,54272.7432,17605.7452,6582.3639,5780.3,2716.885,796.3818,7162.2188,3140.9108,14127.5843,8911.5781,23194.4092,26994.9605,3101.0891,159571.8027,6458.6793,5579.7732,57285.6157,39909.7105,30379.0191,410.0797,3.8166,2576.9001,839.8273,3170.3344,5172.576,3418.721,4039.5398,29625.6199,66714.3016,9983.7078,6610.2059,3517.695,241191.7086,243660.958,32857.2412,5404.8908,6738.407,11517.0635,2448.7465,128051.6457,180787.005,77782.3738,84844.1954,37148.8591,139427.743,2139.1334,93051.9533,2989.2322,3501.5598,12296.6123,51679.1267,64537.1742,18117.6384,32811.1103,73653.0727,8302.3476,9811.8879,3659.38,668.1491,50367.3281,3724.3917,4269.1824,5076.7394,11676.448,3693.4894,6148.9276,11385.4729,10.7046,1783.556,21151.7446,8599.718,11588.4559,15891.8908,2901.2927,3239.1508,3113.6277,2893.2319,4243.2979,301.1833,6764.3362,5650.4151,8445.7871,1898.7678,22330.6931,2436.7223,15715.2887,1509.1787,19842.3933,17742.6344,3843.3824,5994.007,6447.4138,14845.7073,16996.0407,3905.5007,2249.6172,34138.7907,14660.0739,18127.5598,2615.708,5293.6429,16989.2495,7672.7523,19766.1928,1922.3836,1741.3089,5611.9593,696.3852,19997.4645,2547.7604,2337.5676,62466.9502,4371.072,19496.9314,5281.7592,252638.347,63576.9883,821.1225,31288.9843,6324.4772,514.0949,2041.8099,32832.4703,4851.3081,18661.1838,694.8612,47551.0059,26435.7364,13106.5228,312.8229,34648.3226,19816.7191,1487.5946,50848.7141,130569.6673,37864.4149,38957.967,2558.5837,9143.3375,1320.7301
SMP_1D770DF0BFE89C8428E2,1,522702.1761,41623.5585,148664.0473,48395.3841,25347.0436,861213.4477,4025.5135,58954.676,548677.3628,7794.6992,2198.8866,3318.4017,2443.6567,37896.1581,3071.8827,18733.9836,22166.3128,12756.6264,3501.7071,104466.6104,10912.1754,109038.2075,8041.1099,299490.1533,198006.7566,46762.7783,41843.7863,8235.6407,7020.4891,2163.4147,468.8003,7958.8361,1016.672,49302.6557,5668.7079,12127.4775,721.466,1639891.079,152207.7145,23963.7791,1636714.337,334402.1363,34624.0018,20571.1872,36437.8292,9200.7213,1677.4406,8139.6283,54137.1866,6940.7042,5165.9243,6365.8426,789.9937,48008.2402,10598.5266,7746.1901,4112.6197,1762.2576,641.3859,22417.6356,4641.8613,26014.0551,18268.6122,34979.1181,31880.782,1865.1816,225635.6873,5166.9817,9411.6626,106736.947,54914.403,49857.5274,955.4999,1112.4703,3091.9827,1226.8126,5410.9322,5194.6675,4187.2055,4213.6666,24453.0437,22194.9463,7094.3124,7384.7691,4842.8897,215001.2501,279649.9886,31506.592,2491.0397,11088.1364,18252.7707,3517.7159,114081.9736,200449.5617,97856.6942,82082.4916,48331.4828,135380.6194,2907.6194,70571.8364,3948.5261,6170.2286,17040.8897,51409.7795,73298.0237,26663.7968,21986.444,131198.6959,6426.9406,11609.362,2801.5488,1093.328,61582.1744,10585.0113,7287.7444,6271.5412,11662.9877,4135.3392,9082.7063,18412.1714,2472.5429,2154.7456,19198.3299,14041.0683,13286.806,14726.3094,5282.8429,3644.2061,3542.1617,3746.0752,5162.6847,372.6693,6915.6259,2598.6192,7866.6693,394.3955,17788.795,2843.0744,19348.2451,1731.6489,24460.4122,19893.6824,4168.342,5417.1457,8012.109,18013.3214,17550.5618,2504.0068,2674.9872,43326.1801,18729.6758,18747.6839,3445.9489,6493.3381,27956.2361,11116.461,17677.5515,689.1798,1257.647,5513.5446,1092.915,33643.2692,3547.1576,2382.7044,77116.9045,4965.0621,29012.4389,7116.8744,308786.6483,83607.9965,1630.2493,56870.5657,15970.2698,2703.1451,5129.9257,52950.5429,9928.6205,32322.6341,2886.2701,83645.7787,29053.3378,28248.1932,1354.2226,74714.8031,42767.7825,358.341,102769.8116,172767.731,70232.0586,62404.2179,8081.7554,20543.3623,3347.6664
SMP_BEF57096BAFE56E0C045,1,566327.3179,49491.5844,165073.9164,50724.4887,31117.234,1027836.561,5622.4197,63793.3177,616113.9137,7485.1727,2454.8668,2238.4817,2150.0711,26176.2339,2181.7486,14886.0534,19087.014,9465.3298,10115.6858,96533.1371,8676.2482,79214.9565,16677.3124,283001.7143,120699.2749,47678.8703,30681.6249,9058.9738,5379.7084,1724.5219,299.5066,12868.5537,1486.1603,41465.6209,3188.4453,8614.3,537.8711,1132319.729,64629.198,19743.1239,698224.4489,308336.282,29987.4202,17333.3493,12925.1095,5364.4922,1157.0776,6190.0942,33245.703,6387.367,4011.9347,12915.0019,169.6303,35364.7297,8385.9589,4812.628,3765.6511,1234.8949,680.8226,10850.708,3582.9128,24240.6807,12633.0829,28385.577,18931.6757,3294.1911,201611.1908,3271.6771,6801.4858,82072.7321,29715.279,54046.2821,124.4048,805.3945,4475.093,885.3161,3625.4517,6060.7904,3259.356,4331.2562,23118.4279,21668.3761,11709.8913,3796.8841,5369.7322,180608.4947,272117.5824,28299.4265,3989.4457,5631.2363,14355.9076,2459.6539,81042.9434,192765.4619,86125.9567,103581.0301,53165.0954,132434.7938,3387.5284,86456.8103,3132.5031,3786.3454,12943.3695,68311.1909,64658.2154,18763.4782,27982.3529,93891.9668,5109.6605,11459.3575,1860.7112,847.5861,56487.4908,4606.0041,4855.5053,4726.4304,8042.5599,7528.4635,4428.0154,17394.462,5193.4115,3809.3345,19973.9609,8607.3327,13198.7762,11732.2105,2869.9185,4585.435,3615.7184,3268.5615,3693.2754,1273.125,4946.4345,4596.4946,9403.4725,447.0767,27361.7148,2610.5212,13738.813,1284.1374,21105.3181,21261.1038,3059.6034,6814.322,4453.1538,17355.8921,14993.9706,3303.2497,2726.398,27437.5893,9749.0619,17279.886,3398.8114,4603.2619,17409.4929,6150.4895,23028.2747,2774.5138,926.1103,4025.5284,749.457,19618.6164,2038.4723,1871.9505,57639.3924,4680.538,19427.0105,4256.6521,242660.7093,69416.1643,2096.3397,45080.6722,12194.9752,2786.9139,2941.3595,51579.684,10768.5969,26310.9363,2328.0041,84715.4166,22205.0802,33019.1812,1841.587,56749.9978,31074.6197,2356.9091,92500.5717,122364.4014,65987.4204,44496.7549,4760.4477,10825.1173,1993.8544
SMP_51E91CDF7779DA1F495D,1,573024.8679,44842.7228,164973.6351,50981.7696,29383.9555,1027681.292,5444.9641,69947.9633,648499.1031,7438.029,3009.5993,3266.1484,3437.2058,30283.9502,2110.275,13712.209,22858.8564,11734.9935,22516.0872,101272.6278,11825.2073,81612.616,26581.4683,278071.5313,133042.7746,45603.6845,37949.0669,8206.9984,4254.8457,2194.7352,224.9175,10877.293,1063.7283,51957.3956,6849.4435,9343.7732,590.401,1457865.382,127690.0759,19373.5425,1172212.935,337075.6743,32645.9362,18205.3655,18998.3175,7320.7631,1858.9867,8565.1154,21794.6686,4199.1637,4679.4191,9252.9894,366.4743,27319.2387,9603.0666,5660.7022,3341.2352,1467.6224,435.101,11357.4518,3998.315,26174.4918,11904.8062,33447.7014,21162.9476,2683.562,188179.2947,5593.7824,5484.675,60867.8887,34012.561,42133.0742,834.7709,383.5857,3771.3418,391.7573,3941.7209,6228.1823,2891.8086,3678.0666,23730.7326,43157.3031,13372.5655,4965.1104,5719.6767,205958.8872,292000.7642,33145.0298,3560.3669,6264.737,15005.8415,2012.6645,91960.5773,188579.8147,102499.2163,118948.8334,55678.4407,111017.3854,2775.8415,54770.593,3203.2897,1989.2728,12481.0142,63611.4852,47334.4143,14976.1695,14700.7101,65977.6353,4128.3401,5570.6651,1825.854,687.5534,35658.4203,4970.446,3643.0157,3880.5438,8852.6394,8793.3444,4750.8241,16840.4103,5286.63,3788.4141,15296.9654,7199.9682,9215.2609,12429.6579,2269.399,2872.429,2571.2075,1501.3903,3166.0446,234.3092,4002.9355,7733.2025,17987.2729,565.9395,47002.1247,7100.4438,24323.1606,1363.6654,28112.2699,25618.2984,4256.0992,10568.582,6565.199,21484.8638,15732.1037,2194.874,4031.5723,24734.9349,11294.1089,22660.6393,2910.3867,4303.1866,14866.4867,6967.4938,20019.9181,2571.1092,2362.3287,1618.9554,829.7836,13115.9661,2760.9382,2796.8939,64424.8722,3999.3136,21846.8643,5575.3725,236469.7699,63780.951,2260.1511,37731.4404,8355.3344,2491.8423,3258.9268,45214.134,5704.8533,27799.3133,1363.75,80100.5677,28694.3058,28772.6395,916.1604,53862.8143,24713.198,1270.5624,86864.7432,121976.8672,58281.1868,36885.8662,5356.3947,12794.9402,1730.4506
SMP_F21F2ACC1931348EEDC7,1,545005.5233,47590.993,152240.739,49916.4118,28317.016,921816.3301,4411.9563,69379.8853,512959.8411,7887.7543,2395.4582,2597.6579,2668.198,26447.1096,1960.0122,10464.3932,15337.8607,7597.7737,6980.6082,64356.4543,7453.5093,61449.594,9767.1985,181911.8986,119681.0182,27060.7099,27626.1224,6820.8744,5620.8646,2985.4055,492.8736,12216.5313,1881.0637,89733.2802,13375.8133,15608.6606,909.1725,1725074.499,174710.8766,29756.2397,2051867.473,464826.8229,64597.7031,27922.0769,63938.998,14375.5502,3245.3528,9551.4118,30244.7406,6305.979,6660.7619,14849.1292,2019.7108,34912.2681,13133.3331,13285.26,4819.2573,1729.212,1258.2286,13729.6158,5066.082,29777.4154,19731.193,32862.6709,29821.8078,2140.0053,137076.5707,3721.5416,7234.275,70154.6645,48012.412,63851.3927,489.1966,512.4328,4041.6159,941.9059,2717.3786,7261.8543,3618.3454,3435.2508,27237.8483,21233.7543,11016.9783,5294.7608,6815.634,176778.9024,263399.9307,30686.9663,3010.6084,7728.7525,16946.2772,2510.8676,81147.2223,186435.9891,108590.7959,75418.2314,83723.4921,123011.88,6964.8955,65522.34,3835.7359,3877.9457,12659.9957,46911.0929,60052.997,18254.3659,20101.1448,52670.2685,4697.2321,8598.5599,1234.356,570.7466,32823.8869,4803.95,5638.106,6315.2642,13426.9118,9321.8411,11447.8175,26376.8836,5138.4517,5478.6265,17465.4862,13820.4357,11803.3098,14327.8544,5822.4468,2640.5005,2896.6228,3001.673,3805.9731,139.1879,5312.7213,1962.1681,4615.4925,597.1747,10808.2552,2394.6955,8159.9025,1196.232,11846.2556,8028.8375,4436.3651,9334.0306,9094.395,26917.744,15155.7677,3412.9185,3840.289,34587.9402,18128.2745,12696.2228,4806.8234,8917.5477,18556.364,7268.0911,14371.9152,1577.1022,1540.0754,4424.0389,852.2146,12739.0427,2579.6548,2259.9929,66938.9345,3915.183,27175.2326,6506.8893,287420.4642,58039.0889,1330.0385,46639.0845,7763.8671,1818.7226,3988.0002,45382.0608,8580.9756,25693.9902,2287.3007,68591.7269,26242.0213,24958.2956,1369.0004,56439.4251,34996.6286,372.2824,77868.5508,144532.7557,58378.4824,51537.938,5576.534,16502.3168,2239.3912
SMP_A403CFD8F13892E6DCEB,1,521393.108,42479.9736,140308.2331,47687.1651,24881.6862,850507.3279,4432.4261,59234.4636,491962.6058,7624.2327,4729.1589,4289.5192,5048.1741,42078.8372,2559.6058,22764.6206,27303.035,20393.626,21884.7525,136159.5422,14756.8051,135054.7239,25702.3649,313806.1253,144732.8199,50919.5163,64026.2616,11091.8806,4108.915,3172.8098,494.557,10613.1368,1735.0767,102970.5283,11556.1134,17988.9956,1261.1562,2197596.416,185821.4442,41322.9355,2416873.805,710489.6827,61078.3849,21287.6378,54075.1528,15044.8031,4420.3911,19774.6004,78692.4489,14945.042,5266.7439,8186.5484,1371.6958,80576.5616,10928.4609,8383.9234,4256.8508,1664.0952,436.8785,15535.1328,7570.7433,37573.312,25156.2628,46795.2305,30947.3479,4152.3446,337138.5082,6031.3962,14865.9903,156213.6361,57035.6071,57084.6898,548.6934,1220.2971,5371.1557,1591.3583,5701.6808,5190.1692,3477.0503,4348.2463,25616.5047,21504.0049,8667.042,5953.8715,6358.6759,191907.4759,265775.612,25753.9913,2931.0288,8216.684,15840.8657,3088.2189,102167.6062,190300.3741,77307.0456,94029.0472,46523.5693,127530.9818,1571.2946,68797.8116,2574.9042,4760.884,11735.2881,60204.9109,64489.8573,24789.1123,21562.6391,94740.2419,5813.1035,12163.1705,2659.6688,1375.5005,52663.2601,4128.8466,6571.084,4514.7346,7764.909,4981.6254,4571.9232,15742.9473,3417.0597,1628.8234,19986.8929,8656.547,14614.2667,12773.1974,3819.5822,4846.7351,3060.0237,3820.0472,4411.3624,41.6482,5434.9374,3134.6118,7357.381,1406.1835,17577.0752,2060.4722,12278.4512,1776.9472,18425.2233,15698.7587,3941.172,6978.3354,6387.9849,20816.0684,16334.4005,2794.9314,3334.118,36096.4574,12104.0401,14055.5826,3399.8914,5130.433,18013.4569,5814.9194,19209.4103,1354.3973,2770.5562,7474.7623,1317.4,19632.0722,4079.0951,2949.9219,82785.2298,4642.9787,30190.6539,5791.3191,259385.8361,61537.29,2585.9202,47753.0719,9578.8756,2149.4822,4721.6065,50579.0374,8663.1669,35821.9693,3145.4869,81630.2458,30685.5374,32969.1368,1422.8702,63976.508,36129.9097,837.574,81210.4158,120729.1669,62529.0385,38383.1199,5771.7072,13680.0378,1250.8008
SMP_8A5A7D6BA29B72CEAF8E,1,529909.5762,49444.735,145819.1511,46713.9566,24942.7724,955162.0956,5383.9934,67841.4024,516147.9831,7962.287,3030.7321,2736.5324,2016.8817,25562.666,1603.4568,10707.9663,13220.9868,5200.7528,2588.5023,53476.6201,8294.5072,46055.6361,6494.5873,149676.2251,130702.9042,23428.2618,19569.1223,6244.8037,7812.7456,2616.9637,491.7515,6227.8147,1257.784,27933.0051,5872.5836,6172.8754,445.7753,872886.6338,93101.4263,15919.5257,579683.9241,125812.8683,12717.7997,13757.9301,16850.3301,4858.4097,1703.1674,4613.3586,17274.6769,9385.1287,3665.5693,6147.2545,98.6304,47426.7374,9257.3985,5016.9751,3136.0176,1711.957,2103.3181,6398.329,1590.1539,17841.5428,10118.0164,31331.5428,27496.1209,2482.4655,177641.5792,7016.9952,6257.8205,65531.3921,57505.2836,44290.7985,1037.7167,783.7697,3824.9486,1037.0352,3348.3942,5195.5953,3030.4927,5205.1262,26803.8896,56094.665,10726.0722,9083.2769,4757.9035,214329.011,254362.1364,30077.9057,3406.7911,9076.0929,14062.2994,2292.0178,110268.0431,176138.3786,86482.8481,78808.2622,45404.8587,90382.2764,2782.5684,123231.6003,3115.0137,3046.5029,11337.058,45015.4439,42764.5834,19535.9966,40501.2783,76874.2999,2524.0536,8317.6884,1888.8105,714.551,49570.5468,7180.8349,5113.5461,5211.1689,12187.9271,5353.6838,9370.5699,17947.4937,1253.0316,3233.8872,16190.8848,8422.3162,7825.999,11644.3481,3385.9469,4046.4238,1488.2723,2277.0731,2821.4744,163.8474,5317.1893,2928.5753,4367.2257,340.5839,11872.3215,1685.009,7904.7665,931.6566,10211.8519,15131.0167,3980.6757,4133.6256,6358.0769,13995.2458,10422.1143,4498.9099,2875.4553,24171.0852,9990.8304,11863.9541,2526.6841,4407.5863,18842.3829,7150.0256,8221.266,2176.5724,991.0758,1910.198,489.6361,21715.8491,2705.8959,2449.1216,58734.6557,4058.8522,20139.7942,6074.1909,265682.2412,56029.3367,1566.1102,34077.2265,5901.0297,1156.1635,2099.5582,34303.4696,4657.4515,15552.9214,1252.802,50397.0892,26349.5924,15553.479,1300.4127,33302.6648,19227.5325,489.2756,65196.0614,141667.6249,45505.8147,45853.8742,3016.8122,10520.1442,3152.1124
SMP_F2B424189A6C9D7A02E2,1,524221.5505,41523.8431,151675.1206,43183.416,25431.2824,896492.5682,4298.7413,56127.1033,519487.3692,6629.3619,2342.5035,2761.8724,4225.586,29692.3214,2195.5799,15307.3329,19718.7827,8137.6735,18044.7478,84940.1631,10045.7316,64156.9361,27646.8178,264223.4576,130545.4811,29593.8425,32739.4677,10076.5575,6119.8932,3005.3397,605.628,7795.0488,2672.4727,79154.7746,12317.8677,31171.2702,4047.9271,1944878.348,241075.392,28801.6048,1891548.323,414182.0358,54599.6367,19866.4467,34600.488,9867.5813,4304.862,9872.7415,35608.7065,12184.5613,5138.654,8602.3342,1038.8093,60571.7014,12029.7313,6284.5644,5826.9572,2009.4594,296.5465,13320.785,4260.2454,23858.1191,12514.2907,32234.6988,23619.894,2174.5621,156284.6271,5159.8701,6132.4969,63592.0365,35232.0628,33099.2506,170.7156,1444.6592,3862.2659,432.3814,3311.8331,5556.254,3359.5063,5429.2814,34447.1719,65150.2312,9943.7999,5716.5102,3626.9028,217181.2264,278313.2948,35486.047,5176.1477,5314.633,10269.6402,2369.5711,127681.5714,198916.2503,72427.3332,110898.4685,40225.7591,144318.7087,2434.3812,136910.7534,3050.5922,2904.0188,18307.4039,81631.7494,71296.0852,17346.3155,45147.7406,90478.9487,7116.6201,9224.6002,2528.0205,1268.3184,55012.7167,4799.0804,5712.4503,5685.164,11455.9425,3367.3292,5593.9529,13443.9358,3246.3891,1317.5627,19250.6317,7845.935,13682.3506,13131.7374,3028.6308,3130.5267,3866.8658,3895.249,4642.724,558.8702,7721.5966,4747.3133,9605.7839,1147.5953,29121.5459,2750.6705,18144.8518,1816.3576,25115.6987,27513.448,3420.8911,4704.9801,5819.0252,13853.4678,10553.3525,3767.6165,2687.3687,23423.5565,9009.0787,20703.2509,2508.5201,5323.5826,18557.1993,6125.8043,26843.1456,1416.2533,2933.5176,4525.3503,1182.8262,23876.9634,2844.4912,2965.5896,79715.2314,4211.4243,19551.9113,6059.0201,273086.1025,74218.1972,2958.8056,40066.5583,10460.319,1153.5966,2770.1779,44562.632,5485.0761,25936.7101,545.9627,81820.6652,27844.2231,18897.7753,1068.3618,59553.5916,21631.1695,2301.2839,111412.219,157756.5144,61147.6046,40774.3396,5753.4683,13695.176,2699.3965
SMP_16EA945D49E621D99053,1,537477.0532,42256.8188,145224.227,44620.4752,26691.9927,908788.5893,4290.6577,59859.1886,505817.1086,7672.9231,2827.0212,2727.3811,2714.9958,24889.8558,1958.8364,14481.738,18754.1728,9980.8962,6438.6012,96965.2334,13172.9132,79864.4129,11070.3192,264898.6711,169890.9972,40213.5234,31632.7053,6773.2037,4229.9096,2648.9756,187.2456,7209.269,877.8423,60654.9288,9460.2096,10606.7082,888.3052,1679146.48,187941.5227,23274.2427,1737154.941,348443.6512,40004.7603,16172.4862,31902.7636,9438.1146,3865.8473,12335.9615,43884.9368,9553.3895,3523.499,5675.1927,821.7926,56564.7379,8855.8326,5900.5391,3002.4998,1464.9278,434.0641,10219.3961,3632.1373,20868.0624,12177.2933,28995.7508,23109.6784,2780.8987,192209.8402,6590.5591,8117.8741,81705.0435,56263.8101,49738.2142,814.0648,224.4673,5132.2322,575.1688,3505.0211,5023.4261,4225.207,4446.1908,23211.4951,47194.6635,9657.1183,5506.3627,3579.1937,229951.8672,268184.7757,34620.1672,4797.8386,6350.0463,12369.9576,2667.0353,118079.6864,206028.8476,87046.5508,97486.8201,40634.3731,150575.6805,2791.7671,103918.0619,2815.1778,4285.0369,14831.618,65683.3597,78236.5976,21074.981,34461.0927,95295.4283,7763.086,9637.573,3538.7859,1562.9902,58377.5121,5666.1229,5425.7742,4076.957,7811.5428,5760.6113,5597.4199,12879.0162,3017.8048,2764.0299,25502.5934,10001.592,15115.218,13871.0503,3312.5271,4471.5337,3940.553,3764.6424,4741.6161,264.0231,5900.3578,5981.0369,7486.1573,646.4253,25900.9148,2956.7877,18246.3229,1466.0362,29422.2499,19097.2962,4269.9097,5239.8276,5773.5398,12793.576,16262.9082,4620.4312,2650.8278,31929.5802,14695.5876,15644.2476,3290.5691,4706.4675,14985.372,6773.6366,16575.6123,2099.0594,1620.9839,5385.953,808.7872,18919.8816,1499.4174,1643.0814,60329.6925,3302.4803,19814.0548,3606.239,227893.8591,63632.0725,1424.2953,40285.0266,10629.5134,887.0095,2516.5738,43394.5856,6306.0874,22935.8542,1622.9605,72181.0991,29630.5872,20109.5574,780.3198,47878.3375,26874.9392,655.215,75766.0858,144715.9104,48935.8785,42639.2714,5097.4239,13007.6981,1260.3831
SMP_F4AFCE8729BD4F3E12D9,1,537457.7305,43056.9088,143508.925,49438.4472,24990.7696,896756.1463,4208.7362,68344.1756,519320.3255,7931.1518,3254.1666,3833.2131,3330.7294,28324.2675,1768.3348,15068.4765,21653.759,15336.6647,14768.7133,95408.2333,12899.0961,110137.0277,24563.8394,264620.7326,113977.9665,34099.3264,46690.8056,13424.4544,7832.773,3587.1914,566.2774,8705.6131,1030.0463,84091.9634,9408.3481,15539.7328,771.568,1737084.108,142388.9413,29606.2552,1797195.407,378772.0124,46825.1418,19082.0624,35649.2239,9849.8629,3701.482,16972.1442,67600.1021,16872.7631,4843.9967,9453.1192,725.5488,57264.943,11001.8017,7751.8887,4327.8946,1883.6522,581.5229,11440.9942,2652.5874,14487.8423,11940.5817,24311.3019,11973.8025,4150.8413,336413.3141,6276.8642,14806.6464,157877.6439,58026.9586,38778.8265,918.592,992.568,4225.5392,1446.3415,6565.888,3490.8463,2555.0056,2895.5791,25308.9907,26199.1216,7987.7344,7546.6559,6404.6396,205428.0899,254135.7921,30588.8566,3566.9822,9108.3307,16188.8678,3614.5491,126328.8549,187890.167,78112.2527,97327.6745,36381.7343,140082.323,2200.3419,89225.517,3571.7967,4306.6211,14967.4969,58449.8542,67815.1452,21157.8606,25398.2431,78932.9356,5770.1583,10177.2552,2153.8814,1350.2323,50098.1905,4035.3898,4820.9584,3521.9308,7000.3654,6236.0245,4073.1532,15051.828,2410.9563,1835.2239,22805.7105,10799.7755,13535.0281,13301.5131,4042.0717,3401.2133,3744.8132,2496.7082,3772.2476,4.207,5703.5431,5359.3005,8597.6039,640.3451,24479.5685,3145.552,19781.4372,1616.1039,22922.8193,23812.6375,6639.1857,8888.3921,10073.3484,21535.9951,27286.0524,5432.5697,4450.2129,46464.9459,21602.7278,20644.088,3162.2247,7116.2525,20567.8939,7179.128,13632.4782,1158.7989,3019.7704,6792.393,898.7116,21168.128,2865.2975,3243.5211,82844.1985,4156.4163,26597.8498,4587.2047,254118.205,57892.6476,2059.9142,37367.144,7596.2179,1555.8139,3459.8448,44908.8442,4944.9576,37901.4469,2891.3298,83045.9805,27998.9451,19307.4423,270.757,73985.5641,37565.3145,1559.6082,94124.5919,119295.2307,49963.0157,31006.8144,6921.2185,13435.9404,1958.5861
SMP_09F37A528F097F93398E,1,528236.5729,46676.2037,151050.4968,51308.2899,27284.4374,945936.5026,4877.8813,67768.6233,537511.1269,7155.8429,3011.2035,3096.5295,3537.3417,29642.7614,2052.4183,15500.2785,15977.179,7136.8587,8295.8133,65952.9628,7853.0566,62495.1091,12807.6265,196433.1311,106656.6601,27475.9061,32016.3799,7539.8618,4822.2729,4578.8246,601.2109,12675.4147,1573.197,119250.8958,22330.9436,18135.1599,1357.274,1879104.267,322641.1892,29337.1027,2101102.877,398850.8333,45190.0501,16028.3218,35935.9328,9082.4633,4983.8368,9535.8897,40632.8838,7229.4626,4235.4282,7452.7259,479.2491,47846.0742,8840.5793,5722.624,3914.8922,1954.4872,716.5258,12339.3602,3464.4284,19867.3848,13475.5072,26830.5254,22456.8902,2428.377,179455.5844,5933.1875,6592.2692,71354.7428,54137.6655,40442.5767,353.3356,606.7435,4022.3323,434.3187,2871.2092,4229.1755,3619.3436,4078.6172,25713.0299,37461.9702,9869.3395,7844.9361,4658.079,232659.9119,259275.5701,35765.2223,5367.5208,9363.1435,16159.1108,4242.3702,106596.7934,168286.7005,91701.3724,99203.4034,47493.6851,164694.6897,3488.9484,88090.6108,3042.2728,5868.2788,10030.8905,60259.3397,77567.3348,20031.2079,25441.5422,89055.6312,5862.0569,7421.2591,3207.4773,1107.6202,46624.8971,6825.2209,5789.7231,5218.9173,10682.1171,3660.729,8584.9677,12257.396,2201.1071,870.3365,19408.0102,10123.2319,13754.9749,14049.1607,4493.8208,2931.8977,3852.9024,3100.4965,4681.7754,170.7438,6195.6014,2129.8088,3791.4291,1263.2046,10101.6749,1458.9273,11077.6939,1147.1618,14421.0809,9220.664,3391.7711,4814.1795,5780.4831,15246.3179,15384.5452,2062.8977,3565.4619,34591.3292,11893.7925,15512.9798,3689.0224,4914.4894,18399.2156,5847.7429,12617.0685,1889.4918,1696.4532,4257.6564,761.3679,18785.0784,3175.461,3790.2653,87096.2615,5052.9995,30833.2504,6498.641,276394.1494,76557.1928,2414.071,46493.3155,9928.5564,2305.9868,4238.5694,46855.3919,6483.1145,27699.7863,2359.884,74066.3664,29699.4381,22345.044,991.6104,56410.2494,34665.6623,657.5412,79418.2744,135450.6041,59100.2676,41981.549,7375.8079,18667.8654,1777.7874
SMP_D69791DBC4F355EFA7A2,1,524893.134,44996.3254,143538.293,48297.1424,26195.6319,921373.6353,4348.2898,65973.1567,502331.0782,9651.6898,2976.0245,3107.4418,4408.9847,33912.7343,2182.7201,20078.5259,18357.5133,9055.1386,17134.2255,84466.1904,9688.1786,77255.7277,24962.8146,255052.3985,141138.1377,31343.8888,33457.3768,11912.6575,6005.2761,3271.0986,729.588,7362.0489,2020.5777,62134.0356,7672.2721,13293.3083,1125.5463,1522918.928,137471.6008,23982.74,1495661.206,377395.8916,48606.6525,14944.01,35288.6895,11560.8839,2154.3893,9842.6244,43307.1144,36429.1594,3399.425,5921.7896,652.5118,145904.5232,8950.6278,7161.2586,3577.9725,1481.7498,352.6187,9853.2902,3520.5607,18313.799,12652.2049,26752.4786,22339.1156,1488.5025,185173.3195,3188.9799,6696.5869,72096.5854,27823.7494,28805.9854,144.5941,338.7442,2531.3378,823.2416,2874.5414,1872.1632,1774.0505,4964.2239,28519.1885,19883.149,6191.7691,5520.0542,2887.6789,167132.2098,238946.2012,21233.2011,3447.8384,8627.4898,12889.8804,3804.6628,92310.8455,166918.3235,50549.425,73021.4714,22380.6844,147455.5215,864.7236,183801.929,2576.3332,6204.0466,12744.4253,51707.5904,82676.2081,24989.2728,74214.3087,121300.3579,4224.9934,12955.5104,3234.7225,831.9589,71198.1815,4025.1815,6922.5007,4516.6458,7903.4643,3881.6721,5161.6339,13356.3422,955.0155,1097.9521,20958.5963,10388.3244,8187.2021,12795.0942,4295.9808,6302.2758,1458.4325,2579.3684,2622.5853,353.8224,3094.939,1195.3951,2509.1523,555.9459,7656.197,346.6327,5933.2347,1291.6557,10891.7871,16664.5306,4487.0558,3738.7573,4530.3947,10350.082,17421.5028,9738.3922,1477.0985,29904.9284,12750.8402,23702.3549,4079.0197,3136.9408,26599.3793,9764.3326,11530.5875,1008.4501,1573.6615,4261.2263,1480.7629,28452.1183,1642.7663,2605.1442,69136.4676,4144.4477,25093.8642,5954.8628,262567.7932,64918.3785,4643.0178,50715.246,12232.6487,2238.7726,4488.5995,47712.447,8005.7447,30984.054,3382.3682,78836.7347,32560.6008,27453.3161,1317.8139,67690.2075,30852.8536,2214.6354,95373.9145,153658.9796,63314.741,53833.3535,6145.1662,16244.4601,3246.3196
SMP_363CE0A8F30EF7B4D615,1,560154.8469,43433.4112,138846.869,45313.8836,26821.1458,926505.7743,4650.9939,53323.8181,534675.6633,6237.4383,1860.5667,2087.339,4434.3746,22266.2322,1329.6231,11001.7279,15859.5259,9574.7151,13653.8505,81679.9323,7720.6798,74438.7695,23991.7615,247609.484,105806.7966,37096.5193,33052.9202,8407.7612,4188.6783,3282.6627,523.1634,7984.3441,1485.7389,64966.7044,6452.2939,11689.6671,744.9788,1525945.711,118225.8523,23321.9685,1366512.819,394964.1032,47373.4676,17720.4071,28882.0775,9474.5555,2711.4932,10428.4399,32392.278,15679.0815,4950.0285,6077.982,660.5411,82427.1518,11830.0953,7122.7286,4857.5247,1439.3922,401.0079,9380.6772,4222.3667,23851.8709,15942.0992,33984.9037,22685.717,3036.3788,194227.9303,5465.6638,6746.8605,77524.6298,53876.4695,58255.1338,485.1086,703.5036,4007.7584,974.4667,4252.6225,7501.8015,3538.4083,5393.6748,31248.6074,49710.6401,13333.2187,6784.995,5549.4863,226868.6938,277008.2828,39830.7868,5099.9738,7881.7469,13776.7722,2838.8206,124496.0679,213718.7544,89099.7166,91929.7588,58313.8085,127462.8175,5329.3908,130291.844,3657.7412,3256.8648,15078.5839,59049.8462,54648.8296,22669.614,43088.2399,99197.349,5999.1553,12409.5372,2308.091,1328.4641,62469.5908,4832.7395,5555.7956,5085.3878,8221.9392,5281.1042,6604.0239,24138.6683,5044.2314,3312.8489,17110.196,10379.064,12150.7147,12255.8433,4736.9901,2817.2319,3038.5543,3409.8821,3566.3706,656.8271,5256.8545,5126.8146,7522.9369,757.2009,21563.122,2737.6577,13458.3833,1901.2527,17489.0455,21455.8071,6122.0019,10111.7681,10802.5582,27374.6213,18659.9289,8668.2604,5219.9586,45319.6443,17571.4532,21632.058,3275.0526,6465.9728,28907.4808,12336.2151,30550.4823,2148.9422,1863.7443,3469.9309,985.1195,25583.1199,2017.9342,2459.5887,66073.5391,3138.4629,17122.1341,5138.3319,226017.1115,54584.6302,1393.0635,32550.5614,7480.4566,1307.5115,2383.614,40841.4105,5721.146,25245.1276,2673.0815,71559.0856,23672.963,21876.9438,599.2752,52580.4835,30234.9089,1112.2537,82232.5009,122118.6669,59788.6551,37590.4288,4749.4596,10573.4004,2162.0173
SMP_F25BE374D8ED0A3EE5A8,1,551190.5049,47498.1704,131203.2362,44479.18,26910.8895,919966.4548,4426.177,64507.292,582226.2585,7634.2785,3551.3157,4095.5772,6820.3071,31446.3744,2657.4241,19287.1031,26520.2992,16518.0803,11438.9941,106301.0356,14410.5552,102848.0326,18894.4397,241397.9601,149932.5481,37085.0756,45401.3435,9133.6621,4768.3101,2866.0812,524.0092,6796.9623,1728.999,75057.4612,9765.9179,18387.8403,703.1932,1988347.884,183008.1848,30213.3013,1624823.255,331458.2034,30601.6811,34927.2329,31529.3089,8213.9619,2769.9758,7826.3693,32796.5296,6781.1002,6214.1471,11926.0486,693.3151,37996.5586,12181.8047,6893.6103,4238.7329,2019.5507,308.7944,13810.6789,5460.5485,26228.5136,19000.5987,34574.6202,27842.5451,1711.4026,168253.9615,4152.196,6245.6422,63552.3867,39102.7428,38575.1959,477.0551,223.3292,2160.8251,533.6379,3913.6893,4912.3093,3660.7099,3861.4084,29866.0917,40189.7936,9991.6794,8508.3382,5768.8984,213568.2269,310793.1418,26755.9444,3799.4275,10430.2653,17409.6228,3874.949,117041.5904,187712.8772,92157.6266,95754.2371,55019.8354,133001.0822,2429.9983,90414.2892,3545.0591,4224.6288,14084.5335,53159.8285,58273.0697,18036.812,24531.753,88857.1973,4727.7434,7912.7402,2084.7569,1670.8711,42531.6526,5536.2685,6310.0431,6268.2578,10752.5924,4803.6413,7601.1266,18968.01,3497.8877,1482.8382,17952.5667,7919.5102,11569.8398,11745.5943,3133.4117,2870.5343,3213.2359,3017.1444,5684.7373,255.9846,9002.0412,6365.8848,13212.2555,1219.1534,32663.4265,5240.9104,29495.5397,1637.7735,26793.3173,27225.6561,3457.0652,7103.1931,6649.7933,16897.8521,17979.5873,2627.68,3070.6587,32997.2608,14019.4276,13907.0656,3607.358,4918.5746,13878.9592,4345.6575,16858.5195,1281.1719,3379.3667,6303.1546,1026.3118,23122.6254,4098.1537,4126.6392,81982.7728,4646.1792,29529.0417,8598.7869,265123.1638,65608.0694,2261.0919,54134.5928,10689.3535,1917.9205,4216.4325,50386.9942,7273.0838,35661.171,3576.6612,79433.2388,31692.0965,23282.2687,1119.7858,62921.2961,37227.1462,1124.3231,75788.5684,130822.8883,54158.6382,41816.9016,7076.0485,18361.9116,1544.6588
SMP_19DC72ED6EE2608325A0,1,533478.9433,43591.9742,132340.4009,45643.4598,23805.998,1009209.595,4102.5067,61499.1125,529058.7783,7653.5239,2043.8707,2640.5009,4253.2891,24226.7343,1893.2377,13718.4188,17240.1196,8181.8043,19323.1238,84655.9438,8141.3368,75846.6173,26225.6736,291225.2514,109471.3462,33496.6155,43156.9893,11993.3299,3136.0251,1232.9609,537.588,5825.9506,1383.4871,40006.5863,4066.5057,9138.0133,555.8973,1486300.49,68047.3608,19184.4197,625480.4097,181319.7384,14493.906,25878.1516,12572.2191,4556.6622,3352.8261,8314.6101,38079.6854,12778.4364,5338.3723,5528.0479,2.943,40246.3233,9147.1285,4767.9149,3947.051,1743.8201,341.3923,9244.2556,4382.5574,19655.5,15610.4444,33073.9737,23403.1557,2209.3338,198699.8971,4200.7327,8096.8649,84519.8303,43624.2274,47938.2621,555.2225,95.6271,4365.6066,669.225,3610.2446,4738.3587,3044.0048,4210.1808,29515.8135,29616.3266,8129.4056,5282.1193,3301.3247,190569.4051,261889.9859,21459.689,3797.3149,6955.5172,13231.4099,3747.1412,100710.0063,175100.3793,76651.5548,101821.4312,44200.6638,141826.7431,1937.5959,114822.8774,3221.2488,5225.8148,12074.3594,62010.3414,76171.8197,18761.4514,37932.6237,84793.8739,5206.3557,8841.0315,4278.5301,1974.7387,47733.1879,4436.2547,5131.6749,4480.7061,8211.9136,3652.2935,5385.6931,12659.5199,905.4799,1087.0282,17247.4096,8760.1643,11014.564,11724.802,3392.7899,3541.1593,1820.7364,2051.8033,3682.7449,3.5062,4880.9303,3492.4759,5185.4872,3.1727,14559.4646,2309.0225,11462.0215,1382.895,16205.9509,15253.5108,5023.0553,5987.6857,6276.5706,13293.3344,18661.9777,5123.5898,3476.7426,33124.6877,15416.2981,19592.0022,3863.7674,4441.7916,18288.4997,7965.6026,13166.6482,1760.7582,2302.3179,3119.868,537.714,22272.4009,2912.9668,3540.1137,74033.6729,3859.2398,23164.5097,7216.8113,258350.9026,62124.2061,2756.521,44882.9983,9333.6891,1639.8548,4019.5523,42825.944,6988.571,30780.4113,2302.0868,81437.7714,28064.2696,21557.1708,870.3544,66753.5571,34700.3821,1497.7209,110159.4102,144505.692,60206.1891,42133.0044,6448.8869,16205.2753,2549.0263
SMP_1AAE4252B07F0C6F54A0,1,547957.5289,44021.8965,121653.4229,42792.1166,25554.3314,898946.2611,4284.4733,62611.3546,522836.9459,8185.7789,2555.1028,3211.1165,4544.6193,28238.3911,1645.1967,19480.0445,24281.075,12415.6053,23435.807,96922.0381,12065.7429,84749.1854,27159.3394,240836.1767,138860.1259,31007.1643,42651.5184,10982.4639,4585.1318,4125.9712,1054.5052,11796.221,1840.4926,102279.4609,11385.6911,14840.5037,904.3376,1858405.421,159722.8448,30453.8767,1875840.312,354652.2031,47186.8579,21479.098,36535.5869,9629.5617,3970.2027,12341.7048,69614.4657,18184.449,5114.6948,7795.4656,729.1497,79019.9571,9099.6523,7755.2789,4113.2772,1138.1911,378.1574,14929.0865,4175.8228,22943.7943,15493.1336,28694.609,18355.5681,2228.3764,197814.3286,3971.6713,7637.7417,85605.8847,33084.0882,28013.2676,499.5241,572.3292,3231.9697,706.0754,2969.2692,3712.2451,2678.1131,4008.8427,26181.2668,32529.493,8905.7256,7577.4614,5029.5141,217432.1764,272817.6938,26692.3288,5190.8751,8749.0441,14225.8777,4553.8339,114835.317,186331.5092,71584.3581,92357.5357,30011.3736,173694.8901,1493.6512,145071.9512,2417.3371,6004.3898,11742.2454,68583.932,89142.7698,23478.8993,58224.9145,117675.8807,6066.8884,11783.7411,3079.5842,866.4115,67794.1139,5298.6165,5777.6597,4135.3207,8048.5094,4865.1343,4841.7744,10180.7755,1030.402,2534.5152,25226.2746,9182.284,11389.4269,13418.6384,3358.2659,4673.4421,3311.2221,1743.4855,4087.1684,176.9906,5143.6107,3766.1836,6052.8585,998.7045,17999.5563,2831.5738,12663.477,1416.1931,22065.3079,20051.4453,5371.2074,7398.7766,8949.0689,18253.119,25016.6624,10435.3834,4212.0179,44283.1059,21354.395,25919.2303,5301.5253,7323.7585,28879.9319,12041.0426,15662.0614,1020.6387,2830.5672,5927.6736,1514.4714,23073.6602,2694.691,3435.6044,78047.8483,5907.9236,22783.073,6713.2357,240802.8417,64377.7354,3822.7904,49239.7282,12657.5882,2034.5404,5533.1789,56002.8743,8577.2952,36586.1702,2388.374,88022.1398,30664.0519,25989.4398,1109.69,73557.8677,38273.5437,2595.4526,97193.0251,143212.7386,58095.717,42129.6807,8469.9911,22961.9012,2468.2138
SMP_2915AEF5B8B838EE8004,1,564419.3367,45460.403,135369.0252,44982.4698,27439.6573,996579.2975,4619.7654,69125.9135,563186.6289,7404.0578,2303.091,1608.3083,2809.4046,21206.6765,1219.3466,10088.8894,11960.2958,6728.9071,13951.9571,56812.2029,8431.8902,52828.0255,18492.8257,170869.0419,127381.0309,19869.7128,20479.5742,9282.0216,5759.7618,1717.7511,280.2774,5574.9747,1862.0605,48723.4836,5871.2507,10489.7813,1017.5599,1524488.128,127369.6452,22981.4821,1148376.191,218448.3194,24508.6293,25375.9011,28797.1029,7875.0715,2335.2066,7704.7227,47765.4928,22256.3252,7069.4034,9049.2551,1336.2012,70864.3666,19084.5052,8376.0009,6990.7699,2983.4767,457.4054,7274.716,2595.1634,16324.5819,12615.2895,30512.2562,25511.1515,2206.5514,234136.9879,6109.9292,7521.9446,77849.64,41126.6324,31089.4249,1002.3471,503.935,2541.7147,796.7856,3016.5468,3069.4844,2612.9846,3905.9997,32664.6864,40309.1248,10665.9174,6511.7665,3954.6699,223844.2992,239919.2531,29604.469,5845.6647,8086.6312,10889.6365,3785.2434,114811.2223,170965.7697,68393.1332,86870.5688,27058.9797,172110.6101,1163.7176,152986.7283,3006.9999,4258.5873,13392.9796,55173.6518,78766.0434,22707.6655,56221.4574,110257.8351,7017.2703,11784.9505,4053.3882,1163.933,66495.686,4623.6031,5659.7862,5243.5037,9022.3197,2575.7631,7328.5463,11034.2198,1368.6039,1100.0652,20533.9416,11087.1256,10335.5377,13425.6822,4137.4708,4998.1585,2689.2339,2642.1009,3312.6395,345.8924,6055.5236,2418.2716,3436.1396,2127.2664,8755.2551,975.7348,8600.1155,997.2129,14034.0327,14761.2326,4603.0263,3834.7343,6961.9254,9741.3487,18311.7729,9234.5001,2170.5669,34847.4069,18564.0943,23133.0239,3101.0382,5649.4535,25976.8024,12669.7268,17426.4665,1471.4263,1046.0377,4085.5555,697.2816,28669.3729,3071.8153,2120.5992,68800.0972,3327.2089,21908.2387,4230.3283,246705.7819,54650.7719,2136.3183,30273.7086,5651.2285,970.414,3111.0309,36154.6344,4841.1478,21032.3733,1468.3954,60231.4322,34397.1309,16689.0596,533.4516,44174.9954,22624.3642,1512.1242,69827.0974,154563.2987,45777.7918,45640.8197,3559.5241,14275.6811,3422.3979
SMP_9E86B0C25E6FB69BF640,1,553681.6231,46909.399,139200.4757,48096.9447,27637.8089,1020043.537,3848.9842,70035.1364,547283.6049,9039.4181,3323.4187,3812.8571,2595.3406,25623.412,2099.8197,13593.1104,14947.7526,10827.2782,6063.3215,62282.0673,10614.6401,67469.369,13028.052,186027.4744,88510.5248,25675.625,31746.9093,8610.3776,4070.5945,884.6181,619.0383,4124.5865,1118.0649,22476.7097,2514.4085,7626.7195,350.9989,1157392.364,20934.7538,17268.2327,283961.9598,89312.0789,8005.848,24876.1808,6982.9277,2899.7861,1331.2399,4302.363,25309.1693,4041.7417,3340.7513,7737.5488,118.6901,21433.7588,7914.6936,3882.4294,3188.5233,1512.8954,524.602,14906.9484,4136.4536,26923.148,21445.8897,33085.0991,29424.8054,2162.0808,167132.6722,3088.7036,9183.8995,105091.1958,48505.3935,58071.1252,802.8679,1100.1467,3656.7857,777.2899,3680.9899,3372.0797,2795.111,2268.1403,25942.6,14244.0336,6694.2378,6184.8659,5396.8319,166905.9211,248098.3264,24133.4406,2797.7694,8375.0423,16607.1725,4121.6893,94581.4371,184428.3214,86836.0457,75754.7549,61352.6263,139523.1421,3215.9556,55324.6148,3678.4156,5414.6824,12460.4977,52476.6693,85160.7021,17491.767,22745.0563,55030.3378,4425.6624,8486.9633,2554.0451,1177.7067,35507.1544,3501.0125,5777.2315,6091.2773,11327.7645,8756.1504,7698.1335,19854.0155,6059.7337,4251.3402,28059.6113,14341.3821,17551.2104,16261.8832,7303.0518,4940.6154,5271.8915,3778.0317,5392.1881,3.2189,6852.159,1900.2223,3088.7502,974.2012,11138.2499,1353.8253,7999.4228,1601.7977,16162.8212,9370.8515,4361.8713,9232.8209,7974.6366,23792.0534,25621.6494,3446.0634,4381.6578,58671.7247,26925.5711,18594.5568,4111.8948,9240.6432,26219.5789,8779.4334,8898.3411,1196.5264,1024.0737,6532.0979,794.2502,10992.7573,3511.435,3529.2323,85508.9725,3847.351,30516.571,7149.2034,275221.5673,57478.0583,2301.9849,44806.2095,9879.3146,1557.3991,4737.5471,44253.7059,7342.8972,37410.69,4032.2624,78360.4123,35474.0115,25426.9016,1512.366,69980.4315,42404.2676,1346.2534,83181.6011,127488.694,61473.2305,44633.3142,6782.425,15847.0541,2026.143
SMP_FDF883AEC69AD35A27AE,1,542483.0621,45859.1816,130495.7645,44176.4535,24781.0174,951646.0659,4543.435,69504.6058,547392.3817,7067.6705,3357.3609,3092.5169,3896.4762,20058.5259,1406.1403,11805.1851,18637.0911,12329.1889,10439.6052,79572.9282,15939.4165,68853.5831,17400.4398,197187.5471,116007.0601,28368.9541,35395.3282,6636.2118,5307.4739,267.9881,549.2479,5853.1051,706.5081,51263.4145,7981.7644,10269.5393,673.4567,1594779.154,144626.2391,20978.1924,1329841.498,258796.0832,29267.1151,22359.0038,23097.5442,7319.4225,2761.757,6461.0808,25865.3827,6321.0416,3601.9324,4537.4736,362.8162,37346.9636,8375.7408,5996.6008,3085.6128,1350.7279,261.2171,7091.7752,3851.6758,16069.2053,11651.2185,25536.6249,18003.6257,2269.3843,159160.983,4748.6446,5795.6101,66105.7371,44226.324,45218.9679,103.5401,595.5531,2953.7612,688.7752,3783.867,4565.4562,3820.0333,4436.9203,24251.9856,41760.7002,10752.7143,8304.7806,5566.2292,216915.9098,255321.6866,34691.6987,7361.4819,8598.92,14825.0329,3243.3689,122502.6761,204317.3773,77053.5923,93289.5641,41858.0654,170063.0403,3799.0237,114163.0429,2913.3274,6028.2844,14118.8357,57137.6188,84091.4851,20490.3887,43575.823,98142.8651,7671.3025,11507.3209,4957.3724,1047.1527,70392.3148,5368.4003,7226.4575,3675.7566,6093.4305,3499.0579,4881.2933,11220.5165,1285.9708,1646.1115,21476.3046,10506.4911,11279.6397,12560.8241,3252.731,3900.429,2499.2089,2290.5324,2775.3078,3.4497,4939.9255,3055.656,4881.8104,215.2669,16396.0547,2191.518,11381.0012,1318.8394,20323.1244,16946.2513,4278.5455,4892.1489,6462.9145,13868.6861,23164.2637,6867.1639,3161.0832,42861.795,16643.1593,21942.3693,3715.1597,6045.6128,21790.753,9097.001,15466.9085,2043.8493,1757.4734,5218.7668,1121.97,21014.0965,1714.5589,2882.7485,85711.8246,2977.6714,24299.0996,3245.9667,223716.058,51326.104,2905.4725,32340.5904,7409.9346,1381.7511,3416.9158,43380.8144,4629.0289,32404.9756,2439.3238,70884.4212,40378.525,18491.4343,1297.3089,45978.4152,26327.8624,438.6987,65230.8867,117159.2001,43974.9989,39388.693,5621.0997,16344.86,1959.3486
SMP_C73C87E44447D2FB7C3F,1,522088.9809,49011.8063,122842.7654,46790.9696,25843.3055,960481.9448,4262.0199,73007.6515,544657.1276,9053.3919,3661.3856,3399.326,1647.4569,27290.2097,1948.1436,14605.8313,20176.0332,12420.6444,2508.0441,77498.1176,8960.7075,66675.5677,4481.0744,201426.6083,93038.9055,35298.806,30370.6742,6928.478,3674.3503,258.0458,490.8809,3770.6864,740.9964,32860.001,4924.7021,8572.6308,504.5446,1201181.112,60839.2721,18317.2859,705676.6033,196363.0075,18342.9865,20555.9955,16065.2879,4067.9839,1464.8152,4366.3339,18664.6844,7453.1469,4102.0341,3807.619,2.6227,34186.5741,9353.5575,4092.3655,3551.3621,1290.2616,394.0947,8763.6231,3927.4437,18256.5602,11067.4999,22765.5665,18653.0224,2191.836,155525.6446,2937.5091,6890.4664,70411.7578,30609.6228,36033.5221,503.2176,2.7664,2370.8324,799.7937,3979.6345,3543.0586,2804.8054,4036.1457,24869.955,20136.0108,9536.8048,5984.4551,5832.7238,169224.0558,246274.7785,21965.0396,3739.1331,7571.6621,15516.0736,3456.2902,77361.0984,182883.5093,75094.5285,94003.1245,45122.6463,113248.5014,1020.4757,101178.7583,3568.2099,4571.4709,11461.3794,56443.0907,59138.5919,18107.3251,33520.0465,75572.0354,2884.8817,10059.7018,1463.3978,1352.5476,47539.6306,4230.3074,4956.5042,3859.8164,6847.1782,4250.4252,4004.5499,12421.7241,2254.719,2094.767,15710.5189,7011.8265,8547.3998,10472.0504,2638.7873,3348.1707,2655.3011,2990.2566,2655.6767,183.2546,4606.2103,2976.9261,5718.9654,1586.7183,15344.9717,1448.2588,8941.6798,1541.995,17527.1169,17804.0492,3360.839,5819.508,4582.2496,12413.9746,10347.1249,4174.9724,1919.8046,20963.8423,9951.5904,12395.2439,2177.11,3953.0661,15668.7914,6122.1202,13580.229,1660.9051,970.8261,2846.4778,950.3399,13348.4336,3544.122,1944.4669,76226.6943,5385.3533,32816.1812,4071.3454,239801.8154,55334.1613,620.7627,45109.2424,9969.0174,1795.0728,6384.0884,59045.6007,10946.9854,33426.0477,3693.3237,72951.6745,32642.9992,30426.1975,1652.092,50514.7095,34700.9938,260.9431,73379.4657,119533.7778,58203.8208,47472.1797,5992.6415,15030.7025,1753.0023
SMP_E110CA468059508AE18E,1,543089.9214,47159.7206,132879.3111,47131.8896,26391.0271,1017148.725,4662.4633,64984.6983,566312.3008,7979.5013,2786.4125,2575.4141,4211.551,26340.3834,1997.4321,13582.8407,17751.7191,10102.773,7562.9466,81350.097,11348.4109,69560.1708,16176.255,200032.9846,121725.2468,30447.933,34530.9817,7688.3974,6688.9284,723.7801,287.7609,7250.2925,877.4583,41220.4706,5598.9215,9257.8307,797.1976,1632666.204,90132.8988,19233.3516,880069.0444,187264.5523,20799.4643,27232.3938,18300.0341,4551.1313,2024.9889,7000.4796,27368.1009,7238.6753,4840.1592,8955.3808,158.0094,27740.6582,9081.9105,6031.4169,3204.2395,1556.8205,119.0177,13883.9738,3943.6606,23520.1619,14603.5114,30889.9633,24198.9784,2508.7612,211351.2111,5381.8748,7771.3874,79065.1947,43524.6162,34013.3464,954.3364,184.7439,2884.6201,816.3346,4690.1921,6908.6569,2569.6697,3631.6312,26630.0672,61484.9429,11808.1443,9187.1631,4935.9507,232836.7285,279309.2847,37979.7361,5245.7217,9767.701,14531.5311,2950.6139,127983.6079,187562.449,81193.7381,98066.7735,41645.1711,129570.985,3392.6185,95274.0267,3171.7922,3698.9524,13353.5356,63378.6632,60062.6601,18885.2831,29165.145,85119.9886,6635.4179,9749.7982,2491.948,1454.0369,48218.0191,5470.0347,4877.3573,4596.0502,8932.1947,6163.8445,5886.0287,16248.5363,3140.2741,3258.385,25308.8671,9181.3311,10933.7149,14324.9792,3352.1952,3989.7698,3059.6274,3104.1544,3590.7272,300.5838,6365.9477,6185.8196,12600.2776,817.7058,30808.5147,3924.5981,21370.2388,1387.2342,21463.4625,23648.6865,3958.3774,6581.0831,5768.232,14983.6898,20628.0523,4523.0043,2685.2011,33416.6721,16727.8302,14634.5338,3291.5673,5043.3812,13193.0753,6887.112,22042.2264,1974.0223,2531.7739,4870.5779,1256.0345,22180.1426,3203.1586,3201.3865,75720.8254,5390.5663,26399.1651,5083.5381,256122.0841,62164.9632,2457.8618,42903.8569,10460.6183,2109.3199,3582.3347,45579.9397,6104.3407,34770.002,2746.425,79689.9408,35168.3507,21265.6421,789.7714,62670.8006,31829.7148,1201.037,89915.4504,144703.5983,59652.6899,41216.7045,7924.9082,18138.8999,2298.2494
SMP_FBCC3965DD13BB08D7EC,1,524647.7945,49709.9279,131909.1139,47695.8447,27332.3966,921003.751,4296.9195,79636.6216,596796.6679,7154.2182,4334.6474,3808.6695,5733.7651,32518.962,1860.1049,18436.2575,30576.873,19609.4533,28754.7782,114016.0835,16389.7869,104167.2425,32063.3285,252735.723,113477.6501,37031.669,34780.6655,8911.5995,4903.1711,1662.3442,360.3589,10650.9886,1378.4707,61487.806,4600.3716,9783.6961,373.7874,1602323.331,49545.2862,22698.2277,865605.5506,259916.1678,24400.0298,26100.7177,17760.5507,8066.0278,1325.1641,8059.7118,23823.1853,6119.8819,5400.3058,5686.6933,147.0744,45210.4137,10721.8645,6410.9321,3571.4559,1457.9295,2.7765,12836.4538,5089.3913,24336.8081,14996.7428,25227.567,13629.8161,3096.8091,183074.4008,3115.2618,6719.5626,73117.8452,31842.1845,54368.1801,638.0297,2.8105,3356.7718,546.9108,3480.4889,7031.6964,3126.9748,3974.0506,26243.76,31513.1813,15832.4675,5891.422,7185.9013,189172.19,320266.3489,32058.6694,4595.0601,6572.3465,16888.821,3184.0402,99062.5759,205140.2983,89955.3559,98949.0172,54889.4771,123004.6178,2499.259,84833.4146,3524.6532,3544.1812,12913.9038,60117.6049,55926.7623,15127.0577,22947.3507,81007.6607,4065.6913,8364.5291,1597.9397,937.9232,47940.3591,3981.3592,4752.6763,4841.785,7532.0467,8341.7986,3132.323,17677.4647,3067.359,3828.0271,19617.0727,7742.8721,10103.1682,11913.485,2522.6052,3528.0221,2634.4657,2575.9231,2444.5171,123.3817,2512.5946,5773.0398,15540.9582,81.7157,53009.5328,6856.8682,20613.3848,1300.2764,27078.8565,18904.4402,4757.3666,8220.8547,5744.6181,16760.1944,19921.5818,4884.6042,2494.6937,28108.9996,17490.3977,19328.7277,1887.37,4677.1414,15793.3116,8280.3063,19251.7799,1937.8392,1679.2381,3946.1169,438.6159,15419.3928,3754.6672,2944.1463,85145.0641,3888.9455,24190.4399,6013.8081,232380.3747,49676.4404,3269.4789,53997.5154,9673.5608,2409.6827,4740.9648,60439.1567,7223.3895,37742.8422,3697.896,82763.0168,31994.8882,27148.9126,1224.9968,61799.1741,29642.7112,2321.356,84513.1909,115312.4816,48285.9338,33206.4619,5413.8419,12669.9106,1259.5912
SMP_5341B6F1F6ED6CC995BD,1,547065.5991,43547.107,134839.5656,44110.7199,26405.7785,972596.2667,4594.0349,64647.1506,584028.5357,7288.4104,1682.3251,2493.5385,6100.9646,28543.8988,1611.7658,16334.927,13978.2778,3967.1956,20800.1863,68126.1145,7863.5293,46397.769,31421.0483,249398.8121,139988.5449,19398.6179,19019.4394,11044.3231,4659.8156,775.481,430.6294,4847.9072,768.3131,32371.9458,5685.2486,6098.1321,470.5145,1474367.785,126078.5565,14880.5613,860606.7429,158313.6081,12511.1871,24392.0481,20201.8706,8487.843,3381.667,10128.1233,41702.8235,7045.2603,4589.5857,4871.3342,1166.9534,43226.1473,8771.478,6410.1575,2980.0304,1584.9654,2.9124,15848.0635,5085.244,22162.8319,12348.7693,41696.8845,33799.0239,1752.345,181078.1327,8143.3157,6308.9291,72432.0371,40375.2468,27075.1743,697.1378,629.6719,3730.3228,271.6226,3322.4553,2258.0963,3548.1931,4410.1071,38604.4819,69122.3266,9659.3198,5222.8377,2478.4358,239364.8907,275156.5328,32408.5184,6289.1921,5240.7126,9546.6929,3128.0247,134564.0881,194060.4904,85821.1595,116080.6798,33977.9465,189311.0613,2279.5725,107374.5848,2582.3503,4497.6381,21814.882,89177.17,109446.7742,25311.6601,32249.2026,100359.4842,10702.9628,11391.1492,4611.1171,980.6016,67108.1646,7283.6222,7797.0285,4366.0244,10444.3893,3078.5878,6097.6498,16879.8342,598.414,1044.0231,22960.1755,14545.3225,10603.5509,16478.2713,4745.2809,3738.5865,3125.0899,2723.724,4499.1716,95.2348,6666.0341,5420.5727,5102.1059,1209.9266,15558.79,2231.2907,18724.3109,1915.8424,26976.0092,25705.5619,5474.1789,7227.558,7766.6818,16183.0334,29789.903,5442.6718,5590.335,52229.2582,26170.9186,26147.1835,4396.0629,6947.4102,27733.3065,12264.496,17300.0824,1540.5191,2539.826,5051.7852,1039.7173,27814.9235,2290.309,3381.4806,74058.7507,2731.7632,19882.8811,7377.5334,314615.6298,61448.0968,4744.3635,41556.9391,8435.2682,1278.7794,2174.8453,38480.1773,4079.0936,16892.7906,641.543,74945.6903,26372.6522,12147.3412,1375.6384,44483.2588,15140.4159,3730.6777,112391.1806,181813.7317,49751.5458,42322.2588,3792.302,10133.9922,3581.4165
SMP_43CD90AE1AB9B88FB0C1,1,557781.0909,45927.9186,141710.0782,47367.4224,25002.0769,954006.5908,4797.1134,78942.8755,523936.8809,8227.8324,1494.2654,1433.4641,2113.1911,16470.7538,770.0495,9326.8294,9285.7761,4025.2961,5833.1601,49808.6573,7968.6772,38972.0773,9288.5185,156613.4994,109519.2337,21929.0736,13457.0492,4908.4395,6778.5492,1276.8218,409.8608,6861.4141,632.762,50210.1087,8470.6534,9843.7799,866.0233,1811843.31,175026.4067,19005.0851,1240135.996,272073.7278,20643.9841,27700.751,24083.2147,7194.0772,2919.1971,8155.0788,35209.1094,11794.9417,4490.1166,6394.8475,514.2304,60514.834,9105.3053,6491.8436,3128.9972,1355.169,3.0037,7290.3689,1319.3359,16396.546,7946.6774,24374.9559,28824.7822,1706.6409,160590.7198,5583.5218,5328.7532,59969.2549,35114.4447,28886.3631,549.1391,3.8508,2788.1203,629.5599,3156.1213,3091.9288,2393.4697,5006.1612,34508.9894,45941.1431,8438.6827,4238.6096,2467.3602,201220.7901,242010.2966,25047.1866,3403.9429,5747.1447,9799.1668,2581.586,93445.321,171058.0181,71723.6844,90887.4476,26006.3961,141710.5365,1142.8395,123840.0834,2324.3749,3822.6292,11976.7313,54225.8083,71905.816,24714.7011,45300.4913,104117.015,6074.9496,12712.939,1646.3898,1552.7284,75989.1796,5280.8255,5654.6361,4891.26,9261.9643,2478.4411,6742.5586,14884.2241,2306.8024,707.0337,20104.6205,12096.5633,10628.9842,14638.1578,3717.508,4380.8638,3737.2603,3269.9996,5117.8818,3.622,7383.019,1288.008,3544.2073,1413.4402,10630.5823,1023.1544,7141.3707,1484.4212,12513.4472,15755.5082,2914.9616,3150.8065,2558.3596,7288.5684,13186.7647,3858.2345,916.7966,23140.6748,10581.1359,15816.8706,1984.9005,3435.6438,16132.1282,7515.6269,10655.9863,1720.3062,1190.0969,8620.0956,943.9748,20163.3392,2796.4694,2294.7407,67923.8479,3389.6115,20068.3485,6255.3279,255394.8506,59622.9649,3276.3748,37620.6958,6313.6429,1461.5377,2267.3518,36370.7695,5003.7481,18749.7093,1508.4398,58463.677,34035.7603,18383.3509,1522.3274,35644.2908,18540.4406,571.2756,72598.0626,157207.6495,50414.2493,50461.84,2960.9059,10269.2635,3604.9265
SMP_F591BE79F92F0C99C6AD,1,571052.7605,49400.0605,142771.6167,48933.2108,27303.0464,953124.3009,4277.9023,73074.5414,554123.9973,10798.1127,2805.2992,2831.3894,1948.0847,27112.2197,1709.6774,11695.7714,16724.5047,11002.0251,4607.577,73568.5514,10016.8093,81021.2248,7406.2791,204472.5668,107141.6544,31560.6046,43273.6076,8730.2052,6101.4153,1828.9206,339.9824,7325.6728,966.1585,40733.9377,4441.1292,8113.825,884.308,1281664.772,42577.1931,21864.8939,630879.3169,146893.9987,16418.219,18793.9917,20500.0975,5950.5026,3416.3715,7596.2036,35223.0087,18191.5949,4383.5776,4546.4935,742.2817,74042.4284,9925.7563,7018.817,3485.7805,1701.9078,162.2584,7795.8433,1802.1025,16094.9863,13249.8007,20641.4971,16099.8512,3102.8803,205054.2975,4678.373,8161.604,90276.556,43652.4495,45628.9468,1064.5299,704.1743,4064.503,1153.636,3640.0142,3748.001,3028.9917,5194.2651,26241.9729,24359.7941,7213.5851,7327.6923,4995.0001,180463.3619,238481.0559,3119.5758,4842.2461,10624.1668,16968.3396,4321.7534,114545.872,171264.4698,61784.3319,78862.6182,31721.1238,135119.4995,1964.5764,148007.4695,3515.1812,6842.9416,11846.9925,60091.0938,72254.994,22832.5929,64178.1465,101108.8642,3910.2719,12787.4189,1581.9718,1027.9492,66651.9392,3802.7871,6437.1552,4133.1933,6399.625,5335.2032,5017.9239,13784.3885,635.1829,1797.8817,23111.0952,11577.3743,11733.2334,10427.4828,5912.0977,6126.679,1907.0012,2149.5458,743.7449,331.3284,2368.9821,1958.9526,2851.304,278.1752,10654.6353,1613.3855,5916.4509,1439.1616,12773.2464,12343.0984,5254.5078,5240.8489,7719.0392,13326.1588,20692.5531,11382.6072,4000.915,55326.5089,14005.2323,21225.2133,3697.6477,6045.5032,34875.093,8332.8785,9991.8471,510.759,2481.9877,5419.1979,1040.7892,21438.8086,2674.328,2671.472,72825.7345,4221.3459,28298.3228,3782.6778,261358.1837,51707.8814,1053.1743,34493.4921,7942.7673,1573.758,4151.6431,40304.3974,6089.5988,31389.0297,2214.8838,66970.1122,31373.6659,22620.4689,1033.4437,57015.3383,33465.3108,372.0333,66799.6526,121748.3971,47363.0089,38112.1921,7316.8285,16833.6477,2619.7333
SMP_66077EBC956EBF2F1D60,1,523040.2337,47869.882,136769.5647,45576.5772,25936.4452,940399.4645,4183.23,70262.8984,524772.9438,8347.0205,3549.3832,3319.9929,2795.4977,33100.1184,2355.9155,17462.3358,19725.5062,13893.0189,14385.045,97895.5559,10624.6121,97553.8396,17746.4439,257423.8997,107067.312,37447.716,40837.1783,11048.0679,4645.1377,1850.7815,320.0918,6396.4458,1017.7228,70139.4272,8792.4798,12907.9875,467.2965,1800037.106,116035.1995,28983.9306,1559528.399,266708.1096,21133.9672,20969.6388,33423.099,8087.2986,2412.2161,7658.7873,21611.0022,4446.8594,4026.4737,8315.7724,541.9952,36933.5067,8841.0372,6057.3393,3866.0189,1304.2919,2.9981,17949.4914,4610.2031,22192.4528,16193.2679,30525.7176,17735.5007,1602.4628,146751.5189,3500.6533,5747.3992,59209.5623,33398.9504,36113.9216,250.1638,163.173,3217.8764,935.8334,2827.806,5541.3656,2918.0328,2874.8176,24121.5174,40728.4194,11032.109,9536.7922,6711.203,212453.124,273196.9474,27175.3916,4259.0207,9929.4042,17136.2188,4243.1368,107716.1453,188952.5409,78204.3573,98172.682,49524.3473,128471.9812,1811.2466,64273.6536,3391.9101,4073.2493,13156.0719,58396.0601,58571.3026,19356.8817,16205.5799,69271.1257,5859.0558,10954.2874,2720.3861,773.9518,42105.3036,3567.7017,5278.7016,5226.909,10419.8065,6530.5633,6803.666,17332.4079,4550.208,2698.9607,20189.1485,9274.3285,11565.6995,11568.5163,3872.4391,4004.2688,3245.6869,2663.0444,3177.5223,435.7963,4515.9252,2408.9939,4750.7976,601.8718,13486.3143,1482.4074,8738.2869,1458.2566,11684.8577,6912.7971,5048.9041,8699.0929,7980.3054,21930.1077,21266.7401,3434.5765,4796.019,44387.4793,18375.9988,17269.3226,4187.9019,6227.5653,20747.1151,6864.073,14517.7309,2082.0622,2143.2866,4261.405,728.8851,14649.4385,3700.1928,3401.4142,88115.6715,4790.6295,30214.3323,5735.9579,282460.0733,60100.6874,2402.649,56163.3978,12059.4216,1647.5409,4089.8298,52165.5295,7338.1992,39201.3649,3853.9887,88471.8338,30156.5041,27874.7495,674.1088,73431.6113,44706.141,1100.9219,101125.2698,125339.3491,62286.8948,39909.8386,7379.0427,15595.1495,1468.0897
SMP_28F212A1902054514A88,1,538240.8304,44806.9528,129560.2746,42312.6436,26286.8184,980746.4389,4327.3124,73379.8647,520529.4817,8180.3315,2417.667,3009.3342,2331.0992,23001.9228,1998.1863,12894.7831,16354.5063,7736.6184,5091.3535,72545.0186,9880.8153,61771.4534,11185.3667,207487.2074,125501.5419,31672.9363,32704.018,8018.1719,6360.6162,2178.5569,572.1647,4994.3034,571.7134,39720.7999,3360.5268,8627.6024,494.2069,1451174.058,82943.6528,22301.145,1296318.477,290407.0509,43729.9043,22762.9812,31905.0067,5823.5508,3078.0139,7591.9461,48752.5939,9363.3144,4501.7732,9000.2315,333.2178,33386.1272,8538.9756,7188.3812,3051.3265,1384.6801,509.5421,10238.2845,3851.3085,18836.9211,12971.1539,23703.1986,16679.4704,1293.679,138941.3404,2955.7663,6058.978,64622.048,35455.6984,29464.8649,607.6856,258.9298,3280.7022,595.2033,2057.6264,2950.2006,2431.892,2870.5834,21181.7742,19392.5701,7653.0904,4640.9474,4079.1434,183428.1965,255853.1291,36941.7311,2896.4524,8317.7519,15512.9111,2571.3848,94579.7973,181190.109,84346.2057,92626.7427,44038.3398,137808.147,5109.7965,98105.671,3452.9257,4990.9643,10597.3502,66340.1237,74623.1648,18608.5179,33365.4882,63363.6549,4878.7233,9324.9686,1844.1888,1015.9929,49273.9045,3809.0606,4123.8208,4293.5153,8357.5363,10059.6105,6059.5859,16870.8787,3276.6099,3863.345,21723.0778,10642.1398,12715.4024,13342.686,4603.4298,3476.7622,2706.501,3515.5135,3573.467,481.8858,4447.7986,3928.7314,4743.4629,520.0168,14957.4799,2093.0713,9739.0299,1493.6752,18231.3,14287.3034,2316.7079,6862.6525,6570.3451,15538.0272,14326.7817,3224.3944,2624.2711,24660.7715,12034.6607,14470.939,2553.6039,5225.451,12435.4782,5871.3445,9484.0781,2156.6778,1151.9428,3618.1112,900.9598,12631.6402,3344.8115,2579.9627,75628.5108,4397.7349,27042.4841,5810.3914,262408.8792,59827.4183,2248.76,46892.3555,10651.0752,2455.4651,3774.2138,48134.4863,8065.8322,29697.9195,2502.934,78444.7168,32682.0164,27840.1905,1074.638,54717.8006,34032.6127,269.4743,88602.0529,140201.5314,63999.7213,47089.1332,6711.9584,20711.4711,2544.564
SMP_F8C0BE3A8DD729C80C8C,1,509014.4945,49171.7772,133199.2326,44952.3972,26329.0043,998949.1521,4088.7778,71818.1852,562509.4493,7839.8883,3440.5444,3349.6797,2927.2064,25172.7053,1767.6911,10323.7959,16919.6601,11634.4579,5817.8526,93591.2502,10787.3125,75488.5717,11483.9349,251575.3222,101876.6528,41695.0638,31364.3379,6566.3679,4342.3629,1135.8995,715.4814,6193.2447,1195.6047,36266.04,4283.6132,8496.9775,666.6093,1579543.753,60833.4678,18213.6087,590772.2858,148535.8685,15547.3561,28635.727,15705.0924,3621.475,1388.0425,3596.3633,20806.4557,6461.2229,4776.0505,6416.2532,79.9708,25734.2631,10160.6573,4992.3831,3514.3706,1582.6419,701.8559,12960.4446,3639.5569,20408.2697,12009.0768,24379.2057,17258.0599,2247.3454,188875.0403,4972.6063,6782.2684,71034.3364,50325.7199,54550.0144,668.531,431.2491,3198.9774,1386.7358,4300.5193,4896.9224,2701.9864,3816.0705,28174.6959,32950.5997,10005.7163,6632.065,4792.1897,199443.4521,270025.1596,29680.3304,4606.9229,8169.0976,13561.1241,4314.9451,94311.3707,171381.7772,69916.5559,86441.3383,40519.7453,146520.4401,2321.061,128181.3124,3521.3954,3491.4464,10367.5018,47783.5644,60666.7488,22016.4631,40697.771,96663.3106,4257.6495,9064.0973,1907.3325,776.3708,49360.0561,5394.9479,5513.8124,4942.8983,8607.4055,7341.044,6038.6359,16676.1122,3580.3826,2649.7372,22870.2576,10903.6792,11452.304,14137.4772,5130.3,5534.5575,3108.8348,2746.5177,3811.3865,5.3365,4412.8719,2327.9672,5031.0443,486.4686,10832.525,1585.8064,10272.6425,1351.5775,11337.0384,14172.8872,3441.0343,5041.3311,5425.271,14153.9601,16338.5258,6067.1135,2288.7965,33900.5973,13196.6274,18084.3025,3106.6077,5488.9326,21852.3927,7222.8379,16941.3622,2286.1008,1838.3917,2741.4405,874.4569,22938.0573,3506.8525,3093.7683,84785.2136,4404.56,33452.2286,5189.5576,265699.051,62024.4525,985.0139,42590.1807,8651.5988,1589.1769,4381.6403,51848.6209,7866.1427,38096.3425,4654.8044,87479.3988,36704.9719,37322.8472,1864.0669,60476.5089,41837.0322,1589.1567,89644.6984,123065.5494,77754.0844,46025.7967,6121.0434,13996.0589,2127.855
SMP_50232B61D20AD3F1EEB2,1,533851.0819,48939.3345,137168.4755,50080.7553,24975.4132,910951.1716,4699.9615,77754.8058,476477.4449,10072.6247,2623.1187,3175.7903,4382.077,26881.458,1288.299,11231.7548,15814.7914,11011.1541,5764.0888,75601.0212,7358.9183,84847.9766,9024.8235,193558.4303,99559.071,29560.9392,39873.7063,9499.7054,5462.822,1335.5104,661.507,8921.4112,995.3469,83387.6051,13421.9466,15599.1127,973.476,1782041.481,176877.5649,24288.4234,1366019.646,228641.3579,23288.5548,27638.6222,26434.6205,6532.3478,3111.7528,7200.8218,44443.3978,10063.0831,4365.0081,5787.0215,341.6013,50177.7605,9222.091,3992.6013,3008.5836,1449.0056,338.8646,11991.3622,4158.3216,21936.7156,17816.9459,27388.3343,23202.4475,3321.1663,189511.293,5386.972,6681.8813,76088.5512,47743.4272,33070.6833,680.9103,2.9255,2925.3899,1280.3786,4608.7079,3899.4069,3401.9597,5532.4167,24536.3599,36402.5833,9542.2518,11269.2037,6352.1489,190780.0126,217753.2378,26276.1435,3301.0819,11435.763,14911.5924,3552.416,102816.3051,151182.8406,67229.0859,78864.1042,29309.5149,99521.9997,1419.0898,86456.5197,3598.739,4328.648,9804.9355,43980.9186,50828.1804,18666.3204,26833.3053,86351.3061,3997.8118,8313.0686,2072.5538,1260.0959,53706.9803,5218.6054,5204.2673,5499.3735,10807.2814,4617.5094,8087.6284,12226.8757,2311.2572,1727.3646,19149.1077,10399.8588,11985.0721,12378.8255,4131.6225,4635.0363,2897.2688,3364.3024,2964.4439,306.4259,4323.1558,1975.9493,3865.6783,1131.126,7356.5338,1007.1586,6814.904,1419.926,10625.5916,12551.2828,3665.561,5723.2105,5420.1157,12202.4519,14179.2956,3511.6641,3220.9823,27105.4066,6620.1203,12954.0962,5063.056,3164.0853,16151.6447,4546.9354,9257.3461,2315.3238,1244.8465,4632.4703,700.931,20940.5017,3213.1234,3231.7504,67020.6093,4524.7088,27183.6291,7503.1388,272647.027,51068.8538,1582.8488,41290.4331,7124.3313,1443.8827,4951.0348,43910.7997,6064.831,30263.734,3122.6031,70191.8659,25242.0902,24084.4442,1066.3757,56738.4544,36195.0488,547.9355,72091.0934,114964.8886,49771.0795,36311.1156,6405.2059,15260.6579,1651.6173
SMP_B244DC1C3C8A9241FFD4,1,529958.7426,45521.7192,142729.1801,47075.2579,27455.8367,1003598.688,3884.6178,77037.6984,567133.0132,8206.7823,3050.3044,4138.2629,4878.2548,29805.4153,1582.8889,14173.8675,25580.6513,19220.1091,9692.0214,105193.9718,10089.0877,128180.2668,20193.9434,318797.3263,123498.4253,53021.9291,57376.9141,18328.6212,2831.131,972.0971,373.7923,12199.5914,911.7029,37148.7002,4556.2623,7278.7517,496.3255,1316792.317,39350.839,19350.3674,501340.0355,133774.0116,12592.149,23504.9057,11512.9003,4223.1737,1963.9017,5789.1888,26740.183,5465.0099,4630.5997,4411.1799,176.7912,35797.6949,8417.4407,5219.101,3140.5824,918.5486,3.013,16436.2894,3382.3587,15797.0848,14677.3403,28551.5968,15050.7884,3407.4166,205698.1684,5693.7969,7874.5377,90664.5445,48855.3231,39578.6435,958.1947,221.051,3573.5411,713.853,7375.8511,5808.6652,3358.1304,4060.9201,30895.86,46224.5955,11786.2759,11418.1982,6022.8538,219189.6505,256244.115,28606.2222,5186.1403,11044.4042,15513.1216,4492.2847,129565.389,182087.9139,84896.1635,97805.5443,45182.13,119680.866,2893.6734,80117.5215,4839.3581,4486.9821,14815.3151,59223.0782,56360.2919,17923.8896,22473.4333,82900.3975,5109.2099,8072.4115,2658.7919,1394.3328,49765.5634,6110.1777,6315.2115,4579.5272,9911.2364,3986.8192,4980.2512,12055.8386,1487.7006,1684.2804,18725.6848,9085.4997,10839.6522,12579.1918,3027.1972,3190.3468,3240.0077,2815.3803,4160.9184,392.4922,7063.8823,5178.7189,8655.2494,1248.4724,23005.5517,3173.0591,14461.5628,1020.9281,19542.4184,20091.7413,5522.3279,9999.86,8527.6989,17339.0925,17910.7579,3962.1213,4336.3188,31926.9663,12172.9616,15943.8705,5288.0862,4403.1186,15528.3128,6309.6941,19243.1065,3123.7256,2272.952,7639.787,1093.5406,20421.9798,4921.9209,3974.4986,83072.7723,7014.3415,27469.5957,9093.2342,261129.3892,62385.5049,1536.6698,39051.4782,9867.4152,1743.3019,4711.3499,46652.7377,7415.2841,40241.4823,3037.6557,82054.0553,25911.2267,23626.0933,986.4494,75840.3851,45116.1066,1195.9525,103724.4831,125586.5479,65708.5284,37051.2593,8372.5247,15069.5681,2495.3289
SMP_6AB6BA04EB82F45B0794,1,521281.0025,47470.1538,149282.8192,44676.7404,26038.6027,959637.9448,4370.0841,89439.5006,500318.8721,7529.3032,1833.2029,2497.8126,6271.8915,25053.7534,774.5888,11065.8729,15752.1572,7603.2526,9325.6036,69008.49,7790.192,58234.2079,13640.4703,180863.536,110765.1731,23924.8397,28844.2474,6314.3026,7173.1067,1827.976,346.6814,6996.8588,1441.8047,55608.4198,6913.5194,9792.2328,932.9532,1739006.927,127281.4178,23030.3452,1224838.013,296461.2925,30269.7958,23852.3737,28025.7763,7927.6243,2003.775,6075.8859,22730.8197,5781.394,4505.5669,6303.2997,593.3676,47168.4142,8703.1547,6183.8475,2815.9898,1497.5251,216.4132,6176.7506,3649.1764,21666.242,13566.6105,27467.5275,22271.7805,1757.7759,121322.4008,3355.8396,4185.2964,43232.31,23568.9351,28492.6806,332.5088,186.0897,1684.1679,219.9648,2125.627,3607.6616,1923.0993,2714.7623,24235.3685,36696.2663,10001.0952,6719.4738,6073.7938,182693.4008,252795.0308,38027.78,1935.4646,7155.5128,13650.9504,2170.4856,74167.5838,171256.0734,73611.5074,77253.714,39943.4184,94960.8843,2444.6267,53811.1158,1914.6359,3077.5192,8659.3741,40829.8777,44717.297,14155.0239,15553.3933,71734.6574,3574.8784,8147.7149,909.1998,689.9864,44962.524,3028.0179,4090.3756,5593.0055,9381.141,5666.6399,7363.7076,19793.3713,3284.7815,2887.7802,15957.9315,9261.2783,10417.1231,10936.3886,3441.1404,2860.6718,3457.8219,3369.9113,3819.6743,703.1314,7322.1781,1673.2683,6084.5425,1178.1458,15044.838,1232.4059,7195.6926,1005.4023,10471.5779,11270.7962,2667.3131,6408.4818,4332.116,13660.1522,11385.1055,2035.9202,1740.1232,23223.0626,7738.8033,13423.8143,1816.9311,4045.4167,13976.9285,4097.4234,13432.3321,1778.339,385.6813,2680.1353,338.7212,13685.4724,1897.263,2550.1072,57928.7172,2980.6294,24490.3775,6506.724,239712.2401,47734.0497,2788.6187,44426.63,6113.1456,1153.7751,4166.991,44344.3354,6866.1284,23450.5591,2717.7016,67435.1615,26445.6518,24020.674,1324.8914,45474.1322,23071.8913,525.505,70467.6641,127951.4425,47023.1694,40321.7876,4492.7765,14276.8204,2021.7983
SMP_49AB8FAA8E5BC13EAC77,1,511041.7122,41000.7338,119401.9178,41245.8787,21971.6312,904367.6618,4010.4035,65793.3378,521048.0907,5552.0096,2875.0179,2494.2684,6883.5314,33002.3438,2011.9669,14806.6311,16434.6733,6555.7304,21449.4426,70410.4373,13499.8808,57151.319,31991.5366,217031.7808,153903.8386,31009.7341,14266.4594,7833.946,3269.1599,3873.3081,859.4585,9224.599,1448.2912,106675.5806,17072.1864,13463.9105,1403.64,2632752.209,461874.5713,31211.7185,2687982.194,362041.038,39237.167,31199.6373,70559.0744,15713.0896,8840.6084,15716.5776,55441.7021,15678.7387,5899.3766,10691.6877,1423.5338,108267.7478,11452.2865,9562.1104,4859.0038,2118.1182,487.8109,13643.9638,3542.9637,17270.5301,9650.4049,30269.3894,23899.5153,2224.124,197811.4773,10379.4455,6826.1414,75476.7615,62380.8617,30867.9029,541.6976,1382.2477,3984.9328,714.2306,3884.8219,4163.9106,3959.3762,4723.766,35261.431,98430.3733,14752.2911,7518.081,3378.9143,292915.6194,286856.6604,37348.4372,9086.3025,7203.3783,10748.5692,3359.5114,151012.6227,202111.2063,85830.4954,111951.8766,42912.8529,156972.3803,2414.5686,136328.2352,3030.4718,3389.4104,17707.2412,69577.945,72396.814,25226.3674,42268.6667,110604.228,10617.5567,10214.4156,3944.1349,2054.1288,62207.9598,8745.7566,7519.2809,4488.0703,10773.4658,4134.068,7555.108,13299.666,925.7235,2040.9672,20388.6401,9626.2013,11702.1622,14369.4081,3145.4277,3528.1791,3188.0841,2829.3714,3405.7435,231.1936,7578.9376,6423.6395,7351.5289,2048.8727,21728.0739,2863.7141,21902.3005,1456.7468,25893.8089,29359.3074,5274.9133,5871.2056,7020.0812,15704.4686,15159.0359,5836.2325,3269.2505,29830.0646,17629.3937,24472.351,3343.5284,4875.6068,21633.1109,10230.8628,18536.0512,1813.6306,2836.7046,4845.6204,1099.616,27619.7881,1540.8604,2817.7504,72245.597,3034.591,14986.6836,3926.8311,234453.6572,62217.364,2062.2843,28030.2895,7485.9066,724.7201,1040.639,31116.8114,3000.9161,16981.8503,331.9975,57287.339,26866.6224,10442.4829,451.6636,39174.8636,16513.5263,837.8269,77683.9953,143270.9392,44817.522,31991.2577,2541.9194,6479.6059,1688.5638
SMP_2B36D21A8A2784E7BC07,1,533610.5908,46971.0747,145070.824,47212.9439,24635.2064,1000729.386,5457.2156,80054.9975,539158.0258,7385.4686,2747.5557,3358.5616,4706.1792,26106.9244,2034.2243,10472.5581,15004.5922,9323.6201,6038.7386,55511.1345,8373.2252,51815.5586,13791.7259,128562.3011,81694.8306,20440.6091,25400.5528,3665.5217,6735.6957,1401.988,635.3517,8863.6563,1478.0413,45579.3985,6464.2961,9396.9266,949.4431,1391250.149,82794.1177,19284.4622,790068.6717,207039.3316,17485.8606,23161.1795,16351.7774,4806.873,826.2118,4815.9145,13313.5975,2293.5248,4563.7416,5256.2793,373.2272,21491.4815,8786.3576,5028.8784,3398.4439,1470.7803,559.7104,10197.0477,4603.8541,26868.4166,16654.4992,30286.8214,22757.128,1255.6993,105950.1461,2689.8991,4129.1658,43241.1326,20316.0968,21767.4299,311.8488,181.6822,1588.4488,518.8169,1920.5666,3506.5463,798.1097,1437.8621,28794.3176,42844.3059,11824.3944,6488.2815,6150.1226,177057.1306,252892.7457,28794.3417,2206.2518,6658.0944,14618.6894,2051.1258,87750.8954,184197.3282,90719.0549,103747.851,47176.9396,81839.2547,2195.8612,29930.762,4151.8146,2578.5359,14508.5751,53302.7941,39892.9907,13821.2596,11471.0634,54394.9871,4609.4794,7614.3858,2717.9331,1659.8441,41584.083,5443.4209,5339.7067,6001.0296,10197.1252,6631.7107,4832.1932,15224.4963,6026.4483,2800.0138,14940.2624,5286.4369,10994.0929,11325.8609,2455.9749,3245.3743,3041.9299,3190.2741,3239.8586,262.9577,3501.4629,3587.8288,8794.5242,863.5627,21621.7493,4436.3151,9146.0259,1222.163,10839.0982,10909.3111,2362.6254,5441.1604,3462.7676,14139.2609,7341.294,693.3708,2078.5426,13463.025,6947.5779,8233.0845,1266.3272,3399.1814,9030.1227,3765.24,24402.1503,3509.3314,1735.4169,4631.0102,992.6885,16333.4851,3672.2309,2778.8857,73138.1148,4868.9724,24805.4517,6123.1787,248763.8248,50153.7957,1661.6067,37011.8555,5908.5952,2649.1333,3366.5559,40806.5834,5898.6472,28966.018,2744.0902,64529.6026,26400.4003,21908.255,1638.5731,47658.8106,25519.6272,1114.2505,58264.9745,111763.43,46974.2949,36941.9983,5365.8279,13957.045,1764.3272
SMP_30F6608484F33664B4D4,1,508800.6849,42850.5733,134642.5717,43995.9101,22727.8592,869061.7548,4158.8179,86904.3908,464068.1845,8063.8479,1811.8644,2293.6354,4620.9152,26025.4607,1450.97,15007.3725,15837.9871,6812.9638,8039.7166,69226.3707,10532.1969,65824.7149,14039.6366,199177.009,150069.5236,34535.1476,21250.7044,6022.2284,5079.7053,737.413,474.3337,6730.2251,2339.2987,76161.0069,11170.2048,13036.1612,977.5789,2187528.647,223402.8358,31654.2108,2696061.53,803575.3657,53882.1536,25117.2195,70163.994,17645.9855,3180.738,13148.451,38730.8229,12435.8516,4247.8038,15098.1753,1299.3876,63073.5437,8775.5682,7754.5412,3029.7234,1457.0498,498.7889,10210.843,4611.6535,29404.6981,16433.993,32579.9797,35814.9862,394.9606,142440.6747,2710.5482,5884.302,63757.1658,27289.1465,34282.2057,284.8778,237.2736,2367.4899,279.0977,3240.8561,4637.6511,2626.3143,3744.3732,23692.0068,14411.6316,5724.6134,3318.2135,3933.7947,144590.2415,241585.0735,19227.0181,902.6305,5989.325,15258.4531,2349.4443,61714.9575,178229.3245,73536.3155,80550.0806,33813.0218,127491.0307,1024.4361,74265.9623,2922.4696,4638.7036,7487.274,46959.8255,65304.9288,10875.1747,25810.3424,68751.8504,2943.7183,5286.4623,1799.4406,710.2555,41349.0468,3199.4432,5937.6516,5923.248,8687.9533,6475.2341,5169.4691,14549.7883,5327.5884,4302.2539,20719.4194,9065.8972,13165.707,14658.7588,4360.9826,4790.7063,3025.3426,2721.7103,4845.4141,1294.0082,5946.8385,1055.5947,4014.8269,482.4209,11319.7888,1620.2997,5751.5311,1264.2403,11477.2569,9894.3422,2598.5313,4553.8564,4040.7511,12490.2812,11882.2438,1946.7477,2696.9789,28593.9139,11455.8183,12839.5481,2105.9816,4186.5368,18165.1616,6978.1584,14188.7105,2039.2757,1376.1034,5466.7345,1073.6138,16762.4731,499.7891,1239.5673,51535.5398,3563.5086,20742.5919,6506.629,250392.578,66369.8174,3235.9913,53405.8565,9031.8656,3204.4622,3348.3108,41394.7779,8544.9899,20038.8054,1302.7767,67892.6435,29098.4987,28363.2398,2158.9739,43553.4264,24692.8035,446.2358,64748.1423,141724.6245,53214.0595,53895.5828,4077.874,14103.692,1734.5035
SMP_6D883DED970E67230105,1,535049.6646,46525.0309,139890.9492,46654.629,23190.3087,919463.654,4081.982,83948.5129,512564.6817,8411.4243,2283.8504,2062.8811,4651.8354,23079.3253,1298.6101,8986.7728,13642.6104,9582.1515,7472.0984,66081.1251,9911.0752,60150.4766,13167.4538,194704.8112,110846.9376,35782.6278,43337.1724,7154.7461,8166.6454,956.3464,772.6993,8206.8645,1679.4476,59412.0017,11225.5009,11757.5036,1281.4045,1841199.212,137049.5825,23939.732,1186799.296,230555.2291,27491.3197,30200.2676,21949.6361,7190.224,4104.55,7159.3483,27719.5904,11101.3648,4625.3416,5999.7195,614.4498,52150.7372,9207.114,4730.9618,3211.2997,1306.8927,435.1524,5637.6314,3167.5521,20281.96,15104.6909,36172.0504,27215.911,1760.6815,158870.677,4820.5681,6797.1174,70511.4406,46882.6113,39048.8591,469.5658,233.4679,3870.9782,857.0739,3032.0568,2702.6301,2906.8658,4153.3104,22582.2608,24715.0856,7540.2314,6264.292,4973.3054,179607.4058,229674.9986,27203.7735,3497.1122,8450.7528,14018.7639,4127.4151,87695.8053,165659.4012,76034.6766,85326.9275,44530.8104,137425.8581,3190.1504,111219.3691,2476.3151,4772.6676,6758.7565,52179.1639,69076.2485,20781.8302,40520.5677,90372.4538,5222.022,9816.948,2527.6768,1077.5212,54670.2231,6402.7669,5844.0769,5054.2695,7917.9238,3617.9922,7666.8326,12753.164,1939.0854,819.0413,18238.5184,9397.6295,10933.354,11515.0841,2992.8133,4214.4871,2816.772,3013.3563,3983.5312,191.1239,6411.7731,2077.3864,2204.7222,926.052,8015.1596,1207.0118,5542.4865,892.7561,12171.6266,10368.6313,2953.2802,4285.1541,4624.7254,9881.1241,13776.392,4599.0389,2038.5774,27548.5023,9918.8552,13472.0799,3161.9295,4600.7846,16231.144,5379.2615,10664.7017,1867.4931,1702.26,4337.7521,573.0221,18877.1881,3116.6976,3291.8682,62097.4463,4161.3631,22531.1446,6237.9769,239620.2402,53563.2128,1444.4616,28941.9092,5826.9534,1071.9734,2594.0669,33204.497,5274.647,22689.0518,2172.7494,59257.9082,31710.2594,20517.8557,990.5446,37151.3737,27543.5956,843.8877,64525.7918,123096.9376,54925.7614,50391.8362,5480.3808,15319.2555,1385.301
SMP_83AB8F559BD11B313D17,1,515457.4882,43891.9601,138081.6228,46900.5896,22198.8654,909646.1404,4197.5806,78313.2671,515593.5279,8669.8824,3824.5143,4160.9669,4245.3699,32699.7072,1963.8391,19695.0693,27860.9396,15396.6565,9392.619,100007.2606,15430.0739,89294.9902,14784.7054,198572.1393,127247.2102,29854.6868,37417.5879,6932.6291,3313.7779,1003.4077,767.2658,5375.9295,937.7255,56228.748,7345.7636,11277.4682,935.7441,1660337.908,103918.5329,25699.3598,1216628.534,241395.1924,20035.0516,26688.0162,25377.6524,7170.6493,2079.4833,5757.6163,32436.7142,6447.5278,4761.7844,5501.1694,522.4446,43937.7193,8456.5153,7253.1469,2896.4681,825.1059,492.2955,9472.4682,5346.5052,27083.4285,17704.71,31518.5427,32918.3414,2319.3246,152318.1959,3783.5072,5501.0296,64286.5367,33179.0843,27520.9388,152.3105,32.633,2118.3863,668.7715,3274.5761,5046.6626,2350.3637,3887.4418,23458.6446,45797.9623,11031.6617,9639.2501,6202.7114,199404.5976,242995.6765,31071.3724,3842.0389,9718.9637,15416.7372,3108.7376,109105.1963,173862.4586,72972.7175,80684.0985,40394.9033,116705.6104,1688.6202,83851.2596,3769.6191,3990.9585,13518.9954,53321.1662,53156.0338,17512.7726,26795.1526,79437.8611,4779.7663,10384.3965,1489.9371,409.6924,56991.7219,4202.7149,5386.579,7417.6068,11477.1244,5718.7252,5407.8033,12692.1696,4806.9313,2963.6599,23620.6069,6557.462,15424.8516,13405.7524,2461.9165,4329.0173,5853.0106,5069.0416,7240.9619,555.0859,9727.2383,2488.5004,5729.7075,539.9853,14553.4276,1579.0745,7777.2961,1178.997,12362.1019,9644.3528,3682.6774,4679.7499,4057.2959,10334.2621,11118.7321,3577.3825,1813.0913,21069.4937,10261.9808,13244.9855,1709.3751,3806.6948,11682.8898,5631.0101,14473.7482,2197.7054,1648.7769,3902.8803,501.3137,17962.2759,3341.4546,2832.9504,72754.3225,3823.4664,28193.7425,6303.7754,245544.3718,45353.8282,2131.6817,46304.1208,7943.637,1385.4051,4508.7126,52311.6312,6757.2638,32923.2614,2758.0167,73502.8945,32737.0437,17925.0677,1025.6871,52688.6098,27916.8937,585.2058,67077.5469,115564.5727,41421.4231,34721.9688,5586.0069,15343.9254,1791.6444
SMP_AC9C3D22602C2D6D9CA6,1,511739.5408,40936.2662,134166.707,43400.7227,21742.274,857277.0688,4356.7238,77651.741,534010.9668,5462.5511,2737.1947,2863.4183,4466.4088,36453.1781,2103.8725,15646.4586,23568.1692,15729.4356,15486.5076,100952.0686,18586.1174,82473.0918,22072.4607,237777.3453,149517.7199,42917.5279,16308.4928,5614.0626,3534.5614,2403.7578,562.7202,11240.6496,1352.1325,88718.8137,15554.6971,10372.869,1538.4346,2156575.264,312155.2733,24469.814,2091459.042,631654.1517,70240.4475,21193.5865,44747.5076,18344.561,3873.2708,18816.4493,40744.4458,13145.4437,4853.3217,13722.3444,1876.9496,106143.9538,10279.0766,8038.5669,3694.5962,1740.1712,175.4776,9119.3708,1409.9119,12189.1256,4827.2047,15296.0071,10699.4738,2055.0267,141405.5361,5414.8956,4420.9807,48711.987,35234.7035,42455.0405,394.1583,128.709,4487.3696,697.2656,2610.6644,5195.2398,2230.25,3436.3048,28789.7157,68108.9466,18699.3085,4747.3026,4708.6421,219513.0855,323749.0692,43633.4584,5826.1535,5053.0264,12628.7099,1956.7153,113620.7401,222416.0453,90825.7232,110434.2069,63337.5187,119364.3114,5364.9342,81013.7351,3280.9148,2214.6959,12998.5175,63405.7914,50665.8743,19325.3031,21843.2412,109353.6636,7014.0712,10599.1508,2605.7273,657.0906,68867.9796,6271.5297,6209.3574,3910.5571,6707.3334,4265.0885,2960.1641,12050.2071,4109.8398,1385.4659,16241.6901,6625.9562,8933.5645,12010.0378,2773.3691,3020.4544,2545.8293,2430.3513,2685.2676,111.431,3663.6508,7958.6659,13392.9159,1194.6756,38506.5733,5319.7446,21148.7065,1917.4504,21951.0233,28418.2363,5169.8546,7295.9816,4889.4054,15105.134,15887.0424,3975.8908,3995.7455,29192.8122,11560.8398,19703.1677,2484.8969,4592.82,19395.6293,7845.7697,22306.4667,1892.1091,1512.9,4507.3184,775.4321,21039.222,1502.9862,1176.4487,51165.8062,2056.3922,12646.4167,1412.4209,171544.3803,51265.7286,3.5285,17835.3867,4005.4972,591.5307,699.4435,25280.6963,2977.49,14707.3406,1201.8305,39341.7774,20569.4502,13114.7411,201.8558,19485.8465,12635.8383,445.1977,33346.7744,73857.6846,28313.4616,24474.3275,795.8561,3401.2721,1010.7523
SMP_1FAC4522A98ACA9244E0,1,522477.6031,41894.2203,138546.0074,43532.6267,23834.3005,867676.4002,4432.3265,75024.3355,499440.2546,5963.461,2039.87,2645.1319,3802.7923,24158.2608,1655.5288,10344.9096,13093.101,7654.5394,6451.7845,76650.4104,7224.7215,67601.1707,11568.1808,264368.6368,119977.9683,36501.886,18184.7667,8391.2015,4401.7531,2027.1066,528.8706,7737.2483,1180.8075,56538.4652,8583.43,12057.5258,705.4061,1808455.886,180381.0093,25555.5145,1650403.074,425794.5892,36359.4048,27934.4548,49673.6605,11764.7689,3681.6993,9455.128,50791.2677,11137.9976,7715.0857,14254.1893,1627.2786,75990.1244,14673.8475,10366.5738,4062.9854,1639.6596,363.3568,12054.9403,1506.1359,15357.653,9384.4921,30599.4767,20002.5723,1893.698,195734.6262,7662.3518,6425.9096,63641.907,61652.7382,56173.961,373.5325,313.3546,3016.407,1188.2834,4245.2178,6671.5135,3595.7017,4109.4293,30139.4212,58755.3945,11199.5672,7709.8739,3606.641,246092.3535,293784.0229,33696.6224,5190.9498,9465.1572,13097.8083,3176.4091,112927.3564,176265.776,80458.3102,88671.7527,52140.7986,155087.6856,3264.9133,119419.1216,2930.6428,4027.3014,9430.0025,39794.6324,54133.8804,23495.8135,31244.214,90418.116,5861.8224,9261.9164,3038.806,1689.8927,45458.8215,4940.4116,7585.8223,4236.3694,9327.3209,4870.6417,7292.3524,19241.3487,1806.8459,1004.1661,18773.133,10649.6097,8853.7633,13336.4875,3936.6191,3502.8149,2350.0603,3240.3794,3760.2473,262.6316,6112.8957,3377.5082,8175.9773,966.3867,16249.6825,3045.8167,21352.9977,766.0564,14615.6634,19415.188,3630.4641,5024.1901,5146.4848,14471.6239,16151.9446,5099.6607,2593.1123,28568.4042,13233.0707,18006.6992,3485.4174,5817.6103,18179.4733,8138.7673,21442.0967,2670.7084,2140.9889,4087.0445,1095.3141,25225.5027,2042.53,2584.3932,71519.6325,3291.5672,21844.6536,5213.159,245774.0219,57408.7532,680.6507,35065.5095,7377.3493,1821.0952,2071.7049,38345.5892,5108.1481,24206.6366,757.563,68097.3,27334.8436,19287.1711,361.1046,55410.2884,27053.8417,297.906,100592.3027,142600.2783,66056.164,44267.888,3814.5323,9465.1863,2456.4628
SMP_4B05EE2AB30C940E907E,1,514320.6216,40775.8093,141678.3158,41875.4831,22273.5568,831627.45,4546.8597,79730.5515,486857.9597,6123.9777,2632.6056,2551.4151,2348.3334,21316.7119,1962.4268,9635.2002,12058.058,7774.1027,4235.4008,62695.5639,8232.1527,64722.258,7050.7309,201504.9327,101103.6534,28345.9674,22856.6745,7665.9135,9255.2185,2563.9113,655.1784,10693.0781,1191.0009,81383.812,9828.5893,10838.8383,1008.0368,1930149.54,166942.7292,25400.5988,1697972.565,659831.1292,84166.9561,20242.9585,49879.0184,25252.3033,3190.6907,16105.2437,45825.7695,21340.2481,4154.8338,14197.8481,5473.5522,143001.2788,9897.0847,11198.9338,3536.7863,1716.6291,432.091,7521.5444,2465.5994,15465.5653,8215.0805,17740.9006,14197.2319,2055.5272,166423.6872,5820.4643,5120.0503,61147.6503,38928.8794,48030.8992,369.0807,484.4388,3063.4039,726.9481,4014.1835,7896.5756,3365.9424,5016.5823,26550.6595,47496.9495,12077.5304,4320.6385,4337.3326,211602.0645,271708.4676,47426.0793,5361.5313,6332.2745,11332.1389,1912.3165,102158.3148,186715.5301,73077.7912,73943.0032,45338.365,127589.5483,5496.6849,146028.4634,3163.5971,2967.5441,13113.5297,52425.8974,50514.7992,18977.9202,50423.8813,92590.4138,5599.7214,9562.9745,1899.4907,879.044,64487.8214,4658.9936,7015.2686,3556.3313,6526.7351,5287.5584,3611.8941,14662.4709,4836.5875,2973.2115,14550.2413,5581.7816,7856.3969,10268.8019,2269.9877,3563.7464,1172.1468,2196.5021,1934.2018,510.5582,3563.9796,6620.5545,12460.4983,744.7027,36047.5029,4618.6146,20075.8454,1383.419,19128.4618,31076.3023,4006.5471,7485.728,4935.7761,15886.4151,13952.6629,4851.7821,1506.6544,29711.7846,13367.2908,16359.6344,1578.7371,3994.9497,17655.1425,8513.7293,30040.8742,2093.313,1714.4941,3782.3718,1272.2788,21192.9563,2382.2886,2276.9719,54067.6003,3173.3592,16015.4676,3485.9589,203847.5622,52138.0228,412.8768,25358.3509,6989.3239,1027.5261,1404.8093,34453.5424,4167.442,21010.4819,818.4002,59380.1786,23440.2211,18986.888,758.3538,38413.1369,22332.7421,0.972,61271.2763,109462.5603,41491.4644,39897.8253,3433.8473,8972.3537,987.7849
SMP_A4D2C18B7EB84FFF8E2A,1,515882.548,44923.2682,141573.4078,46665.3348,24260.5979,902503.0564,4397.8545,81410.471,510326.3075,7902.6306,3353.6176,3439.093,3211.8979,25717.3747,1951.6657,14488.6822,16259.4385,9262.3666,6232.9135,71835.6505,6705.6264,57249.248,12340.3387,177813.7108,94486.1122,28462.6266,29217.4569,6972.1992,7665.2964,1130.5908,789.1065,6475.0832,832.3388,43016.8911,5340.3783,9756.1939,598.1593,1327236.659,91204.4795,22432.461,1191449.513,368600.0739,32024.667,17863.2301,22415.3468,6870.8117,1613.1357,7427.3746,23605.2153,6750.8154,3154.9963,6776.609,241.6165,32711.9497,7101.0353,5138.2843,2558.9632,1292.0384,543.4518,8235.7954,3415.1169,24578.2406,13242.6719,26367.8487,17706.0652,2065.9396,144484.456,3391.2977,5545.4852,62892.7836,37263.0514,57672.1198,572.6729,2.3379,3884.4042,821.4125,2994.14,5336.5303,2815.2111,3772.0097,20717.1835,22654.817,10470.6505,5965.4547,7355.3231,170121.7633,232779.1084,27541.6376,3042.4298,7634.6508,16180.9536,3189.434,76031.4129,180165.7406,71948.6463,86740.4257,48667.1455,106277.7254,2595.6076,75822.3552,3428.2592,4492.1545,9029.0901,52962.8166,53028.3987,15877.5128,24140.0642,63875.0587,3493.6486,9098.8767,1360.6521,935.3438,48001.663,3780.2144,4807.3044,4346.6652,8154.3832,5761.5843,5406.1561,15398.4552,5286.5811,3428.8923,15498.2419,8709.2477,10035.9441,10411.9812,3514.4086,2863.082,2378.0119,3078.6524,2205.329,680.3861,4157.2746,1603.2284,4798.4632,917.2462,14539.002,1380.4392,7116.959,1370.984,13507.4893,11504.1655,2419.5753,4631.5907,3402.4745,10810.365,9348.8655,1202.775,2195.9876,21318.7382,9192.5154,12199.0835,1902.0893,4138.9655,13825.1055,5198.4957,7872.9753,321.6956,994.7912,5361.4835,747.1633,8443.9067,2522.644,2843.3763,62496.874,4015.7773,25186.9197,5623.3589,217949.2065,55591.9476,2963.9498,46364.3525,9493.8088,2778.9165,3798.4938,44812.5632,8277.7304,26573.3959,2353.9384,73432.661,24034.5589,30205.0347,1892.8867,45076.4006,26326.7389,604.5358,71432.4598,110448.6434,53328.4035,39669.9479,4922.9456,12260.3001,1664.5736
SMP_B649E9F352E71750076B,1,524956.8694,41697.7407,139599.4587,43854.1794,19369.2783,888662.6029,3966.7294,68609.4608,492089.6325,7529.9127,3313.8518,3341.6942,3215.5711,27336.2995,1864.1119,17744.1551,21720.6407,12516.2022,10473.8462,90354.8546,9986.9779,85103.0359,14943.2709,198516.8108,113745.2694,30816.3773,26517.037,7735.9633,7812.0958,1887.2835,448.8959,5377.7164,1264.6595,51311.7573,8023.6625,16717.8007,1053.2481,1469323.557,127975.128,24568.269,1041201.208,222903.63,21635.2932,22879.9289,18218.306,4933.2771,1766.9134,6376.5759,24937.9687,5604.0412,7070.1155,5072.4864,375.392,32094.984,18258.0901,4913.4536,5981.1287,2839.7198,983.7208,10416.4727,4522.5729,20833.0179,12594.7335,22177.2471,16568.8424,1682.6574,164624.0206,3344.6553,6510.3306,67264.2584,25570.6287,25292.3818,501.564,2.6237,2590.8613,278.7445,2914.4518,2725.7421,1821.6293,2318.573,21104.0019,27589.668,7549.0037,4754.755,5998.5051,169475.8326,252625.0994,22563.0249,3964.3588,6385.8367,13627.5555,3294.4149,89145.7207,187658.2288,71964.0439,96721.8578,31672.3276,139058.8964,1233.6506,75746.8615,2937.7039,4284.23,12622.316,73553.1449,73402.4474,15188.175,25133.1996,75673.6401,5523.0844,8218.8223,2949.2408,1552.0651,54416.9388,2666.579,5203.1061,4604.7905,6740.619,6080.1354,4544.859,14719.5788,3522.8943,2623.4866,20423.7924,9926.1708,12401.1135,11324.7975,3124.8421,4956.754,3040.8938,2997.0727,3374.732,3.9319,5422.9689,3650.691,6190.9091,1618.0794,16834.2268,1493.2574,13683.3759,1500.944,20009.0674,13568.8653,3534.3008,6487.6075,5667.0596,15473.5943,19341.7037,2975.6682,3560.327,35638.4735,17360.7636,15054.2821,2607.7452,4875.2017,17090.38,6938.6695,16939.5509,1170.8115,1864.1311,5051.3259,1113.9846,21521.3148,2742.189,2718.4871,68045.1342,4880.2599,21925.9821,5332.3616,241236.8786,54987.8598,2725.2097,46310.0813,10157.9526,1848.4969,4178.7361,47338.7712,7372.2378,29888.195,2679.3418,76822.8495,26634.6011,23443.9863,1139.1887,55799.9215,30801.9649,708.3307,72264.8225,114756.3581,47749.9701,35155.8345,4348.2294,11367.6691,1806.3781
SMP_23BC07AAC5E51FB149B9,1,517914.9191,42757.7213,135534.6412,44776.3654,25849.87,910204.6244,3798.1142,78508.1616,530277.3117,7917.1155,2794.3918,1793.7873,3272.8928,24091.4253,1487.9435,13703.0896,16837.3511,10068.5842,6129.8942,71006.9363,11349.3697,71922.7463,13822.3347,214946.2703,108757.2613,26296.5911,28462.0296,6393.4658,4750.3102,1885.1121,442.5837,6153.0256,1733.4968,58593.5615,7908.9023,11995.8476,817.8955,1623125.984,178809.4256,20895.6711,1428170.323,279921.706,26307.9567,18307.672,34982.9503,9743.2756,3619.1572,13018.9213,45128.5218,11954.9942,3907.6804,7039.9081,387.2086,72470.6341,9270.1674,6443.3773,3356.4119,1639.2937,482.8067,9420.9177,3366.878,15193.227,11860.7122,26306.0547,18287.9956,2425.6154,194639.8287,4534.0182,7709.7749,85728.4695,37720.6167,27958.2976,784.0077,2.4492,3909.9694,338.4568,2449.2347,2573.4994,2547.2708,3178.3043,24126.2164,27235.2001,9143.5989,4708.8751,4876.2271,176118.5289,258443.7994,25306.4598,4158.5141,4862.229,12081.4941,3545.6964,96818.0906,181730.4424,78518.7551,102972.7519,40888.3732,164880.3669,2173.7376,88449.8157,2942.5401,4775.2176,14939.9236,70121.1846,79081.1194,20052.2237,27697.3806,101654.953,6206.968,9785.3161,2511.3681,1977.1946,62381.4113,5947.9265,4291.4723,4397.2137,7636.1675,4330.9182,4774.6287,14340.1493,2973.7235,1388.4497,20822.9127,10286.8588,11071.8865,12706.0261,3123.1689,5142.2463,2788.8853,2755.1814,3240.7649,116.7085,5312.447,3821.6065,4561.4901,655.1812,11754.7207,1664.9078,11269.5477,1416.3015,18429.1198,19932.7084,5067.1836,6042.2116,6890.7906,16026.3027,20915.569,4535.5529,5033.511,40053.3138,17785.1622,20896.4222,3711.6682,6003.6347,22585.8731,9027.3866,12881.2111,707.8214,1400.5393,4984.8101,695.752,22331.7214,2482.4102,2653.9989,78501.7867,3559.6629,20911.5337,5812.3516,248300.5117,47805.1748,1687.7032,33925.5334,7722.0749,1503.1483,3835.0645,43694.0706,5020.8268,29048.1025,2111.3042,68085.1402,27535.3566,19487.1976,1165.4021,54145.8327,27167.7734,630.8324,81461.9316,124858.1495,50155.0535,36910.0766,4667.4128,12684.6185,2234.9476
SMP_F4430CBD75965E27B65F,1,497363.4861,44210.5793,139492.5349,44964.0696,22568.9468,904645.5997,3984.9887,73392.441,539180.416,6020.5427,1916.4739,2170.3417,3396.3657,23646.7777,1497.3574,12765.7279,14432.215,6007.5081,7761.704,66565.9896,8538.9938,55848.4488,13531.2019,189680.8715,117344.802,30344.4158,15971.2656,7112.0585,5439.0909,2364.908,867.4229,9234.8572,725.8547,53050.3052,7074.1537,12463.3425,1292.1371,1507185.255,133130.3288,19806.4049,1011168.323,262085.9137,25883.8742,23092.4695,21014.3731,6627.3941,1924.0188,6321.8916,20100.6708,4112.2909,5419.8228,6944.6718,465.2879,25878.5548,13137.5694,6489.3914,4104.6669,1793.0497,681.7696,9662.3738,3718.0005,23964.8132,13963.968,32782.9965,24655.83,2256.2183,195964.5349,5431.0467,7669.2145,82546.786,42725.5799,44720.2797,918.2299,672.7233,3870.2349,278.156,4152.1557,6696.4507,2989.6145,3059.4119,27785.4756,49764.2531,11542.1036,5188.1072,3940.4567,214008.2392,270924.8876,31319.853,3787.794,5775.202,12718.5204,1855.0128,110581.4583,186708.3486,83862.6955,100457.7473,49736.5871,123160.7818,3491.7077,66653.8897,3415.3224,3582.0553,12065.4188,59368.4642,51964.6962,16939.1398,19772.0775,72119.8642,6610.7651,9310.2817,2648.0213,1661.6918,49014.7467,5092.8756,4060.2698,4298.5798,7778.5615,4834.1414,4715.5306,15592.2449,4193.5829,2095.086,15471.0147,8463.3811,9924.168,11739.7553,2754.1596,2404.1909,2749.8506,2304.3031,2778.253,389.0667,3972.7093,7598.9878,12538.3412,826.6735,33280.8912,4441.8344,19486.1119,1526.6582,22155.3279,19384.1924,3095.7974,7522.1039,5712.9229,18706.5754,14094.7382,2371.4194,2481.0117,28857.7051,10451.9948,13029.4806,2927.4585,5335.7226,12847.4832,5037.3799,21956.302,2780.2142,2459.3568,3788.4166,922.6838,17634.9228,2042.1582,2273.9,49386.5388,4283.1752,14273.7236,5005.5411,227842.4971,56558.6476,1426.5413,32427.767,8473.3721,840.7415,1408.6711,31352.4417,5363.4212,18757.1969,1149.1523,62890.1577,22059.4329,18514.4337,724.8541,42394.6154,22568.4118,1143.5072,77206.2141,122066.9621,51597.8442,39007.4643,2930.6319,7107.0801,1737.8126
SMP_1396BE94EEA3CF02599C,1,477582.2737,41705.8837,128163.2934,44334.3363,23300.543,893106.7928,4344.0248,73703.1306,517986.4752,6889.8521,2903.7477,3147.5795,2675.1385,22296.7985,2088.9738,11013.7118,16425.033,11097.0547,6905.4979,69741.8524,10017.9321,71945.8006,11009.5309,191391.3498,94949.5933,31839.7079,31832.2135,7051.1135,6190.499,3423.9803,539.6798,12706.6701,963.8855,60941.6797,6671.4312,10644.9639,759.663,1190349.383,84465.9888,19621.1022,916108.0039,242557.9208,36769.6983,16201.2548,18032.7506,4864.8816,2290.453,6049.8623,22431.4297,5950.5438,3882.6227,7615.738,301.0425,20904.5667,7217.3378,4888.1437,3489.3358,1043.8147,685.9989,9002.7937,4705.1356,19920.9087,12607.4516,23572.7817,21604.1896,2618.8261,154582.9108,3496.9034,6182.2773,73750.5081,40933.4387,52540.0914,300.3071,237.6799,3961.5648,1094.062,2777.8866,6089.9599,3350.7191,2192.791,25794.1067,28433.1411,10984.2826,5717.3765,5335.9793,177766.4771,246987.4074,29466.4271,5953.3546,7769.688,15201.0437,4189.7043,93494.028,184667.8553,85839.6192,85714.2643,62260.1987,143579.0781,4242.1979,92530.3681,3200.958,4685.185,10942.197,52573.9244,67917.0893,20500.6587,28254.8001,56722.999,5358.1788,9016.8811,2170.3986,1487.1365,35441.6033,3851.1833,6046.8206,4113.4806,7868.0682,5967.8163,5705.1126,15705.5736,1040.9031,2007.5092,20901.3196,10250.9437,12262.8061,14497.7107,4350.7307,2896.9745,3508.7018,2441.3797,3298.2771,206.6965,4194.2697,2653.7803,4758.5264,284.396,16628.6865,3626.7478,7597.3974,1217.0666,15160.7453,6097.1715,3726.991,6854.19,6713.0987,16799.449,17381.9321,3215.4809,3863.8119,37325.6128,15090.3501,11330.2986,3534.2432,5664.2986,14764.2554,4843.4683,9088.1973,424.031,2210.8033,4437.3611,622.5819,8066.8327,4211.141,2947.6764,78604.5696,6114.0206,26668.4121,5213.0735,242693.5602,55741.9403,797.751,36964.6086,8372.9199,2094.5124,3444.3212,39482.6168,7249.6173,29350.851,3291.6738,67330.26,28296.7951,22068.5108,1408.2006,44241.6447,34440.3273,237.7535,59227.3703,113192.7976,46448.5741,40359.6005,4253.8348,12779.2228,1449.7685
SMP_374737097417FE894BC4,1,504614.6536,43599.2324,141518.093,44198.1404,23495.789,891549.3919,3878.5353,77341.9619,526666.6974,7411.0432,2241.5788,2775.0711,3174.7939,17175.9815,1288.6283,10711.7888,14295.877,10687.9309,14414.1597,75091.6852,6918.5,79029.4285,20422.2303,209660.0047,83974.6158,30386.5253,30668.7291,8241.3037,4465.065,1629.5329,297.0426,6919.801,1299.312,65854.2464,6220.1307,12049.1102,831.158,1873144.612,118511.7614,26809.7783,1411399.305,287831.6522,20914.9941,24155.2435,31306.2178,10143.3732,3420.9236,10429.4732,34848.1386,11107.5158,4185.9498,5476.9003,496.1727,63551.5858,9412.5152,5704.1517,3189.9934,1485.518,351.3772,13241.5599,4562.9411,21319.4631,17287.0769,31477.6886,19269.918,2245.7145,158553.2777,4318.5525,6561.9937,73431.4294,33728.1207,37336.8857,162.5237,214.2101,4024.1064,954.429,3234.318,4013.9529,3454.2466,4182.5381,25978.6379,33235.1371,11730.7193,6518.889,5752.4378,185039.094,259120.3588,21790.7636,6741.8087,7038.1003,15428.1468,5453.5372,98505.6379,189058.7466,70779.3444,97447.4744,34999.6597,176756.1129,964.9382,107421.4346,4350.181,6027.2074,12666.3993,70004.0168,94957.1205,19933.5003,39925.9293,89608.7354,5821.0356,11400.3694,2758.7932,1507.1233,62791.1152,4500.2108,5748.5878,4028.4106,6325.7475,3055.2175,4527.1942,11292.5994,1003.7992,859.1716,19541.6398,9639.9305,11264.9341,10869.6191,4126.5243,4293.0238,2883.7939,2308.6357,2374.2258,150.6638,4626.1209,3446.486,4301.4253,487.7322,12393.187,1507.4919,11690.9518,1275.452,17614.9056,13390.1551,3607.4968,4785.811,6296.7888,13877.684,21670.7361,5128.6185,4023.1379,44336.5329,15676.2695,20449.0875,3379.2302,5917.1718,22341.625,6755.8624,17017.6604,1955.4928,2142.3011,3817.8699,555.9833,20935.9685,3337.0119,2974.2991,68408.3627,4479.9921,22765.3725,4660.0141,226766.2038,60226.4438,2180.7293,36008.5059,8893.1894,1577.5667,3958.6104,42545.9926,6416.4517,33977.8614,2619.6625,75721.1235,24594.2825,23740.6361,804.0678,64432.4007,35116.5239,1357.0564,78400.6987,114052.5213,50624.5571,35773.436,5467.0991,12637.5879,2210.5908
SMP_9EDB660E8DD633895139,1,502440.8982,42616.2106,131345.5367,46755.2661,23152.8066,864309.4692,3848.237,80234.7642,500255.4905,8605.2737,2946.1994,3151.6239,2617.1432,22198.4178,1685.6126,11594.4499,19026.7343,12375.1775,6632.1324,73308.9411,10556.237,76763.3043,13384.9293,187309.8064,90726.0435,30703.1985,43436.1735,8218.0082,9049.4396,1488.6901,684.9129,6559.1477,1049.326,49527.5211,8159.9219,11557.1546,856.7939,1419038.8,152043.8524,20932.6116,1269583.543,246259.0145,20698.1029,18544.6164,25500.1149,6022.4268,3591.2793,7862.2461,34007.9617,7769.7432,4145.1232,9618.2294,3.8662,41952.5233,7928.682,6030.3085,3053.4424,1349.7416,357.6578,7825.1605,4996.4762,25489.4238,17641.1713,32476.0621,23410.9299,2675.6567,161278.1411,4549.2685,4825.3225,48652.4322,26719.6904,21126.8109,137.1058,124.1582,3124.0075,512.9211,2820.2156,2689.0389,2439.5011,3484.0488,23904.8162,37857.3081,10306.8798,7162.3287,6359.641,198107.1587,227362.2344,23511.3154,6587.557,8381.2461,13913.3612,5527.4792,85252.5384,147048.1825,59846.9599,108027.4984,8037.1753,165728.2538,970.7438,119329.6905,2602.8164,6334.1022,8699.4845,64174.6934,74857.2495,21333.9032,33779.9861,92042.7354,6560.1257,9723.6052,4913.9047,3249.493,50712.8751,4135.2304,4828.4477,3826.9014,6868.1375,1872.0242,4075.2578,9883.1121,759.0227,325.3783,17339.6605,7385.2821,11424.4452,10694.0653,3378.4114,3160.3042,3766.8733,3794.8286,4301.7703,303.0969,5323.0941,3301.4337,4489.6403,916.8579,10611.6168,1411.9156,10443.5904,774.0506,18238.5901,18818.675,2622.4157,3445.6994,3223.0417,8321.4283,12516.8847,4126.1569,2481.2526,21724.063,7243.7606,11977.2969,2565.0753,4220.2293,11649.4544,4554.5239,11534.4002,2740.1006,2284.3361,5729.4049,1067.2699,19147.5341,3116.9551,2531.3448,66526.9692,5237.0068,20797.5142,4824.1562,218505.9483,48278.4871,1576.3417,38643.2211,6926.5558,1380.8178,4519.0018,44186.3753,6198.559,32374.1616,3050.5249,71821.1644,28602.599,25546.1024,837.6701,59926.1428,30750.1005,558.5635,77527.5395,109833.8952,48907.0278,37292.8169,7355.2587,15579.508,2022.638
SMP_C9E5C643334613BD96CE,1,497568.0981,43379.377,130585.0007,40852.5125,23745.035,871003.7091,3964.702,72412.143,497438.6797,7630.7215,2426.3091,2289.7473,4670.3142,22273.538,1836.5609,10735.5085,12016.9734,6102.6053,5595.9946,57077.7224,6238.6117,50139.7445,9985.2997,161191.697,76540.7346,26313.7237,29020.002,6944.8745,6517.2455,3653.8397,980.0434,11600.5951,1064.8102,52741.392,6255.4489,10286.7975,1099.0512,1395586.126,64013.473,22631.4472,972662.2162,233336.7016,21052.2698,29623.69,19980.7935,7216.0717,4187.703,8099.8522,54924.8718,6830.5235,7974.7803,4416.9121,355.645,27825.5066,9883.4305,4879.3957,3453.8747,1521.7927,663.5876,3624.3854,2309.6947,20206.4317,11320.3856,25117.5234,17521.067,3130.1674,155291.3612,3725.6449,4822.826,63057.2163,33402.8647,37498.1404,357.693,2.7237,4126.9848,796.1426,2395.0516,4763.6999,2875.2126,2529.7578,26811.1871,29649.719,9014.7677,6520.1845,5766.1716,178993.9157,245313.7133,25506.4401,5398.2435,7382.6807,12860.3209,4348.9963,97194.7069,173028.4991,76474.5725,94990.6765,53844.6226,150744.1203,3094.5903,76135.7499,2709.0808,4812.8547,10306.2275,61789.7176,79380.1011,19777.5212,25457.6639,73144.87,7183.062,9161.1817,5212.8613,1756.9728,42637.2148,4993.0678,6610.5072,4835.764,7381.0792,5529.1962,3516.4168,9837.8527,5188.7103,1745.0329,25146.7153,8554.6787,16557.828,13788.4441,3304.3236,3517.8758,4241.1816,3239.6104,4240.9701,270.793,5582.1487,4072.0407,5532.6339,134.6809,22937.8002,4346.0809,9530.7166,1109.2971,20231.9593,11052.3769,2138.5916,3707.6054,3715.3896,10650.1673,12505.2598,1555.9784,2001.4169,30914.7712,11310.1893,8433.9717,1451.4089,4717.1152,10476.6697,3352.6031,10039.9394,1708.9365,633.1069,5979.2376,686.1798,10453.7089,2569.891,2515.6992,52324.7629,4528.2912,18008.4802,3572.3307,223332.2068,53052.1747,1986.0962,29906.0793,6881.2078,1699.8819,2844.2735,33522.5567,5249.5471,19212.6734,1340.1296,64905.6262,20002.0497,22128.6202,678.0583,33972.5913,23256.2393,728.7479,58679.3473,97453.8029,44958.8187,32979.9821,4888.552,12071.0527,965.622
SMP_EF5EAD95AAE1C7C03A36,1,502277.0496,45523.6483,136517.9102,47138.4843,25966.9505,903299.9068,4009.6018,77361.6304,565156.4062,8007.3526,3537.0172,3237.9039,2374.7742,29644.0336,2132.6906,17132.6936,20047.2142,9660.5884,6027.5116,81218.0483,10125.5109,66000.7855,10429,208248.1368,123945.1276,37138.5988,30309.8936,7411.9458,3383.8134,1624.5423,383.9153,5975.4095,854.8692,37383.36,4794.1584,9119.8983,634.8428,1287252.479,54530.3772,20889.797,865129.1314,384265.8683,30250.0283,20935.7857,20880.1591,9716.4058,2625.3271,9935.0494,45962.9433,8385.5136,5032.4107,12500.4541,800.9587,52347.193,9869.3689,6480.479,3260.358,1628.762,193.1927,12224.6082,5172.6236,26044.5044,12619.308,27901.0543,23585.2226,2088.0831,199040.493,3353.0589,9299.9153,104623.3032,40113.2073,70658.9685,690.443,807.1186,5388.2017,1080.7218,3194.8871,6005.7633,3502.2655,4821.3652,21535.258,14339.8615,12067.9518,3867.6248,5596.2372,150743.8967,268916.4312,20489.5616,5078.1139,6597.5647,17227.3808,3536.0532,73015.3724,185860.4341,82826.677,86943.9849,61928.4909,139548.1192,3003.7495,68650.1058,3232.258,5809.5685,11135.6194,63037.8906,82591.517,17185.6699,23949.5265,84868.2324,3981.9471,9140.3818,1782.4586,951.679,59690.9193,4974.6034,6876.059,4720.1077,7695.9303,5960.2163,4341.5856,12201.2875,3286.1003,2304.8822,19624.2599,9683.3208,11909.3899,12543.4868,3236.8543,4148.7953,3041.6866,3680.4057,4075.1435,259.9619,5815.6178,1368.2206,4192.7115,867.6051,13782.9413,2186.9931,7234.426,1158.3243,16192.2916,10383.7934,2504.5158,5817.5656,3666.5595,12345.7299,17829.6651,3504.3023,2326.1959,32936.8841,12542.5532,14986.4621,3137.7557,3716.3669,16362.2902,7213.1535,15935.1044,1626.448,1321.2152,4371.4081,842.4455,14354.3527,2416.8906,2806.7259,70259.3933,4588.7028,23374.7253,6507.0467,250271.2081,65358.9756,1260.156,47942.6106,12924.3188,2624.3588,4007.7659,52248.735,11185.974,32339.0347,3069.5837,79856.4547,35538.61,34101.5948,1883.9959,56927.3802,35086.1919,803.6264,82956.9472,152721.6603,66348.4681,56165.8201,5894.8252,19762.0679,2746.977
SMP_078181DC877B0E56DA46,1,480197.2331,43664.3886,128968.5583,43040.7428,21354.5032,808517.1655,4010.4129,66584.9926,485220.2778,7404.4286,1251.3751,1541.5748,6883.7116,25519.2146,1422.7105,14277.3077,10788.0916,2210.9009,12532.2762,48730.4353,5747.4926,31571.5359,27151.7238,199857.7247,134624.9526,21643.5613,21316.7272,8693.6698,8696.0543,2895.0957,479.7371,6963.8894,567.2636,61212.2354,11438.2419,6947.5949,603.2536,1799629.009,334612.4017,18094.9753,1812754.132,143273.4805,12042.821,21651.7608,38734.9534,4635.4768,5148.7416,4975.2205,20231.0795,7591.5816,4044.1635,8058.0185,1195.1167,43793.1093,9201.4099,8516.9725,2853.0714,1293.4245,434.3273,10199.3191,5146.8369,18872.7997,9957.2439,42137.1375,44341.5249,1584.4679,124501.3517,10846.5166,4300.8152,48834.9947,76154.0124,28338.1355,843.7814,2.3239,2480.7427,873.0699,3005.4617,4144.4172,2978.544,4849.1022,27322.3213,94878.3345,9243.3516,11090.8432,1738.8337,255446.7399,218388.8246,25386.4771,2389.5581,10215.5875,9854.9539,312.707,150982.8929,146620.5246,82859.5783,66402.092,22710.1014,97951.3436,735.4244,99801.2108,976.835,2881.3746,8480.8842,41063.2008,41128.5273,26289.3467,32098.3159,84252.7605,6242.3008,11286.0462,4015.2655,339.4627,56976.3623,9126.3788,4828.6101,6209.5865,13840.492,1988.7969,12950.9651,9597.8078,646.3266,1053.6615,16475.5973,10150.7837,6715.3099,13937.8771,3845.9232,3449.5074,1737.3448,3072.7859,3811.4616,80.0658,6942.6256,2347.5067,2258.1416,649.7583,6085.9541,1402.5827,5084.9368,1194.8268,8392.0438,10820.818,4831.5615,4023.8142,7249.8918,11434.3567,14260.5006,4517.3165,2647.9136,32088.2535,12944.8115,17074.1987,4663.687,5025.1464,24157.8207,11750.0887,8990.408,2674.9508,1378.7785,3173.7502,730.7553,30471.4417,1442.1642,4125.5133,56889.8718,3474.6973,16237.1371,11965.2514,294614.3459,61778.1724,7368.9245,44126.9336,8872.1943,1473.2691,1880.3444,34662.4855,4314.3541,10976.1177,2.4102,55843.4914,24279.9025,11704.6656,656.2435,27555.498,12680.526,2340.9941,90670.1106,180213.9814,52134.2058,40221.8168,3230.3874,11469.6451,3404.6393
SMP_8749A371E59B75A178C4,1,498112.9003,47679.3631,145845.0493,47547.7149,26227.2199,879500.3957,4281.4893,64415.0747,545870.6006,6462.4597,6031.5211,5344.3148,4138.2846,37918.9378,2935.6723,24439.9587,28337.4286,18393.2994,6050.7449,110465.5001,20816.4675,105146.919,10317.3642,244860.7658,165068.3635,37086.5473,31306.8158,7438.2982,6883.5095,2162.7595,455.1478,7726.9284,635.8321,41044.0372,4788.0936,10473.9519,827.5541,1456491.648,74639.397,20720.1309,836066.7065,240293.1482,23986.4748,21717.8219,18995.913,5754.6582,1270.6572,5846.5974,20670.0262,5899.6457,4540.5295,6686.9591,327.9591,25453.7498,9537.5224,6485.8655,4259.9476,1580.7161,355.6059,20775.0738,3998.1043,19409.9281,13921.3838,24806.8151,19031.0804,2656.0459,194116.0437,5158.4772,9135.5136,96337.3295,46789.8986,49453.0294,937.9812,640.2341,2572.8888,383.6931,3370.3815,5968.8575,2601.5998,2389.2381,28808.1934,31160.3492,10071.7037,8063.3555,6061.4378,204119.2482,296917.1786,33139.6356,3133.3962,9464.5237,17276.6242,2603.8525,120248.4087,202021.9991,95510.8723,80656.9692,53427.9974,120912.9889,2991.3956,72870.1705,3501.7997,3455.0795,17898.8688,52359.5018,50791.7481,17763.7983,20739.3303,61957.1021,3967.7683,7466.5994,1921.4992,576.3457,38382.1903,4506.9367,4547.9413,5309.84,9594.7042,6260.9341,5707.2709,13272.9835,3711.0627,2296.2168,17032.2701,6948.9812,10778.5244,9519.8336,2356.0871,2930.8908,2621.3517,2170.5538,2206.0157,116.4753,3981.5048,3347.2545,5092.3201,310.3257,18358.8451,2645.0895,9962.787,1179.179,14411.0348,7135.0589,4926.9118,7670.4806,7174.5079,19449.3304,18181.3714,3374.7022,3979.2784,31059.2086,13323.6449,14804.5793,3526.596,5487.8958,17813.8248,6682.3875,21785.2982,2601.0822,2188.8835,4607.2999,1186.294,27506.8147,4457.6248,3120.5376,99447.9587,5175.8847,34352.3101,5493.6802,262378.6382,65146.6406,607.3523,50425.6248,10562.6699,1988.0943,4714.2961,46414.9119,6688.0615,38629.8263,4003.5375,74434.7845,42144.4269,21197.5221,2002.0508,56688.224,32654.4483,428.4463,73332.1011,133670.3305,51040.8663,43203.6175,4219.8305,15213.663,1639.4585
SMP_143E8E6492960D9C2F95,1,494627.416,42695.2283,137390.7314,44729.2196,23999.3004,925456.3111,4128.4798,73132.7988,527815.5529,6311.1727,1753.2392,1533.286,3070.3603,19962.7928,1249.7512,9622.0792,10735.502,4792.0176,11918.7433,59623.1139,8179.493,52137.7411,27268.9345,212947.0069,103243.5599,29302.6272,15664.1521,7379.1774,6030.4416,842.8751,819.2208,5300.5661,647.0932,35387.5087,5070.9083,7609.8093,645.5248,1387205.783,127331.8196,13726.7486,821561.6149,342008.1899,23346.7193,20133.7668,14286.0379,5796.4389,2062.4973,7713.1129,25987.1665,3647.126,3824.2639,5788.325,865.728,19151.5592,8766.6352,4997.8481,3030.5514,1429.5051,381.2284,5778.4159,3749.5796,20475.4978,11555.2625,30579.2023,20014.7216,475.7642,125007.2155,3061.7932,5277.1172,53257.7195,21630.2674,23744.1069,210.8998,274.9399,2923.1655,188.1272,1891.3486,3330.263,1821.1094,1644.8875,26850.4958,35578.4824,8090.133,2467.0864,2160.6746,167317.7061,264264.8984,21262.2006,3193.0014,2346.5988,8857.2191,1579.3898,87828.3221,183765.6511,91724.2037,126698.1856,38568.1249,146403.3065,1851.9613,54169.9183,2155.7265,2110.2981,11384.1542,76627.1291,72703.1811,16508.9317,19870.4126,61680.7698,7708.7992,7156.0945,2266.5706,1685.9082,39448.7309,5155.9614,4570.1827,4603.3813,8819.8235,5945.1127,4302.53,15238.904,4798.5044,3498.3496,17558.9928,8865.016,12152.2754,11987.1595,2774.59,2717.5557,3830.5556,3449.1611,4604.6689,322.9495,6313.2972,2635.396,5485.0513,393.2466,15631.0823,2021.6327,9865.2546,1414.3202,20175.4051,11366.1761,2108.2845,5579.1852,3955.7814,12379.48,12708.2022,754.8787,2414.7292,25143.3204,10746.592,12402.745,2689.8269,3901.086,11895.8706,4696.0455,18403.8969,2253.7143,2182.7648,4277.6786,1108.9734,17111.5081,2091.8521,2392.5176,62599.5446,3640.6445,15631.2842,6226.6658,248449.5767,53533.8859,2777.6526,35701.1204,6450.9225,1859.1351,1891.1595,37682.7363,5587.0176,20259.0337,621.4669,64120.4216,27554.3317,21448.6862,2193.9048,41237.0958,20357.0352,2554.2863,77564.7518,124325.5087,54111.1715,41920.497,2422.1367,5636.2215,1768.7554
SMP_890334500EA50CEC5701,1,485312.8688,44839.4938,131841.7945,44688.2607,22516.9885,868834.3757,3663.4411,66414.4267,508865.8277,7590.2156,4130.1038,3782.9043,2397.3694,31258.4119,2231.2467,20281.5892,26443.7986,16360.9807,14081.6872,108286.7416,14833.6921,92795.287,16011.5612,290470.2421,153521.4717,43668.5943,44778.8987,11739.8341,65.8705,954.6036,609.7937,9831.0051,1816.3223,47526.2467,3432.2625,10407.2113,851.5475,1419230.085,64765.4607,20070.5074,844491.5226,296248.8201,24373.8057,22192.5624,23765.699,6638.8764,954.3669,5244.8287,21064.6991,18143.4069,4538.7666,8556.9039,369.0248,57198.7865,9763.2403,6757.7837,3472.0104,1477.4484,256.1803,18598.8815,5448.6852,32336.3708,19636.8209,35352.1619,31123.6829,2654.0912,177632.9728,3168.5824,11584.5602,116838.9181,31467.3715,44627.0654,1037.6962,348.29,1893.1271,976.4629,3667.4714,3924.2229,1668.9034,3954.3848,26178.4504,17460.9638,13389.7487,5209.0163,6139.6597,157131.6609,249636.5344,21814.3454,3386.3991,8039.0886,16896.8284,2879.9485,83041.2168,210006.7556,64218.4817,59139.7997,47530.9855,98864.0737,2134.1393,140964.1697,3692.4955,4406.5848,11524.2345,42833.5952,60821.6822,19652.0718,62094.4972,91219.4934,2440.0944,11943.9424,1315.47,982.7491,67291.0177,5542.8441,6762.8901,5318.7864,8574.0048,3964.8169,5614.4806,17581.5936,2712.8105,2499.2024,12881.7989,8972.3666,8203.3512,9397.8073,3610.9821,4610.8508,1918.3612,3155.4625,2573.2633,88.6817,3532.5205,1359.8404,3156.186,454.1005,10983.4072,975.0588,4484.5676,1749.3017,10327.8222,10031.7858,3791.7146,6245.4006,5176.1813,14844.4135,11699.7278,6982.5027,1935.4588,24712.3204,9928.9641,20390.8532,3171.5801,5056.5753,25284.3986,9005.9523,14529.6407,905.6137,1906.5501,4035.5819,817.2332,21095.9896,5164.436,3873.9557,84791.1686,6411.3403,31993.0347,10336.9817,278982.0251,67533.6138,2613.1892,51123.8997,12775.8249,3110.9109,5263.8297,58560.8967,11894.5564,38831.194,4380.3704,84949.8319,38885.294,31857.6004,2181.6657,74930.7954,37487.7599,978.5388,97166.3835,147911.8987,61341.4602,52597.2672,7824.6383,23150.603,3618.063
SMP_A5D0BB3035CF297F4188,1,513996.8642,45336.9866,138479.2388,42553.6621,24450.2086,912762.1548,4062.1291,67372.5772,515839.2789,8441.6306,2219.6626,2946.9192,1816.7488,20628.8737,1620.6637,14340.5075,19742.03,16549.5714,7380.6727,89215.6497,11934.2285,92770.3248,12142.9363,209219.3066,89192.2739,35468.7691,25803.0113,6606.6793,3332.6087,591.8072,437.5089,6603.8012,868.0033,52567.7567,5339.3989,9643.2289,643.204,1517848.744,70864.3419,23132.537,888581.7764,196276.9328,13920.3895,19721.066,18393.4357,5745.3064,1940.2844,6269.0857,19895.3772,6323.9316,3700.7369,6146.2965,457.3087,29145.8648,9955.9896,5543.1628,3148.4313,1308.3395,346.0789,8420.6441,4850.6907,22458.8911,15730.235,29516.4998,18190.3773,2659.248,172523.0725,4456.681,4821.7092,57891.7648,40400.2624,26983.6386,337.6905,142.6652,3054.1365,995.3432,3689.2643,4996.1101,3010.3837,4328.2176,24508.0752,52101.9558,11163.5225,9515.1232,6023.2877,224072.0823,244659.4168,25773.3931,4938.4993,9883.5007,13543.2614,4057.1173,113093.2403,158404.6433,71244.6758,96889.1919,32282.5717,124073.5305,1633.1385,114828.9073,3642.1091,3046.2398,12620.7515,62289.1893,54154.3584,22839.9326,34423.6654,87611.3665,6928.7145,11022.1665,3056.4889,1554.1885,50512.5065,3847.1052,4040.3525,4275.5229,7088.2515,2990.4914,3872.9341,9995.6681,1803.6466,1262.1585,17450.4347,6578.6198,10704.7398,9520.1215,2451.171,2910.7096,3160.1482,3173.8936,2953.4572,328.5828,3364.6945,4313.3273,5936.3008,735.3144,16819.2949,1849.0701,10138.2101,1193.9168,15505.4539,15485.9168,4813.722,4997.5656,5105.0121,9643.4559,14362.6439,6119.3401,2683.8795,19941.185,8682.7223,16220.1381,2316.7133,3540.5043,12806.3705,4717.8579,15575.7917,2493.9699,1754.3843,5001.4947,774.643,18408.1073,3830.6631,2092.167,87594.8588,4499.6819,27986.0052,3900.5858,232260.3405,49265.1255,2161.0942,43172.0482,8491.2761,1717.1904,5057.2113,52076.884,5923.9267,36469.0601,2576.1445,74987.4232,27314.0733,22579.7364,229.092,55524.308,30977.2504,931.1609,67924.1839,103109.1797,46944.4448,30325.9207,4467.2971,8484.3936,929.0167
SMP_356DA6730AE3348BC6B4,1,509836.763,40924.3349,134376.9416,46782.1882,22570.9116,900308.1568,3934.6832,78945.0771,493290.8671,7939.4269,1910.7015,2297.8128,4193.7733,23079.107,2056.9354,15867.3248,20130.7916,11133.0122,15770.233,80268.5269,12733.8914,76870.988,19583.1322,196227.163,119947.8099,32402.3594,38536.0068,6548.4061,4093.6622,1462.7997,474.3949,8746.5903,1259.8451,76642.2413,6861.8551,13677.3268,939.2682,1787377.741,134573.093,25591.8017,1397327.69,251503.7974,23196.566,20440.0472,28857.6837,7705.8097,3993.8689,10315.3154,52085.9435,17293.6922,4705.9873,7329.4062,697.5754,56476.7912,11041.94,5471.078,3403.8431,1689.5764,233.6534,5024.0122,2439.3824,15541.8885,10076.5582,22225.2214,14883.4719,2776.4998,246095.7014,5172.6494,9459.3704,101846.0481,46218.043,31246.5453,939.4543,871.3465,3896.1239,973.8461,3488.5111,2922.0822,2669.4843,3477.4681,23126.6478,33351.1392,8644.4296,6496.596,4367.5103,206691.6768,242044.8105,27428.6868,4989.8884,8181.3263,13655.3718,3510.2853,103223.0897,166964.0583,71459.0253,95083.4129,30238.6548,147188.523,1639.0526,122605.6086,3187.6196,4970.2508,11589.9771,61861.0738,67885.14,21491.6567,38425.9394,90323.2535,5952.3123,10108.6901,3747.9561,1434.097,57482.6779,3991.1417,5371.8324,3192.1238,5455.3163,2842.5701,4340.1464,10183.9552,12.3093,1008.8095,17583.5726,7622.4318,10043.4045,12282.1717,2761.6374,3099.46,1755.0457,2800.775,2703.8231,125.0259,4417.088,4771.2365,5307.9281,529.1094,15852.6455,2148.7665,12050.047,1175.8796,21118.6032,23339.8415,4147.3974,2907.2904,4798.057,8623.3729,14773.9919,4271.1577,2618.0311,26569.6749,11156.762,16474.0218,1994.5896,5201.9547,15259.5407,6533.7978,7253.9325,1522.7842,1737.6974,5407.5456,716.8927,14052.0917,2767.9954,2508.94,56720.7722,3858.2732,18469.366,4418.4035,200528.4302,54047.6272,2695.962,35544.3145,7259.8925,1636.6701,3129.6313,37675.2392,5072.3288,23273.5164,2220.2614,59624.5023,25646.2194,18892.5109,1009.8956,42972.0167,23526.7486,330.9415,56713.5373,105897.4744,40103.5326,30381.9034,4366.7101,13358.0098,1742.6873
SMP_9AA63638FEE58820DDDE,1,517143.1471,45753.9489,136509.3985,41734.287,24254.6699,907937.507,4247.5657,73206.7343,498579.0367,7576.4433,1682.6714,1679.946,3196.6607,21402.9305,1536.2525,12266.7565,13135.7311,5394.4092,7726.3833,66998.175,7094.9247,49063.6113,17793.258,216965.2318,116258.1503,27235.9099,24210.9801,8670.7511,9142.5724,1132.7157,490.8029,7704.7704,1750.3038,50651.3334,7494.6134,7757.0644,893.4286,1551673.411,206206.7759,17365.925,1380789.963,492723.9267,38734.5007,16144.309,28278.6458,10034.8371,2316.7199,9574.2945,34031.5405,16998.0637,3440.7766,8000.2526,649.925,89869.2567,8216.1871,6693.4469,2542.06,1167.6115,90.8612,7932.3865,2394.7436,16593.7492,7686.8538,23317.6888,16323.6372,1580.2465,144395.9841,3959.3702,5092.9461,57826.6052,22994.7486,31393.5046,332.1478,327.3454,2434.3936,945.8939,2047.9447,3158.0232,1943.8649,3789.5357,25851.071,31182.4415,10991.8181,2979.0832,3246.006,168166.278,268675.311,26008.7028,4400.025,4347.732,9530.8872,2683.4253,84977.617,181511.0129,60699.2413,83605.8801,36017.5005,142839.3094,1800.6714,140807.8212,2128.2096,3823.7725,13275.3734,62697.9461,72702.013,19005.0658,55011.8741,105442.0723,5666.548,10854.4518,2955.9239,1696.2584,69926.321,4090.3027,4928.9491,4295.0777,7013.1507,2377.7586,4084.1594,13198.5458,9.8794,1044.504,15610.7188,7217.4709,8309.7142,9787.9538,2655.4374,4049.2863,1859.9308,2550.9094,2536.2641,165.1788,3132.6727,970.4187,2648.2381,255.6455,9066.4703,599.8996,5805.9056,971.4443,9896.9317,10265.5632,3016.9423,4806.2434,3162.0103,11230.6972,10123.2347,4698.1733,1493.9625,21540.0232,8534.1096,19762.1798,1361.4129,3799.1337,18063.7808,7558.0607,18232.2342,1933.1115,1211.7281,2911.2097,1052.5498,22944.8932,1808.8581,2097.2663,46372.6713,3147.1663,13413.585,5502.5349,224904.4203,57011.2736,3360.1131,38971.9015,9075.7786,1838.3769,2331.0281,41758.076,7749.9001,18038.4455,681.8716,67588.4741,24537.5427,23476.1957,1381.9828,44241.724,20347.984,2342.9492,87183.959,136618.6911,59160.5912,46675.7273,4269.9473,12147.7342,2815.5495
SMP_9509939C43301B920A41,1,480343.8134,44158.5277,147190.1232,43180.0671,21857.7109,910308.5525,4249.1594,60497.3239,561298.5204,5575.8303,3342.0215,2813.2411,7222.6211,34180.8281,1895.4415,19125.9382,19266.9234,10226.4683,36610.2624,113215.2244,12458.3007,93071.1304,38495.2003,305631.3377,158833.5969,37006.5283,39946.9619,12085.3373,6885.1543,2285.7366,393.4692,7233.1587,937.1642,40364.9238,4157.9524,7310.9616,773.3572,1309116.63,66954.8611,16872.2326,788251.5431,145363.3668,14155.6817,19052.2562,20141.7501,5769.5342,2551.3579,5785.8206,20469.8867,6298.3083,3960.1511,5415.0064,155.6706,28313.0992,9434.9975,5632.6133,4775.4973,1751.5453,118.5837,11910.6996,2785.8618,14631.6726,8994.9412,20882.092,15231.3042,2194.5038,175006.4701,5961.8758,5600.4114,67053.4458,56965.8067,47038.6416,433.3192,612.9234,4489.4383,1328.889,3250.4466,4519.2629,2916.3117,3649.4794,30135.7994,51459.2715,10742.2096,6874.5691,4066.0512,221651.6051,284135.9061,25873.6226,5944.3242,8557.5178,13217.2686,3071.8205,127797.1118,178343.1949,83303.3872,96971.343,48030.8062,141101.339,2114.5548,120411.6231,2905.827,3930.3962,13035.3845,60675.8714,58492.5078,25669.7253,33660.84,106508.5034,6396.6586,10853.9704,3675.8984,2297.6148,56043.6485,6496.9146,5315.3937,4626.7646,7954.5166,5156.6963,5432.0922,13711.1141,2851.8601,1506.0731,17048.4681,7470.9671,9005.1196,10845.5372,2903.2129,3538.5509,2238.2213,2350.7745,3031.6298,144.4302,3648.5696,6163.9204,9027.0091,3.9092,26097.5711,3891.8222,17244.4761,1530.6152,24329.4619,27472.7848,5132.0738,5892.3244,7649.5014,15128.1967,16884.1842,4262.4123,3829.8973,35251.4339,12068.0262,14137.446,2129.8947,5123.8564,17433.3114,5677.906,12775.2776,1509.0197,2524.9909,3195.1842,689.7306,23694.9641,2453.8448,3827.0198,83588.3707,4174.2005,23490.4671,7103.932,240619.4847,62724.6324,3996.2154,40745.6843,9221.6793,1295.2273,2131.6723,37084.56,4498.2739,21193.4745,1440.8565,72137.5034,26058.4156,16873.2403,822.275,47364.6822,22135.4825,1172.3973,86297.7886,138370.9168,49510.7326,34038.5216,4212.1446,10498.6723,1992.4986
SMP_494C8B0BF9C0083691E1,1,525117.0916,42470.5094,138084.6796,44329.8052,22367.3829,873405.9544,3919.8985,65080.7489,509684.7327,6655.8372,2484.7453,2669.1753,4007.2639,24976.1119,2193.0408,13701.9013,16737.9204,9924.3238,20207.0147,79271.4622,9516.0823,66937.6001,21171.9744,186415.8068,108747.7891,31255.9376,33173.9349,7902.2552,3777.7427,1465.4841,511.8973,8654.8981,1361.8572,53674.091,6163.0441,9520.7952,853.4921,1280932.271,108492.1643,19714.0524,1076796.53,288075.9423,30979.9362,16456.5072,22147.088,6372.4526,1502.7932,6235.5537,25470.8453,18777.8093,3540.347,6545.5118,216.7261,50441.4314,8138.0335,6083.0426,2856.6413,1308.1087,574.4904,8646.9628,4927.7059,27118.3233,15876.8753,31143.2065,23038.5869,2708.0549,182095.3866,3467.9525,6804.96,74637.1184,28887.7512,32949.9423,617.7572,3.2886,1774.2526,925.848,2420.9085,3246.2494,2316.5269,4025.4004,27672.7628,24940.2471,9950.8449,6672.6076,5106.74,186407.2753,255536.5337,36190.9757,4253.0392,8630.3357,12847.7803,3383.0022,85226.8609,166527.0688,57627.0632,71218.3934,31583.4742,134156.567,2240.1047,141473.3883,3005.7248,4454.1209,9163.1174,46581.1677,65501.3256,22809.9282,55646.9416,105169.358,4158.4198,12051.8295,3279.6543,1767.419,74988.9714,3469.2654,4638.0176,4981.6278,7695.6967,2627.5647,4217.0235,10266.4409,1552.627,902.4858,16748.8853,7784.6105,9142.4853,12276.3795,2884.6446,4084.0516,2300.2114,2927.991,3301.3436,273.5131,4464.0053,2082.966,3334.3493,1095.5945,12483.5603,1530.5827,6417.5847,1094.367,14024.8841,13675.7242,3935.4335,3829.403,4617.7906,8547.9141,12962.81,8031.911,1378.8126,25469.2689,11291.6728,20056.99,3315.1206,4758.7665,20724.9264,9026.7867,14544.8118,2994.6193,2081.9671,5384.0693,384.7413,25724.8095,2965.6529,2543.1155,63356.7081,4538.0924,20965.5381,6808.3127,216358.1325,50457.5345,3681.6504,34644.7309,7824.2582,1958.1507,4549.0607,49403.5976,7843.7815,28263.076,2986.4442,74441.2802,31632.2651,29105.1779,1655.6106,54763.9022,27103.6272,3098.1238,76661.3092,130091.3972,52230.2728,41033.0775,5301.2016,14994.2339,2997.2214
SMP_4BFEBAA8E64B85BFE3F7,1,521938.1772,44060.9535,141136.4348,41185.0279,23228.6369,866087.7858,3980.2028,65693.701,499542.5452,7143.0751,3079.3566,2629.4631,3511.7454,24842.6746,2299.3864,14753.4037,18831.3757,10457.9693,8404.0342,97773.8424,9829.5345,67778.2046,15781.7306,259344.937,121478.6354,46126.5197,32691.4198,9709.9151,3675.6027,1503.1119,300.8844,7084.5997,736.9256,51759.0815,5980.9479,12007.7532,823.0857,1690842.4,114634.1269,23648.4967,1418646.921,564627.5111,46215.4835,21968.2281,29459.9423,11654.9138,2492.5164,9667.4915,32097.7126,7341.4969,4574.6346,6698.4435,664.1191,42271.5474,9584.4864,5923.4282,3231.5265,1487.1649,190.2153,14877.1452,6280.7196,29254.9773,13872.588,35312.6446,24602.4984,1640.7516,132907.5515,2601.4043,7018.9158,83742.0523,27952.9008,27439.1251,428.1927,2.3611,2484.5318,441.2855,1682.3717,3539.3876,2080.6715,2130.5568,21333.4245,22765.7808,10967.5854,3743.8843,4001.4283,171904.2262,246569.4802,30150.2796,4121.1799,5684.9533,11121.6082,2080.6472,105177.523,195175.2265,82151.6118,90128.0343,46888.2193,112143.9528,3011.7441,67235.8072,2853.6603,3105.3264,14923.3257,71787.7906,65628.2505,18750.3264,26938.8571,64567.4038,6149.7855,13229.4054,1523.6648,1544.6367,51882.5215,4029.6974,5422.8524,3734.2215,6643.4608,4173.2593,3702.4667,19929.4291,2186.8269,2251.7103,14941.7101,9370.224,9989.2492,10864.1404,3006.1244,2890.1071,1776.7743,2293.5712,2414.816,331.7211,2365.2122,2500.3725,7663.0033,678.3937,24524.1594,2783.6822,10650.4706,1511.2926,20209.88,11712.9324,3416.4037,7878.9772,5437.4465,20207.9508,14300.8599,2059.7168,3208.2364,28868.005,11666.2544,10849.2475,1972.2796,3722.0023,12377.4791,5100.7916,28314.7167,2461.3007,2883.4713,6420.5189,884.6756,20708.7554,2551.1887,2595.1805,76936.6758,4441.361,20290.6188,6842.0374,248251.6103,60828.3983,2338.0886,44487.6969,9876.857,1717.7915,2967.7385,46735.3092,7623.0513,25682.9147,2075.8056,76998.2053,27330.3977,26614.3563,1494.4428,48037.3686,26947.0859,1216.3512,88634.9141,116879.5895,61125.6826,40543.419,6054.0805,13426.0941,2156.5193
SMP_775D9E64B6BF1189885B,1,479436.8657,42675.303,142992.645,42215.9253,22090.9939,863410.9163,4228.1902,63239.7819,466041.0932,6890.8876,2190.3068,2769.3294,4435.4573,25929.1995,1511.9676,9932.239,15574.5883,10859.8282,15019.9238,88893.7687,11676.5341,78478.1236,20988.1087,259847.472,133232.203,39035.3828,43014.3018,10624.515,4790.8298,3563.5263,934.5926,10156.2934,1106.5194,84106.762,11304.329,13385.0112,776.234,1895860.904,184923.0874,31513.4671,2090615.316,338054.795,54128.9997,21675.241,46171.3254,11713.2825,4751.5862,9727.205,30316.5946,12601.9927,3897.8981,13499.3424,681.1506,67267.5972,10204.2137,8246.8443,3449.5752,1492.4331,318.2394,11894.6424,5569.596,24338.157,14180.7737,31622.195,25113.8961,2008.3682,177699.0301,5680.1828,5640.9903,71447.65,53947.129,34136.3988,566.0893,4.5893,3248.9709,970.2734,4417.5771,5690.6109,4529.4448,5126.7249,29099.7785,48819.8545,9879.4549,8487.0278,3602.1721,232069.9109,240631.8918,42811.6587,5811.8158,9927.1156,12201.2325,2767.9725,118575.7649,163987.5451,63991.2535,88372.9252,32073.5667,136321.1503,2433.6576,118299.037,2524.3634,3811.8459,11284.8245,51710.4997,54960.1925,23766.6213,35713.6631,95251.7536,4884.5895,10637.8175,2186.878,995.7285,54483.256,5570.262,5883.9168,4936.266,10912.405,4210.3797,6909.9166,14157.7609,3135.0906,1830.3024,19983.6016,8113.7181,9805.8376,12709.0532,3382.5099,3913.5305,3295.8479,2724.0505,3553.3169,119.1768,5193.6286,2616.4756,6940.8469,1619.775,15242.0964,1393.2581,16850.5383,1230.8698,18905.3817,19904.5068,3351.1673,4860.834,5335.0264,12724.8096,13719.1466,3380.8637,3070.5664,27959.5414,12499.8622,14323.6824,3809.4508,5125.8072,14244.3078,5768.4898,19223.8357,2102.6144,2043.2126,4216.9193,644.5733,29863.3288,3245.5044,3882.4341,79553.5514,3774.2172,28815.139,6106.7754,265649.6495,57475.689,1463.867,37693.3818,8288.3222,1285.0657,3668.8267,44302.1299,5368.2643,28938.9994,2107.7571,72710.6803,37269.7061,20512.2678,939.2352,51260.07,30964.0769,1620.4889,81447.2689,144968.1361,54923.9114,40110.386,7056.319,19263.7151,2570.5048
SMP_C2CB6A6172FBF907A1A2,1,510688.0236,47126.24,144518.4217,49261.9809,23498.9748,876800.7852,3918.2682,71620.1413,513270.2124,10112.61,2863.2437,2664.4471,1664.9224,24066.6196,1791.0755,15443.384,24262.374,19877.182,4157.1342,95168.0305,15586.4364,92637.7437,8047.114,189889.5619,79713.7666,39799.718,26754.9758,6254.9846,4746.7474,641.1902,604.8835,8141.1635,892.2513,56067.2591,7590.1475,11978.0471,595.8626,1413461.735,120799.0843,21458.7223,1033700.461,203012.3299,17803.3717,17395.957,18696.2112,4767.0868,4579.4922,10637.7781,66683.9632,13600.331,3784.9097,8305.7531,509.9967,33040.5168,7674.5007,4004.4461,2724.035,1273.7726,424.6161,6061.3822,3406.2865,12989.3068,9431.815,15209.2287,10911.5191,3692.5882,252061.9076,4993.2069,10178.3469,103874.4984,41939.0784,26034.5576,763.0224,619.1753,4080.201,654.7567,3432.6257,1749.9399,1663.0235,2576.9343,20354.6296,24789.8974,8356.5746,6262.0634,4608.2026,194208.7789,221372.6057,22429.7927,3766.9149,8420.6579,12038.8643,3285.3967,99051.2616,144217.8664,68726.1626,96387.4791,26814.9108,131120.1612,785.4431,96449.1224,2578.3132,4483.644,9045.3105,55914.4737,59048.4674,18365.9488,28297.2482,73434.8995,5519.0505,9007.5113,2052.8118,892.4231,40484.187,3455.7225,4842.1176,3704.1345,6455.8359,3837.7189,4769.5975,10701.9407,1374.8374,1451.4015,16284.7706,7156.9195,9903.9972,10770.3775,2824.8552,3769.5315,2156.2948,2370.4783,2442.6033,161.2422,3135.6297,2905.771,5442.1878,1584.0879,15417.6741,1478.3369,8679.9549,1063.7068,18008.3457,14926.0551,4015.7238,5612.8253,5203.2399,13659.4413,10262.7168,2021.8621,2982.0026,21783.0995,8914.3799,12386.3924,2586.2242,3965.1798,11698.0487,4139.7884,8814.9421,1269.7459,1655.8228,4871.5468,926.7782,14303.9319,4238.9055,2831.581,82553.4958,4730.9401,26634.2973,3415.9047,230052.9101,54162.8037,655.0875,45364.5046,9110.0129,2041.219,4162.9207,47771.1304,6612.4767,34795.8791,4035.2286,64626.5171,28695.7812,22962.319,1376.9752,43134.7576,35101.1765,376.3717,52075.7842,79934.1686,45398.1102,30921.2301,3159.4889,6433.8231,947.9291
SMP_05CCA8C8531569025CF1,1,467028.7628,37031.4532,124777.3726,35647.9232,19475.4299,767707.2205,3870.651,56410.006,500050.3067,4514.0076,3061.579,3202.6463,9343.8355,35585.9402,1889.3232,17911.0663,21875.9123,14566.7977,39974.2231,132297.3215,16958.1911,113231.0034,45197.1515,354384.4273,158442.2033,48643.394,30044.9033,10026.2712,73.3086,3278.2478,991.7843,14188.0758,1081.1516,75510.204,6919.3638,11434.2473,468.5043,1925486.67,165013.653,26422.5023,1989197.655,694348.4504,51476.5686,19766.1582,45960.1798,16645.9243,3531.4115,13412.2267,35547.2446,6882.1345,6203.7656,12472.0556,1277.7016,55966.5058,11203.4458,7980.9949,4059.8036,1329.4746,1193.8327,11790.4514,4106.5813,24930.1624,12525.7411,29414.1561,15400.6452,1985.1067,179963.9723,5187.9066,7266.0842,80301.4224,33323.7463,55669.6605,317.5352,197.2921,5106.2579,537.658,2839.5765,6143.319,2939.5056,2817.4675,30658.4872,44833.8188,13728.1696,3550.6064,5842.7661,188879.5763,357412.7936,29852.4139,5481.2866,4393.2197,14059.8674,2878.7689,96754.3315,248367.8018,100302.7727,127941.3759,68744.4821,164497.8701,3417.2557,87533.2675,4306.02,3335.4515,14412.9324,75467.0611,78975.8002,19211.0503,23707.6537,119898.6805,6834.0242,10056.398,2978.6825,1871.3282,62731.6483,7122.7721,8085.4657,4544.0087,7676.4658,7103.1429,1837.4642,10869.1329,3561.3308,3527.2899,24161.1001,7000.6446,13630.8675,13973.476,3118.8575,4521.7239,2994.7174,3098.5808,3648.3175,436.1884,4558.3012,7670.4506,13872.7903,732.652,43650.6599,7202.4872,25216.7009,2081.91,38135.3501,19253.7492,5560.8766,7729.569,4565.3596,17145.743,20912.8803,3990.5842,2502.3853,33187.8085,17008.5983,21903.015,4016.1831,4390.3071,18273.6568,9247.5168,28973.7709,2077.8588,1644.3463,5607.9729,828.459,18190.8277,3026.0798,2858.537,69730.5668,4041.0166,16614.716,4731.0376,221919.0351,56154.4912,2357.9992,28286.4564,6798.0652,1746.318,1060.596,37392.7951,4054.7579,23766.3659,1243.0805,76789.397,23637.6175,20696.5298,1017.0838,52770.2074,21738.7215,961.1877,80822.7694,100259.4512,39346.5087,29661.7567,3314.4748,6392.5951,1064.2084
SMP_FB9590702F8DE61987CA,1,504693.6773,42684.4093,130427.4195,44939.9268,19881.9853,864208.4308,3818.4285,62359.7288,468509.7046,7395.049,3143.3029,3407.9742,3295.3226,27857.8812,941.7236,19835.4383,25054.0116,17586.5078,11169.024,108933.8501,10635.49,113722.913,15082.6819,244949.0147,97491.5278,29423.2776,35302.6208,9170.3969,4100.4199,2359.0632,815.2054,11433.7324,1016.9928,100734.306,11935.4454,13928.5436,1402.1951,1803351.168,137174.4236,29862.6963,1713870.353,269441.6983,24902.5137,18087.9704,28694.4251,6591.7302,3345.5984,11467.5092,45591.2239,10496.6092,4326.7938,10249.7508,988.8151,53683.9928,9240.8878,4782.4951,3443.9315,1387.8664,616.8424,11858.9353,4411.1971,18829.5527,14626.777,23578.3721,14116.3733,2834.0238,214231.0674,3689.7867,8817.6223,98473.5794,38378.5949,30395.8022,446.1259,219.4082,3813.7344,889.093,3583.1102,3421.1157,2467.824,2746.9209,26974.1376,36711.5559,9232.4658,7271.0695,5368.446,211293.2849,256194.8663,23759.9485,5106.8371,8029.6626,13783.1519,4185.9778,134960.3834,177795.5243,71215.439,108991.6888,36176.9031,155219.1825,1858.6655,97887.9528,3765.7721,3852.8536,13535.2098,76954.9561,71841.3293,17674.2915,33768.2511,84505.2894,7916.5822,10456.8434,5232.718,1757.2168,59003.4295,4084.2271,7030.3584,3930.8891,6421.6616,2677.9177,4591.1025,10037.5329,2771.82,795.9546,15992.8769,7902.955,11737.3849,9344.5913,2437.6761,3610.2923,3362.5291,2603.3807,2919.5073,2.986,2958.9475,5133.6245,7748.3613,1113.3372,22866.3039,2447.8399,16808.7441,963.5412,23887.2369,23037.0608,4364.4823,5825.8893,5678.0874,12856.6945,14980.1923,3983.489,3601.7104,28928.3314,10575.2799,14264.0169,3943.2753,4004.9874,17563.7408,5623.299,15440.8159,902.9493,2978.0429,4047.9779,1617.0043,23854.1577,3707.9954,3016.1415,72219.5789,3000.4624,24135.0402,3833.8353,234091.8311,33626.384,1729.4206,40330.5539,6882.5086,1307.1355,3386.8162,49595.9476,4866.23,35219.601,2487.0127,77513.1063,22471.6286,16698.8505,850.3808,59135.7721,28765.4349,184.9863,69898.8352,102256.3686,35943.3694,18782.8791,4212.7465,8162.5306,934.5247
SMP_8EB6F2145B81C2F7ABC4,1,499803.3644,45466.6773,137565.1873,45340.7118,23028.8094,893125.6114,4069.029,76598.0813,495625.5889,7752.0396,2987.0697,3451.6325,2569.4155,28563.7093,2843.3796,13551.813,16931.1964,11868.2067,4006.5133,82586.8752,10106.0987,68555.6688,8639.1997,232753.0844,107807.3378,38263.8144,30198.0212,7629.6199,7276.9664,746.8648,390.8862,6198.037,441.4487,38409.9284,3995.6902,10165.807,593.3859,1180423.939,85447.6851,18180.4403,875741.9421,449541.3826,16861.6338,16843.7445,16591.4871,8628.5431,1089.0229,8100.5307,33655.8276,5811.1828,3408.8754,5598.6829,147.9048,40010.3009,9295.3764,4908.3141,3419.3414,1468.6842,452.4061,11159.6288,1584.912,18080.7165,11382.3257,27248.9269,17956.3346,1812.3631,166574.4618,2690.4746,7988.605,76690.8603,27334.8466,41411.703,966.2612,443.1421,2811.2501,258.6765,4031.9534,4000.8894,2667.4991,3424.7495,24864.7723,15171.5442,11279.5509,3585.1242,7018.3013,137261.4194,261623.8722,18392.2756,2231.6531,5360.5084,17424.4864,2499.0163,55128.0502,177641.8517,79625.0728,78072.3521,50310.0657,121129.5271,2170.7658,62094.8055,3297.6925,4962.8771,8616.1265,54393.8644,66835.7253,13634.8049,19674.3566,87371.022,3089.2146,6936.99,1623.5126,778.1042,53126.4042,4702.4735,4381.3445,4865.8101,7492.92,6696.5126,4862.1651,17670.4642,3642.942,3525.7408,17574.2235,8812.1836,8803.3315,11756.985,2887.583,4022.0104,2214.5986,2434.776,3132.9958,955.6295,4681.7775,4181.9068,15264.2797,538.6704,34214.3173,4522.6993,22896.6236,1242.4947,31791.6435,38270.3314,3038.237,5903.9096,2741.0792,11302.123,11413.2035,2124.1751,1750.8188,20839.6552,10648.7532,14241.0609,2425.2709,3009.8185,13236.3566,7496.9933,14390.7215,1226.8187,1107.3965,4000.809,982.815,13086.6939,1380.7565,2121.3952,58406.1491,3872.0942,25093.9571,4296.6251,233969.071,56367.3453,439.7965,35857.3482,9186.3324,1918.5135,3884.961,43776.585,7879.7057,28893.7635,1758.8838,74556.998,26783.0298,30582.8443,2487.4686,53832.6703,28407.6456,1237.6845,79351.1129,119849.4541,59327.8323,55561.6386,6956.6567,12922.8275,2311.6231
SMP_1BB1AF73F855847B57B2,1,500568.9734,43882.6903,136587.5913,42302.5302,23348.0973,902688.6395,4119.1796,65342.7894,531533.7987,6873.3434,3388.1815,2811.1184,2288.3196,19316.2221,1244.102,11142.1077,17651.8115,12660.5091,10285.4433,77702.0736,11297.5278,73120.9493,14084.8335,214842.7589,94901.9442,34962.4357,29218.1085,8314.8957,3435.7947,431.1473,764.2153,10879.4628,1154.22,66837.7555,9324.626,11769.501,890.4675,1341406.916,164572.9263,17022.3529,1333326.087,277085.6274,31082.9637,16063.8697,22629.3912,7084.6985,1774.9951,8666.5974,32565.8375,6015.0273,3905.4461,6544.746,196.7977,42741.1735,11175.0312,5460.0319,3594.5881,1501.149,337.2533,9829.2173,4695.2756,17284.2582,11962.1241,22845.8927,16461.4079,2470.2603,162792.2511,6166.031,6393.8629,64463.732,37117.4066,33614.943,251.6663,291.8317,3259.8541,553.702,2580.8923,4871.8986,2872.4518,3767.3497,26262.0949,51695.0128,15972.4608,7078.5567,6561.9488,204217.0841,272252.2358,44489.887,6771.1861,6496.2977,12455.9395,3395.6904,108582.2593,184253.0188,79059.8709,97535.1419,45038.1098,123948.4066,2743.2935,70431.4387,3303.8932,3443.7312,13216.0861,63714.4703,57945.9499,21579.1869,22165.3997,92309.9028,6216.0026,11606.2295,2828.7288,1725.1993,55879.474,3112.6044,6359.6044,4359.4705,7700.9482,4444.1285,5226.4258,17699.5672,1844.7057,1717.3922,15353.1174,8615.4141,9857.7757,10282.4056,3512.8332,2761.3603,2658.3931,2621.089,2407.4763,113.0182,4334.243,4810.3223,8928.8585,571.2007,23009.4035,3250.2009,17309.0354,1478.2734,18927.5657,20858.2535,4159.0354,8030.5451,6736.441,14752.4402,17392.133,3112.7614,3954.8506,32954.3112,15037.6176,18601.0438,2264.5065,5558.7159,16417.8773,6782.1531,17566.8737,1494.654,1918.2885,4268.126,1118.5005,18049.5185,3616.0014,2723.7518,86338.6493,4087.3513,22219.6397,4684.3963,223327.6708,53467.8679,1981.8726,34876.8389,8595.7953,1048.0225,3137.3556,47279.4068,4794.4968,33951.2226,3160.5458,77258.7246,36463.085,20807.652,742.2182,50458.2644,29900.3396,1081.1094,73809.5274,115719.5079,49620.7649,37237.0737,4699.4648,12181.2008,1774.2289
SMP_BF4212CE8C64EECFF99F,1,485530.9008,42528.2339,128985.9085,42651.9764,20952.7366,910987.0975,3918.1385,65283.4525,505908.1524,6408.8553,4798.2703,4510.4417,3034.4093,33184.5823,2578.7293,18101.7474,30479.9974,20633.5394,9242.4557,137547.5415,16289.8369,99723.7216,18053.6937,274843.9458,110034.9243,49423.2811,44363.9885,11391.4171,2694.9679,606.1606,591.0788,10278.7623,999.969,52323.4252,5179.9454,14309.4554,1150.2984,1417761.654,96388.8706,23106.4908,1217483.834,644084.1188,24361.3774,18491.4535,25006.2843,12140.3352,2772.6432,9505.1308,32094.6669,14939.9659,6444.4349,5839.4924,275.9588,41746.8071,10964.6929,4919.1997,3806.8482,1324.1367,563.9318,10541.3718,4943.2169,21717.8354,10477.3165,24161.4756,12285.5134,1982.0285,159865.2043,3114.3304,6170.6637,60899.2978,20922.4604,38670.6078,276.5838,285.2859,2041.1581,594.7612,1819.8787,4402.6315,2548.1791,3195.0051,26496.3338,24297.9226,13761.956,3968.9131,8578.5616,155904.6097,301347.1173,22234.0484,4575.452,5683.0269,17368.8683,3687.0798,62521.3679,183810.3428,78387.8295,83272.7268,55214.5256,138478.6873,1448.433,63687.149,2677.4721,4140.8518,8632.329,51957.0629,66282.0832,13600.7782,17231.8,77178.9864,4385.7631,6999.4333,1680.6307,1025.5657,44301.8245,3537.5116,7078.3851,3604.1733,4160.0484,3644.6646,2430.8766,12677.5343,2007.7039,2232.6607,14868.6243,7353.5845,10580.6669,10582.6272,3005.7213,3060.6019,2436.2399,2437.2444,2261.8016,765.5841,3445.1345,3507.6634,11884.2816,456.0869,28633.245,3303.4449,15515.1635,2075.1647,22734.8391,14840.4568,2600.3804,4331.3824,2429.0352,9290.0282,9575.0501,1221.2526,1303.2943,16428.0704,6148.062,10588.8637,1716.4224,3065.5039,10825.2394,3764.5138,24760.1305,2033.5408,2199.6269,4717.5902,1752.6572,15053.4106,3506.6445,2510.5914,83389.8492,4674.8514,24531.1309,4164.3183,221648.7284,63162.5182,1747.2662,46096.7935,11839.5966,1502.6334,3933.9527,55679.8793,8469.5509,35026.2581,2756.8679,90382.4198,30265.8844,33834.9579,1880.6875,55184.8852,29365.7093,978.3438,86868.6358,100924.2805,52359.3852,42073.2463,6051.2522,11803.7482,1800.5002
SMP_970C0B68AC6667C9AD58,1,509169.2653,30399.4404,136676.6686,39486.3866,21572.4637,796516.4663,3938.9363,65085.1657,471181.1734,6425.0833,2482.5603,2753.092,4334.2147,26811.9517,1729.2208,20358.2371,23806.5904,9818.1462,23268.1699,90999.8181,12427.059,73902.3379,23840.6968,246299.5357,155318.8173,29141.608,37888.0774,8495.1736,4606.463,2308.3267,443.1747,6161.9038,1125.6531,70657.1708,12005.1092,11863.3531,980.9817,1696303.152,250615.0968,23154.3296,1983428.31,299921.2238,30973.2285,15351.7906,33065.1642,10430.5017,4566.7473,10701.2162,36316.3456,9682.5261,2810.2766,5327.3714,666.9817,63631.5752,7930.1334,5940.9698,3197.4641,1304.2378,150.9746,6958.6394,3241.7482,17570.7385,10549.4583,24982.7696,19275.6576,1716.3137,167263.5783,5833.0114,6625.909,70528.3531,43436.4632,37232.2146,501.1738,475.0227,3069.4635,842.8251,3325.5906,4774.8569,3306.157,4573.6981,24526.7064,53561.8069,11090.7518,7319.025,5011.7451,217157.6531,277843.823,24891.9827,5091.5375,7729.6409,14160.2861,2863.2134,122878.299,186966.6496,94112.9996,96557.6412,47613.8372,142864.507,2138.2332,92907.8408,3101.801,4593.6476,14140.8552,59866.2516,69600.474,22297.6637,27922.7163,99225.0345,7402.2166,9018.4485,3218.271,1446.3435,56770.207,6819.6896,7048.5483,4263.8966,9466.3225,3043.5424,4899.6783,10687.6025,1670.9814,2130.0576,16158.2551,8338.1173,10963.031,13510.9043,2514.8976,3504.4625,2599.0213,3068.3516,3883.839,128.0611,6445.2645,7565.2499,10157.5356,612.8413,28109.7599,4225.8019,23752.2192,1468.3931,34081.8921,32530.1058,4156.9425,5175.8054,6221.3847,13942.8752,13153.9508,2320.0331,3225.3683,28795.4828,14710.2803,17638.4941,3290.0666,4628.6487,16844.8927,8032.9424,10299.0813,1488.0435,2259.0051,6658.0121,1225.5172,16049.5525,2524.8407,3080.1733,54865.5789,3289.5548,14490.1951,5701.3162,203451.1037,47860.6727,2723.8713,41274.5296,8431.0615,1209.8861,2826.8734,40856.5739,5035.1748,20199.654,1086.8518,71662.073,25370.3774,14680.7142,775.7868,46272.1508,18941.9431,970.9735,71112.547,125893.6156,36532.2409,33449.8533,3716.2915,13782.7377,1713.5604
SMP_0004845E254EB9E73138,1,522146.2294,42675.3233,138877.0481,45107.2319,22182.2502,862462.3677,3739.8325,68869.923,502263.7222,7676.4999,2675.5331,2599.7916,5399.5664,28485.2982,1990.4796,18579.8052,21292.628,10174.3603,20285.9515,75890.4326,10542.5811,73383.5458,24920.0881,196558.9202,126133.0728,24511.8036,29779.9107,8983.5125,6373.2546,1280.4161,263.0877,5199.7449,585.8839,41907.2731,6381.2274,9813.0033,792.61,1328507.862,118739.8382,20717.3236,1297003.254,232348.6651,18928.5811,16651.0478,29847.0917,8326.3149,4099.8047,10342.4037,46778.384,5885.0627,3889.96,6105.5836,582.2097,47500.1393,7687.9528,6111.3593,3174.9865,1237.7181,134.6972,11317.881,3561.3207,17649.1991,10145.5552,22129.8962,18769.0206,1719.9904,186906.8505,4917.7347,7703.739,83585.0104,35775.8267,26085.069,817.1957,170.4961,3287.8473,462.5203,2408.0691,3131.8119,2431.9609,2459.2852,24450.7509,31647.5642,6692.111,5035.4353,3627.7402,188602.3848,241521.3458,17471.7201,3401.9154,6050.3454,11953.0922,2666.0114,99379.9776,173166.2591,80813.235,96642.6417,38916.1,139508.241,1411.408,67100.4607,3401.2969,4541.6489,15321.4103,72341.9958,68326.9614,17184.3501,21809.7032,73437.73,5717.1972,6336.09,3444.3212,1689.2184,46978.143,5873.1168,5690.8621,4835.3656,8476.0304,8611.4623,5799.7814,10313.1396,3939.3257,4081.7998,26782.0839,9844.8543,13907.4207,16484.2962,3115.9977,5062.6687,3929.4906,3147.843,4339.1026,143.8959,5143.9546,2768.1781,4282.0013,984.1441,11978.0094,2353.4619,9313.5805,1336.0212,15452.8537,9803.7533,3010.2024,4872.4242,4218.7569,11645.5181,17929.2174,2587.7115,3644.7093,33822.1697,15032.8239,14501.6218,4351.6648,4354.5772,14995.6968,6246.4797,13250.5728,1036.1791,4053.3448,8725.2803,705.269,19695.9964,3013.874,3021.4449,71852.4213,5388.9296,21287.0898,7502.9034,243739.8597,57937.5986,4137.1004,40223.997,9699.8612,1571.6656,3177.5853,41000.8149,7731.506,25181.5442,1853.707,68144.3071,26971.1453,20385.1445,1464.4615,49046.697,26193.1774,1646.0822,72175.9133,131233.51,45594.5829,40617.5166,5074.2764,15251.8814,2296.503
SMP_999BC4E80D418810D191,1,541006.7205,45499.6982,141673.22,42048.8709,22282.8206,879458.397,3777.4749,66858.4599,484885.752,8037.1795,2035.0037,2580.3981,2081.6149,20933.0434,1455.5007,12825.9497,17918.1419,13783.4295,14625.7682,94119.3738,10606.0161,100628.2317,23792.9969,282480.8256,94487.5158,44440.9272,38252.6879,8463.1102,3555.5804,1924.585,636.6144,7026.6062,1959.9908,69654.0118,8994.8173,13404.8891,1019.0032,1893145.784,101657.6068,29043.1045,1220217.558,316648.1273,28997.6706,25213.7431,25125.1391,8832.8565,3437.866,11085.4012,32157.1904,10308.582,5253.5213,8984.2022,786.3928,59276.0195,11962.3123,5800.5843,4555.3796,1708.4522,298.4511,8621.6228,2580.0274,17178.1067,14231.6471,23606.9052,11107.3641,2439.1421,161151.4303,3489.4281,6367.1369,60739.3966,27762.0492,28177.6138,308.7256,2.2578,3461.8377,776.5762,2825.6737,3724.2459,2597.6266,3393.1589,20817.8152,35092.1266,11877.5438,5805.3552,6501.2326,187909.9832,242425.4108,23773.1755,5592.2664,6033.4736,13454.3778,4029.2871,89701.4345,164929.397,68762.9171,109897.1929,40939.7711,138804.186,2289.4445,116346.1288,2507.8713,4318.4087,9387.257,73574.5291,64015.9822,24114.7967,36311.4304,77489.9192,7475.6395,11357.1108,1667.3386,1648.2546,41520.2278,2855.7327,5456.3265,3066.1596,5499.2485,4429.8918,2760.9149,14716.2355,1654.569,1497.6873,18994.7581,10047.5499,9906.5626,12156.0341,3880.9499,3031.709,1810.9904,1841.9049,1640.6831,2.5281,3111.8453,2993.5022,8469.0354,1480.1168,22874.0938,1865.5529,14534.6315,1376.6981,22373.0587,21580.9808,5336.9791,8000.0266,7676.4761,22427.8431,20962.4799,4356.86,6825.8695,54713.137,18746.0519,17252.5389,4029.0772,6617.5988,19692.1054,7140.3116,19283.7015,2276.8326,1755.9902,3510.3163,767.0445,18090.2234,2762.9681,1899.5404,48404.596,3636.2363,20688.4766,3796.2996,208436.3867,51330.5803,1182.2342,31856.5246,7142.6363,989.9486,3028.5187,38422.7031,5671.2384,28989.0678,1354.1057,75226.8297,18626.5867,25102.0456,831.096,59286.6406,30820.7888,1239.0285,74459.5395,84658.1271,47736.6181,26810.0716,5426.5001,7309.9192,812.8721
SMP_4810E404339B66685252,1,495837.7294,45491.9261,133325.8869,43289.0199,22655.6365,876082.574,3897.6873,75073.5036,495095.0607,7791.3667,3877.618,3269.2885,1382.5155,27163.5747,1997.0122,15277.7595,20143.1911,11630.1764,4467.0764,74286.1303,11777.1949,67330.8301,9875.6469,185902.464,118687.93,31504.7974,32198.0121,7026.081,6175.3371,1934.2723,750.7842,6907.9671,1331.7735,59586.9773,7553.8062,12134.7904,545.8404,1553827.461,91820.8057,25257.1388,1283231.144,263658.2027,42373.1524,21840.924,31221.021,7485.1634,2647.5762,7724.9301,47624.5733,6872.4822,4064.4924,5933.2358,613.6445,35229.9436,7604.1578,5007.0456,2810.7378,1355.3435,643.7801,14394.3093,4726.2792,19430.0243,13562.884,25355.3501,23905.8118,1738.1909,164769.2421,2964.1296,7550.8641,84319.3292,35034.0694,40819.7305,729.2967,47.4958,2822.7185,475.7702,3889.6781,4941.5209,3404.7593,4372.8559,22733.1087,18823.1487,10014.7127,5694.5204,5922.0414,158847.2519,238236.7086,29994.0671,2533.8736,8005.7436,15457.6228,3597.5756,80022.5831,173641.4812,77342.3562,79383.9086,46506.2845,125761.5425,3188.7745,64079.8249,3430.7797,4339.2707,8947.2576,51261.7997,61597.2036,16245.8408,21845.4193,67990.1546,3652.4784,6710.7775,1250.4695,759.2196,41384.2452,2929.7843,4527.5447,4875.6575,7801.107,4350.969,4598.3718,15313.4197,3524.1914,1646.2861,16846.1119,8566.7808,11456.0416,11665.5569,3215.1764,3445.521,2813.331,3510.2821,3916.7016,320.8198,5893.7172,2096.7659,5149.7909,532.938,15945.7365,1647.8679,10567.6087,1201.7365,20197.7459,13442.6908,3309.402,5430.9377,4079.7861,13777.3954,12894.4059,2070.0525,2233.0439,25541.6239,9435.1094,10888.0716,2854.6834,3800.3951,11648.4961,4623.954,11760.2525,1254.2084,1070.0798,4144.4953,961.9926,15555.1374,4874.5751,2961.3407,90507.9713,4962.3136,34412.6707,6028.4683,254294.8694,58213.7452,1696.2616,48031.0691,9609.4429,1785.278,5188.0997,48191.7418,8272.8976,30746.1818,3375.3595,67982.8241,36706.7264,27203.6728,1511.8479,49241.4472,31328.3973,283.9934,68148.6856,124745.6412,51446.0993,45512.5096,5654.1312,19143.1773,1712.4651
SMP_0F7963DE3EEF98149646,1,520027.6442,47554.0086,137720.2815,46297.7087,23855.7517,912910.831,4120.3302,72183.4676,489835.4085,9056.1745,1337.668,2101.7646,1903.0232,18465.7758,1026.6169,10824.2736,12159.2907,6907.0176,4953.9794,51284.7563,6352.0988,45786.9369,8714.866,118578.2136,75598.1072,19671.8612,18373.4842,5132.5381,6073.732,1034.8117,533.254,5636.4741,1197.385,58836.0705,7224.4474,12104.3854,813.4392,1508436.194,98416.8313,20502.4417,1119198.975,289575.2869,23736.5962,20401.5974,19471.1348,7703.7345,2951.5022,9465.8591,42063.9926,6380.231,3432.1284,5329.7339,606.1338,29646.8364,8672.4702,4395.1669,3581.8994,1745.4528,451.1512,4764.0129,3455.3745,20362.872,11521.8159,23821.5448,19804.2713,2847.5802,213838.6035,3510.5094,9877.223,99193.3542,35054.8159,31649.323,708.623,354.6569,2733.305,452.1193,3070.315,2354.5868,2419.1976,1801.9117,21237.5382,13263.5297,5574.0087,3680.8959,3386.9453,146276.4681,218762.8563,23736.1105,2643.2874,5369.3979,12055.22,2598.06,73839.9937,157043.0738,70334.5444,83273.7698,38929.597,137409.6423,1524.6031,46308.9688,2464.3198,4321.7185,10551.2285,54324.0501,74697.5331,12841.2455,18316.8819,57557.5259,5740.8209,6386.4798,2432.6116,966.0235,36223.1715,1888.857,5234.4423,4222.0471,6997.2355,6060.6708,4915.314,12394.6335,3549.4222,3412.6152,24857.6222,10468.515,13425.7082,15991.0847,3825.5128,4323.7912,2134.2422,3260.5265,3203.1986,264.9346,5189.6415,1826.9098,2315.3494,661.5119,8737.7492,1105.3093,6729.7769,1073.6575,11925.1583,6114.2085,3047.6378,6067.5855,4735.9413,12326.5455,21152.5398,1608.2638,2130.0064,34364.8709,17857.0377,12163.3179,3317.1671,4212.0245,12288.9734,5162.5576,11324.2804,1203.083,1471.1125,4871.426,1118.832,8101.0205,2009.8313,1655.3723,48622.5104,2933.8953,19177.4317,4233.6324,214352.7419,47844.6233,1069.1336,41595.6816,7938.6419,1408.5347,3056.447,35951.7423,7700.6764,20103.3641,1786.9328,55890.3673,21663.9092,21688.2762,992.7485,34403.0518,20869.2599,620.3205,50623.7654,103653.6179,36285.3568,39902.1148,2797.1315,7995.236,996.6932
SMP_46FBCA03011DA33AB1D6,1,485381.4612,43855.7091,138351.1398,44805.6652,24508.6829,906594.0267,3965.0184,69483.3479,498721.687,6653.373,3135.6383,3116.8793,3834.4783,29070.595,2233.307,12979.4309,17165.4003,10658.4285,8608.5024,91435.4002,11367.5627,77087.012,14940.1784,258815.1501,111098.762,44915.8147,37565.5258,9190.4115,6537.4132,1538.6121,466.7808,7762.2869,990.3377,47733.7156,2758.6934,12408.5321,557.5561,1318673.321,43512.0594,19004.4031,723257.9333,391121.3055,32163.735,22614.6393,17271.8884,5873.1884,1103.1267,6569.001,28852.3572,8865.2945,6545.8327,9828.4352,483.1454,25686.4764,12473.9277,4116.8876,4618.0993,1500.164,206.8968,13442.5768,3240.8348,24901.1132,14203.8724,30679.0847,19486.5155,2700.4713,180163.7894,2827.5732,8165.7364,80898.2687,28848.1049,57769.2992,311.8333,1.9327,3175.045,1059.9882,3503.288,7538.6613,3339.566,4695.3441,22851.2201,15155.1057,10272.6616,3936.8666,5480.9087,159174.6067,274509.8055,24259.4876,4483.9441,6042.8368,15886.285,3198.7343,72210.6416,182311.7725,79558.0348,90267.0795,57435.9742,149846.0462,3548.2189,92910.7194,3596.0608,4728.8979,10835.4233,52371.8467,76572.4006,16810.5811,29761.8454,91446.2749,4508.9826,8304.1152,1303.5303,1704.5546,57113.9492,5980.9168,6291.3427,3998.5942,5504.7852,3910.8457,3191.724,12781.6343,3196.9993,1324.7585,15847.9381,8950.9999,9723.1398,10939.4814,3453.9218,3884.8597,2840.6989,2536.1583,3380.1552,834.4542,3922.9952,3878.0826,9162.2913,2.8505,32638.8373,5380.7627,13306.8425,1365.5476,28073.8847,19542.502,2877.3666,5360.9902,3625.0223,13674.6327,15819.0975,4104.3977,2152.4032,28670.797,12012.7789,17718.148,3434.4504,4766.7826,15822.619,6547.9843,12833.3444,1398.2605,1330.0797,4243.81,1179.9599,11433.1714,2080.896,2286.4686,60909.7507,3704.7049,20065.9417,5024.7727,213931.4854,61663.2525,1960.0516,38538.9477,10293.397,3317.2398,2617.3618,41429.7273,7893.7569,25919.8858,2172.8536,80754.6013,25293.1487,30824.3038,1700.7487,57823.7164,30376.6789,1604.6226,88704.0345,123557.4893,59817.2627,44485.0922,6198.081,12987.1639,1864.319
SMP_3BE8BDAAFD5E67BE9061,1,491668.7006,45544.1475,136692.6315,42454.1585,24631.345,889540.2917,3743.2705,57074.7421,541782.0836,6056.7853,2999.0215,2730.4891,2371.5827,22293.9469,1785.9838,12678.5838,16336.9681,9798.0955,3944.6316,86853.7153,15003.6894,77662.8919,10051.3068,261828.3438,135364.6069,43203.5522,15903.717,8681.2652,3494.9382,2888.7692,577.3147,6842.1987,768.8464,56673.0487,6672.0069,7967.372,780.1838,1507400.646,128551.3897,20565.0903,1272123.124,338769.7655,36482.0118,17408.3619,29798.6267,13833.7164,1776.4722,11308.1313,25369.7257,9849.4888,3387.9891,7253.6656,1397.4751,67328.4783,8824.4435,6114.282,3597.25,1531.7093,599.487,10992.7616,3729.7254,17288.7027,10038.7581,28663.4255,19648.1423,3104.1056,191794.4501,7783.1342,7758.4996,86549.0107,59231.6669,46783.1283,719.527,723.877,2994.7705,1333.3095,5146.7303,9841.2115,3161.6302,5102.1115,26478.1709,64089.8119,11380.3776,5472.3177,3365.7513,234700.6727,279991.5578,41994.0598,5381.4757,7463.355,9160.5933,1534.8544,150650.3353,206723.3019,91141.3134,78237.5473,49325.3895,113931.8615,5098.003,92578.0413,2109.9324,2495.2018,19888.069,56258.2148,49061.414,31483.0672,31457.1509,109720.4411,11821.4803,16899.6883,3947.9037,1799.6331,78111.6367,9216.278,7947.5694,4429.4003,7126.9535,7270.6689,4135.7182,16700.1104,4373.354,3776.6934,19866.2495,7198.1194,9498.789,12083.6261,2442.9459,3860.7954,2657.1433,1972.0606,2944.6513,256.5551,4631.9273,10465.4028,15225.2176,1001.0579,41767.7364,7441.2973,17481.8177,1694.251,24549.1363,26895.479,5565.9525,8302.528,5674.7809,17277.8516,19494.2422,5703.947,2882.441,30221.2309,20315.9561,21027.0971,3086.4496,5553.4826,16889.3046,9581.0441,22901.6401,1729.6516,2620.0427,4243.9956,1036.2618,28078.6917,1423.7496,1597.3082,63953.5067,4055.1104,13622.2396,2569.3399,201683.8061,54565.3714,263.3462,21932.8954,6085.1316,701.5129,620.6794,31285.626,3591.7869,19226.1924,618.9674,60720.8044,28169.7751,12784.0284,423.5113,39535.0738,21831.7775,1023.0011,74496.3978,112271.2555,50907.3371,32070.7229,2482.8186,4645.5166,728.9402
SMP_292460EDEABE6289BE90,1,513311.1728,44510.2203,141853.1923,44686.717,24488.0927,883783.4681,4412.2658,70836.6313,502157.6143,6846.7584,2259.0919,2302.4742,2688.1392,21719.459,1421.7393,11491.4134,14645.5352,9384.9702,12852.5472,71738.0769,7035.8631,62785.2715,16491.3046,196871.1046,85385.8301,29022.9806,24294.8217,7255.7108,3372.354,2048.1674,930.148,11288.6252,979.8546,66489.0215,8857.5638,11664.9778,756.954,1522636.814,117558.0352,21054.6391,1131003.18,398537.7168,40811.7782,19146.0108,21652.9267,8240.0138,3278.7069,10643.5072,52552.8991,7757.616,4547.6339,16519.9347,877.6053,52151.8522,8658.4907,5191.8848,3078.6169,1405.739,254.8779,12533.3616,4041.6875,22382.7503,14260.7484,28951.5344,20209.5299,3134.0514,221032.0335,4454.0148,8034.8517,89267.6303,32459.981,39715.2626,445.7627,209.1753,3087.1828,731.5587,2980.5999,4250.7951,2347.6191,2730.6952,28215.3355,27046.1451,10943.1811,4069.142,4650.7694,167282.6071,249721.4656,22481.472,4577.797,5483.8764,11562.7099,2973.2759,75904.6925,179021.6982,75276.6524,97130.9454,44785.9318,140843.0313,1756.9141,65206.3387,3323.9548,3432.0824,9266.0628,54839.8818,66095.0659,15308.8476,20308.8411,61000.8695,5618.9121,6737.7432,2463.9977,2075.4549,38222.0013,3209.679,4140.0188,3482.6141,7685.8762,5087.8191,4535.6582,15082.8126,3578.4233,1961.2953,17516.2086,7789.4829,11038.8531,11209.5547,2868.226,3432.0693,2649.1432,2297.4001,2868.4387,148.5449,4438.8693,3006.0073,4659.7516,943.6352,17696.2674,2638.896,11340.024,992.4545,18531.2406,11872.5585,2616.1253,6041.4563,4350.1521,14547.9168,14356.3862,1365.1748,1871.1642,30084.5457,10869.7491,13131.5849,3491.292,3827.1981,13470.4338,5144.205,15690.0077,1801.6989,2072.2946,4533.6596,920.9037,14531.9518,3279.7135,2912.5822,66712.0501,4118.6802,21621.3089,5942.0957,231660.9311,54801.7348,1973.9938,38152.8928,7964.504,2594.1119,3700.9455,42503.4446,7204.3266,27519.8071,1272.7327,78467.6921,24050.1119,26575.5467,1679.0453,54946.814,31427.8924,1590.7293,84726.3157,114274.6365,55723.8365,40368.2222,4208.7933,9980.0594,1693.9499
SMP_E50A8656F5F0D946A1F9,1,494724.5023,44178.017,135206.9911,43958.0232,24857.6108,888129.7006,4370.722,75735.0115,507087.9994,5816.1793,3173.9907,3138.0107,1946.7953,27090.2873,1681.6192,10161.3175,19151.8436,12737.3499,4912.4474,101040.4529,10163.575,82385.1114,8705.773,236170.357,90501.4386,47962.3619,23724.3995,6170.2851,6313.8259,933.9008,399.3354,6211.7421,1236.5087,42574.1543,3546.9153,9116.3535,622.1562,1181779.027,57345.2314,20371.341,1022989.98,633849.901,48300.5158,12805.22,21727.2839,8652.5664,1080.9081,7416.333,21859.7375,4991.4437,3576.1464,6563.537,358.0563,33446.6991,7610.9438,4967.694,3465.2108,1114.229,3.2402,13700.2422,3713.4846,24593.6146,12931.4994,24818.5207,14635.7497,2198.7146,154735.6142,2775.0546,6317.747,66628.858,28074.0341,53605.129,975.8134,178.1322,2655.2432,836.0667,2502.5066,7309.2722,3195.9276,3654.5202,19975.2193,12965.489,16626.882,2759.0802,5695.7655,136770.6641,253349.9013,36062.0577,4321.3095,5358.8617,14238.3931,2585.2962,52822.5678,189100.6555,86664.4799,105454.7036,56216.5708,103842.5531,3283.4831,62359.4385,3740.5859,2277.5486,9903.323,45723.9408,54258.0207,14346.5098,19961.0987,56222.2326,3222.0505,7005.3226,1221.0557,2114.1028,33862.5148,3929.3189,5650.9085,5067.5764,7860.1386,6877.611,4531.0139,15352.3125,5343.0761,3739.6778,13952.1468,5649.5701,10830.4308,7939.726,2968.7158,2434.2709,2782.9862,2562.2062,3330.3574,606.117,4022.4068,2057.4236,5729.7995,154.7553,21421.7721,3013.7336,8327.9958,1297.3494,16363.1246,10397.0363,2315.5681,6821.5411,3678.922,15364.9823,8488.8608,1749.2789,2063.6443,18449.5344,8220.1617,12439.8919,1653.6986,3504.3317,13120.5531,3997.1332,15202.4545,1919.0376,1388.4111,3822.7212,892.5702,7614.676,2337.4961,1016.385,62756.9169,3731.1395,19397.2448,4388.9791,220888.6133,55765.076,378.1793,40522.1177,8157.6168,3796.2785,3570.1871,49757.4026,9406.8269,34505.9736,3373.4515,87954.0975,23110.7573,43029.6281,2026.4713,55243.723,33987.7092,557.0258,86930.466,90481.8577,68969.7356,38129.9882,5094.8593,8448.4078,1503.2875
SMP_BAC4503DFDE0C1FB9CD1,1,492880.186,42862.0374,139079.4429,45469.6663,25606.6102,842299.6988,4343.1053,68294.2505,443796.6601,6392.1573,2986.105,2673.6359,3357.7883,30109.3899,2396.3128,15672.6591,18110.3211,8058.4701,5836.7939,82569.1042,13584.971,60828.6298,13574.3764,257019.0729,152079.4707,35219.6637,26383.7854,8257.4805,4322.2513,2622.3199,681.6863,8032.7844,1160.5319,79619.9431,10882.0582,11208.4878,958.2559,1957911.078,273625.0924,24984.9769,2299193.533,464802.6568,57738.8668,17502.036,61115.6526,13437.3636,3701.593,12275.8924,41310.0114,9417.2261,4058.584,13029.3511,1584.8081,57672.4454,8612.08,10291.5326,2934.5787,1172.2785,287.3229,10656.0596,2723.6803,13598.8569,8611.4196,25652.9403,21898.6261,1832.4036,167350.2195,8823.0741,4954.6511,55214.1807,67146.1897,53952.6646,496.9362,612.0947,5100.2607,1082.3976,4931.2402,8653.2558,4645.3501,5793.7907,25143.694,60698.8615,10960.746,6693.0898,3328.5011,227675.3314,273952.3981,47190.1441,4014.8069,7651.8637,12318.8981,1868.6609,108555.8653,164002.382,86947.1564,93765.5871,38245.1773,121934.225,3474.3099,108090.1379,1917.383,3235.5757,10688.056,50563.7974,44466.906,18055.5249,28902.3882,76498.3522,6613.9274,7462.4494,2399.927,649.6618,36602.9944,4528.6318,4614.9344,4885.2756,11071.2632,3177.9632,7779.7904,15809.9487,2795.3421,1595.6376,14545.0627,6666.7023,9127.605,11426.9651,2593.7729,1674.3876,2715.4788,3380.0119,4332.6004,231.2827,8375.1662,4525.1318,9199.049,1137.4461,21973.8914,3299.7799,20072.926,1359.2678,18688.0002,18081.479,3613.8239,4696.2827,5067.5147,14357.6733,11673.9735,3461.9785,2960.8253,21264.5682,9762.1123,14225.5815,2742.1456,3745.9418,14999.2903,6044.2631,13191.0223,2072.88,1309.0501,2625.9952,745.5528,18761.0367,2486.0173,1987.5422,72347.2237,2962.247,21004.7977,3760.0152,239294.6423,55566.9618,1522.2387,43522.508,7675.3876,812.656,1938.7198,39675.4023,4646.408,22470.6776,1799.4851,61013.4177,34292.9121,17453.3721,752.4179,40434.3903,20500.9489,483.3158,80235.6116,137666.8668,58270.0367,39802.3131,3362.4167,10210.0287,2129.9937
SMP_31C0BD19F85A6165D94C,1,524898.0674,42568.1344,137333.4131,47436.1102,25589.9957,879410.7017,4682.0892,72173.3514,502830.4485,7022.4637,2301.1367,2852.3894,2455.5003,18900.576,1645.5472,9013.3566,14366.2842,11520.6055,6745.252,89264.6016,9872.527,88195.5544,12708.6033,235844.5747,111664.8084,42390.6797,36682.8676,6835.7744,5451.2988,1272.2999,550.5665,5934.5544,528.314,46417.9257,5794.3244,9548.1035,762.3987,1462770.673,80655.5538,22133.7357,1128936.06,261663.566,26362.3151,21224.4456,21402.7446,7256.3015,2093.4595,5538.8731,21852.39,5144.1274,3825.3596,7101.9241,553.3782,30941.2232,7194.2896,3905.2923,2994.7316,1607.4013,226.5943,11282.665,3363.8237,17024.0953,10774.3555,22774.9291,16376.2596,2841.2318,144827.1756,3812.7687,4995.6915,57132.6662,41052.8781,44187.0496,281.9931,436.6779,3324.609,630.6431,2880.0176,5380.3193,3487.0692,4517.7778,21219.5703,27282.4246,11098.7942,6027.8671,5019.9226,195725.1317,249266.0603,34536.2421,4884.6822,7623.0094,13607.8998,3409.7223,92868.594,172266.9876,79342.6398,89445.6358,44596.6945,140394.4809,2241.7536,86844.7392,2996.5345,4652.0444,9327.386,53518.843,64025.2599,15810.1337,25423.1093,79024.4704,4801.7617,6896.66,2235.4268,1437.7595,50844.547,4403.0521,4155.0305,4357.1132,8410.5037,4108.4095,4912.9134,13000.4064,3049.1122,1256.8469,14210.1251,8015.3556,9906.9914,10691.1548,3531.8566,2805.1183,2204.6555,2351.6061,3002.0157,2.96,4662.597,2767.7737,5471.6255,809.5152,14817.6549,2138.8458,12342.636,1320.611,18050.4621,14070.0146,3176.2273,5751.3497,5689.214,17130.4617,13837.2,2825.7479,3137.6953,30464.2902,10505.1272,13140.5076,3605.6771,4331.0782,15645.6855,5606.9827,16934.2489,2711.3627,1723.6143,4501.0261,1016.4849,16292.0414,2953.8428,3103.8625,61956.6361,4538.75,24167.5807,5545.0216,232903.4957,62502.1536,1454.1727,39234.3816,9161.1664,1650.664,3577.3717,41919.9664,7186.2245,28591.1345,2953.3038,65767.3692,27214.1636,25073.4956,941.5298,48911.2978,33467.613,728.7586,70375.379,118127.4471,55938.3679,41151.9854,5857.2648,13778.9925,1776.0169
SMP_EE80AF9A8BFF9DCAB3FB,1,523763.5291,43384.0624,136409.1051,47571.3965,25765.8124,930334.61,4161.7906,64731.7445,520888.3184,5946.1103,2082.9755,1995.0649,3591.062,21959.486,901.0356,11454.0286,9549.5742,4467.8468,9355.0835,47292.194,7809.0261,42352.0117,22012.3434,168950.6715,111660.0401,19681.6808,11219.5446,9152.0573,7104.0397,2042.4154,1.9162,5025.1965,1002.4311,41751.2476,4538.0189,6566.2729,398.6962,1108354.473,107014.5645,15424.2124,931320.7391,171878.0903,30419.3079,14226.6328,26137.715,7096.5577,1685.4012,6432.626,22353.2087,13970.9471,3494.0406,7690.5859,834.1807,48244.063,9678.419,8517.0193,3132.8943,1708.4046,389.1627,11352.1689,3618.0133,15117.0751,8786.1499,27065.3015,29798.3138,3327.2471,183409.8986,7641.916,6763.2167,68990.3501,40252.1634,26359.458,799.4327,180.2753,2076.2599,882.7331,4587.134,4693.5891,2414.6853,4353.2972,31625.8937,56908.2656,10137.5534,4421.7974,2480.8787,222662.4281,245725.4854,46005.2315,4676.1325,6520.1691,10123.312,1589.5117,121991.2106,171196.9122,71941.9048,80846.3989,27544.4448,119170.1292,3900.9377,149014.6786,3039.0749,3116.8244,14611.601,54684.8228,54154.8518,27521.4409,50885.265,90143.1421,9749.2958,14639.6545,3812.3732,1838.5745,55635.7163,5892.9704,5166.5152,3874.052,8631.8885,2261.8644,4002.9559,8982.0561,1270.6186,817.4342,18268.293,6641.6607,9977.5734,13014.1855,2810.2917,3426.5251,2683.778,3586.1482,3702.8822,176.8186,7437.3677,8065.2326,9906.6287,1255.5043,33430.1021,3826.8219,20202.1206,1143.0691,25728.5332,33166.1276,4193.4648,3390.3473,4824.5952,8583.8323,13145.184,7759.3924,1594.037,24060.2789,11569.7504,21594.7575,2763.2266,6337.8743,17825.5657,8105.6831,22438.9907,3169.2153,1210.1884,2513.1942,594.283,39961.6507,2685.7056,1999.1016,54800.6527,3679.3725,15185.109,4440.086,225573.2894,49718.5451,1931.6054,29079.4358,6258.2156,793.3965,1269.4074,28265.5088,2933.3585,14334.8081,1091.8129,52348.5765,29124.2013,11704.4415,573.834,38927.328,17244.6454,1597.6699,77298.9292,147028.1448,47005.5001,40113.6332,1606.4564,5753.3519,3599.271
SMP_9A10877FA6DA096213AD,1,479054.5379,45611.0488,140516.7104,47079.7119,27650.3378,866661.0657,4075.7716,68704.9455,506075.3391,6792.2976,2479.1856,2924.5425,3955.2506,30065.9662,2097.893,18840.3664,20332.2745,8238.1208,20779.5673,102524.4048,8215.8035,69579.8631,23763.1743,247651.51,111024.5348,32323.5312,28894.9401,10142.445,3501.4726,1969.3422,728.5524,8787.0309,1243.4408,46693.7155,5171.6281,9409.4588,708.4094,1478614.944,94543.2662,18629.1841,1199973.413,369435.1763,31382.4826,19332.3509,21898.1213,7359.3637,2531.1156,8715.9307,45888.0894,10041.0691,3945.8628,8395.7594,548.0435,39068.6601,7189.7759,6070.4561,2912.2248,1457.3057,511.4251,16224.0091,6114.5649,33631.8673,15023.7123,35405.3415,22878.5155,2234.0179,170256.0771,3364.2263,7204.1326,78885.3514,28089.6566,37428.4867,278.1606,309.9136,3200.9024,657.0918,3795.8431,4689.7058,3609.7964,5212.4296,28282.602,24885.915,8468.3958,3626.1114,3332.5198,166272.8554,240899.8009,22642.5145,3728.511,4665.2518,9801.7884,2481.9657,84401.6277,173485.5306,66426.3964,96407.6777,38590.6455,133822.6424,1787.4109,115061.8656,2475.0377,3222.2549,11275.2913,68987.9828,75329.2311,14958.9024,40955.0937,78176.4869,5126.217,7827.6985,2583.6231,1389.4236,50949.9189,4003.0401,5622.428,4957.7645,7694.9243,2634.083,3423.4241,8160.1337,2608.4835,1513.2775,19332.8397,6720.5278,15511.29,13621.1462,2999.2047,2986.9042,4780.5764,4166.198,5026.2297,769.495,6341.4964,3051.7463,6220.1175,660.5788,18370.4782,1537.1817,10675.932,1297.9401,20931.1872,17236.6231,2069.7262,2155.054,3091.7427,9105.32,6527.7339,1680.5166,1479.083,15022.0913,4961.9153,11667.8725,2640.6802,3634.2424,12709.9608,4544.9604,19700.1422,1361.8936,1546.5511,4917.673,939.0599,14083.1561,2471.284,2790.2627,69888.5048,3169.0113,18404.5299,7444.3794,255865.7711,60724.4944,4352.0473,53793.2723,11720.7437,2399.8368,3640.7215,55321.3585,8182.3627,29042.8796,1561.2785,94510.2292,24231.8679,30523.4914,1465.6266,59135.9244,24873.4735,3321.2476,97218.5015,121339.5326,60045.6113,36974.9578,5550.466,9903.5667,1965.3969
SMP_A734A81BA7E9AD084027,1,502194.7548,42591.6467,144577.9356,44372.6935,26174.4567,942642.8835,4320.8463,73520.9789,483123.8216,6784.4503,3237.5283,3410.4419,1766.5625,27890.2148,1486.2968,16926.3824,19504.0395,10020.7167,5944.3775,75449.1361,13671.7677,69023.2854,8724.4269,210506.4122,150080.1557,30564.4494,37283.136,7866.6032,4365.0919,1951.5269,432.5677,5316.6318,1077.8033,46110.0119,5924.5595,9643.663,550.0332,1446543.008,122342.5309,18575.2497,1130001.226,288534.7131,45402.6016,20722.9349,18383.3329,4446.6005,1484.1669,6403.3388,25418.9293,5085.6869,3552.923,7609.9725,479.2341,28866.343,7028.5919,5622.6337,2488.4305,1449.5177,851.3174,13548.5249,3297.8979,19193.6695,12708.5984,22153.5635,22870.6203,2384.8495,171035.4909,4388.6148,7188.8757,77784.5698,37180.7517,35906.1185,705.7776,191.0344,2650.0626,499.5661,3195.8033,4715.6823,2189.5646,3315.2841,21816.0384,29527.2576,10779.1757,7424.5209,5520.9587,177595.925,254024.5481,34405.3962,3037.4548,8287.2391,15729.3617,2299.6588,84275.907,178646.9589,80399.3566,76171.2756,44909.3549,104608.6347,3140.1825,58446.906,3430.4194,3595.5237,9301.7101,47960.6165,49052.7386,14336.7704,17138.4078,67140.3835,3470.5972,7882.7831,1519.5326,114.2346,43780.3908,4970.1952,4072.7463,4459.8604,9354.5861,4465.9947,5334.577,13055.9491,3502.5634,2317.7235,16498.2412,9405.6438,8292.0278,10474.5313,3375.207,3078.6118,2139.5428,2465.4134,3059.0188,335.9693,3318.6534,4887.3938,10681.2476,290.2914,28653.9751,3683.7031,15004.0695,1164.289,22346.4407,21287.2844,3944.1748,9663.8112,5925.3026,21337.7816,18550.0694,3154.8812,3008.7623,37450.7979,10605.3584,14354.1842,3737.959,4533.2927,14969.6418,6116.0654,13378.4456,1513.0714,1614.873,2963.4677,501.2678,15260.6872,2533.9509,1783.852,72204.4471,4323.4013,26394.9457,5659.8373,252141.8229,60038.6341,2266.9092,50243.3783,12191.9331,2530.1797,4625.993,47993.5505,7642.6177,30442.8341,2642.6534,77469.7712,38391.8334,23573.5748,1375.6729,57790.9117,32738.0351,703.2892,85317.7644,149332.7071,57066.5284,52388.38,7084.1402,24119.1382,2511.2995
SMP_E6C28EFDEFD9C20CC7A8,1,524053.5807,44696.7933,137671.7918,44585.4476,26954.682,928518.376,3732.5954,71944.6878,491908.574,7029.8003,4328.3672,3908.0148,2285.5925,28161.577,1706.9825,16589.2261,19087.761,14501.6553,6318.8005,96110.9793,10512.3936,102199.0849,11332.1605,239964.5612,95665.6193,31362.5839,44429.0681,9717.7773,5739.9372,2886.2657,597.2031,9431.343,1007.9859,65524.195,8380.605,11392.4846,721.7796,1261968.733,103762.9546,20866.5862,959774.2287,166397.6913,32056.4688,19841.679,18198.248,3453.7717,1658.7003,4426.5807,21489.4966,4966.388,3391.2136,9843.7903,287.3092,15971.6103,7945.991,4964.9823,2675.9973,1419.0692,780.6217,13170.5697,5341.0234,26997.5101,20803.675,28864.5618,22194.6214,3284.6468,157962.9872,4295.5582,5915.3588,72147.7993,47401.8701,47445.1693,295.2453,155.5068,3486.5057,1383.4328,3000.2691,8448.8235,3992.5061,2789.0484,21422.1489,29769.6075,11120.6274,9146.6691,6723.4848,192798.3203,225454.9386,56926.093,3489.8624,10021.4958,15617.7321,2956.6678,106451.9475,161480.713,81424.4793,69950.9882,43635.1955,89031.4677,3926.1523,63815.7902,3602.9339,3554.4398,9210.2744,36065.1333,40361.1913,18946.0737,18228.0904,40461.7598,3554.1508,7749.3468,1169.934,939.255,24532.5052,2805.6716,5560.1857,4826.2714,10221.9268,5545.5557,6334.7274,14728.5201,3773.1615,2158.5668,16528.6004,7860.4872,12358.7641,9635.654,2822.9404,2896.0798,3380.1634,3501.1761,3371.4587,262.5553,3914.8957,2479.6163,6449.0484,682.8304,18625.5208,3059.5845,9071.723,1216.1274,13378.6697,6587.1418,4429.2853,7045.5376,7194.4756,17395.6949,9826.9322,2041.0773,2773.5065,22881.552,12258.6393,9215.9434,3099.045,6414.0607,9687.661,2965.5798,9163.8922,1705.0883,2279.7479,3596.5717,1393.5402,11848.8275,4423.5072,2890.5806,85127.3718,4859.7212,28987.9563,5913.6033,244078.8266,45039.2662,1797.6223,55521.5584,9284.6192,2309.6487,4777.3564,48289.4019,6978.8399,37234.8029,4839.7246,75815.0462,31181.5929,24613.0237,1387.3477,63605.082,42937.6246,1065.818,75022.3612,107287.7212,47766.343,30330.1277,6343.6421,14019.4914,1506.8795
SMP_0E472B3683740785B1BE,1,503966.7804,44325.9543,144448.4731,44817.638,28878.1561,889609.7768,4218.2112,73968.9227,513678.6895,7900.3731,3172.3194,3308.8037,2869.5752,24707.663,1786.2264,13572.4163,18467.5032,12853.3755,9230.6184,81803.0187,10805.8892,81284.7911,17405.7224,201691.9743,101182.3324,33395.0162,32812.0186,7648.1232,4942.6718,3111.832,914.455,10147.5141,1267.9652,65976.4595,7526.3396,13858.4546,608.2361,1371245.272,92357.979,21781.9086,1122161.169,241106.3565,33389.7987,19435.3037,24772.3435,6246.0669,3279.6933,7119.3784,30087.1858,7468.479,4876.6997,6439.3222,266.8202,37279.3487,10250.655,6559.2535,3485.269,1512.0622,513.6789,12333.1418,4026.4714,19020.3272,13941.2557,26145.2564,17124.7452,3528.9252,182851.3103,3848.6588,6776.1211,69490.4298,35429.0168,30902.6405,597.8963,198.3776,2976.5983,977.4416,3371.8323,4096.3414,2683.4149,3299.7903,23132.5735,24431.1646,8646.7883,6383.6724,5660.3752,187118.9516,253805.8279,41040.5948,4120.3482,7918.4138,13453.7304,2449.8061,89776.2262,160920.5102,70395.913,92732.2192,36293.4392,123006.8804,2022.1166,84473.3137,2651.7969,3914.4501,11007.326,53544.9805,55883.1556,16735.6964,23908.9106,77723.5542,5103.8631,8808.8916,2362.9568,2048.8638,46206.6775,3155.8107,4708.7395,5322.7189,8349.7703,4443.4155,6067.0195,14185.4308,4380.2225,1645.5692,20127.0399,9984.2495,12194.0968,11327.6287,5098.9953,3144.7081,3324.9531,2975.0548,3521.2566,169.6706,5492.6712,3720.401,9154.8779,956.635,21300.9591,3377.9873,16399.6133,1513.4,21993.0426,19536.5843,4047.1065,6219.0334,7195.4708,16561.3439,16407.9487,3542.6469,4603.0276,40452.3712,11435.7506,15040.4521,4049.961,4953.6033,18168.8419,4849.075,14763.2939,1727.3718,1526.7287,3698.6387,271.6179,22757.8854,3808.1142,3140.2652,86308.8624,4456.3167,31649.0648,6059.3367,246918.9624,50302.1745,1519.8766,37145.5007,7670.2057,2034.6301,4123.1259,43478.6457,6083.3834,34791.8552,3477.64,72104.5642,28040.3284,26370.2579,1077.2053,55472.3051,37129.2163,577.4508,73992.1324,113549.8941,56669.2442,32933.5482,4968.6527,12218.3921,1592.8875
SMP_B7596B11706AF190E893,1,502253.7917,40648.23,130153.6837,43241.8137,25743.9544,846243.3468,4263.5818,76541.7844,463637.6931,5909.6775,1769.976,2401.5673,3890.7008,21614.8345,1234.3137,13356.4115,13218.0048,5946.9439,8934.3259,71687.4876,5940.7324,58183.2582,20481.0015,249210.2429,77416.2846,27738.2023,19846.6451,8234.2912,4688.6532,1728.8227,313.153,7816.4976,1551.5101,62842.9959,8343.2333,9635.1243,1031.1301,2361358.886,246168.3476,27025.6173,2293533.693,874692.5864,53213.7652,22179.5649,52108.6093,24988.2112,4135.5061,18793.7454,57827.8316,12656.0944,4024.6144,8249.6422,1628.137,89768.9567,8609.5904,5414.3627,2966.608,1438.4588,902.2124,9668.7211,3689.8177,23501.4108,12672.1684,37174.3097,20186.4403,1779.8481,163208.0565,4262.936,5851.2434,70281.3608,27389.1789,42527.9145,251.7925,722.1534,4212.3423,399.1326,2633.8098,4783.6126,2631.8119,2985.8588,26106.4779,35323.9379,10824.0984,2848.5244,3232.9014,168704.8554,266597.2752,30775.1403,3904.3598,4067.3491,10928.2919,2526.0806,81343.3783,182052.8028,71034.618,94523.3129,43032.37,144485.154,1415.9945,76693.7767,2698.0767,3211.1529,12438.7489,64704.3366,71445.7201,15219.067,25052.5885,79280.0615,5313.8776,7332.4039,1741.1204,1675.2395,44280.855,3595.8279,5511.1876,4510.172,6553.185,3734.9061,4606.3538,22089.1,2799.3101,1132.503,19223.2317,10251.6172,9933.5454,12468.0722,3381.5489,3174.7099,3358.3151,2271.0222,4047.0524,441.6556,4949.3496,2687.0357,6597.4535,525.4439,16691.6293,1756.8371,11577.3395,1182.934,15144.5772,9621.6817,3124.5957,7727.2469,5023.9306,17643.5158,16962.1554,3630.6117,3468.0158,32767.6649,15165.4199,17428.2215,3219.6917,5160.6309,17728.4414,7052.995,28397.5134,1420.6646,2142.9199,4313.4976,721.0466,19876.2572,1937.9633,1636.9277,56902.1481,2756.9299,15201.8606,5288.688,241505.0226,50309.8013,1884.7575,41713.6901,7562.2735,2034.303,2441.3049,45107.7537,5725.2718,24563.5119,1620.1848,76739.443,22650.1518,23042.4153,939.0957,52643.8233,21731.9873,1555.561,91780.5161,113254.2552,52879.7357,36410.6822,4144.5591,6927.5349,1772.1059
SMP_51EA7874889354E5B9B7,1,516473.3848,43392.9406,134128.9384,42962.1913,26010.682,840982.1493,4122.3454,74801.1863,471375.8966,6387.1915,2686.7,2294.3143,2951.5756,18135.676,797.0048,8740.4808,11720.0589,7849.2348,9744.9879,62637.9041,9360.2294,61905.4103,24574.7817,199448.0921,89339.9989,23163.8934,32504.7042,7433.8176,4956.8621,5949.2349,1022.9373,14160.9416,1597.5474,127755.0427,22731.1636,16111.9482,1298.6158,2214782.956,351322.8661,26222.0846,2023565.892,227434.9466,29555.3396,25757.4317,40652.8935,6714.7218,3913.049,7668.9975,29025.3179,6539.154,4380.5557,8836.9185,600.7437,45221.4131,8979.1261,5508.4727,2834.7663,1953.0096,535.4603,9243.3896,3584.8254,18092.2533,13334.5732,29476.4311,17176.5122,2015.6377,130691.5791,7038.2222,3686.4596,45222.3288,39333.2289,19607.8382,533.9281,80.9821,2045.2044,519.0346,3026.0984,4035.3752,2761.5371,2220.9968,27760.2676,80778.3137,10933.2596,10099.807,4133.2888,233707.1116,242483.2066,44495.1636,3654.0566,8921.6854,12357.7972,2847.726,134405.9375,151220.413,75913.307,84883.1475,32281.5719,101596.2363,2205.9016,66202.4688,2666.7816,2810.1094,10428.713,48898.6612,42894.0217,14930.3604,19837.009,59047.4535,5606.4267,7260.3759,2368.2593,1447.6121,35929.6556,4397.5788,3780.8934,4885.0204,8677.2986,3794.2931,6619.5094,12674.1632,3282.9392,664.5753,15923.6394,6800.9989,10258.0392,9832.8074,2698.9736,2735.4527,2544.3072,2148.5128,2302.5249,66.7274,4411.6426,6038.9368,7943.8139,1028.9626,21221.9009,2811.7515,14657.2901,1133.2662,17891.6246,12224.4362,4726.918,6601.5431,7690.8427,14497.4537,14223.4351,2338.1092,2842.967,27236.0448,9933.7358,14767.0148,2707.2328,4333.357,13840.2057,3961.8675,11244.1891,2653.7892,1503.9421,4600.4941,666.356,23914.5566,2984.9877,2748.4542,73490.3997,2868.2371,22849.6932,4951.6093,224782.9337,42605.9237,1608.0881,34242.341,5616.2347,769.4162,1977.2287,34265.2619,3023.7561,26286.9077,1504.1751,65670.4154,31840.1812,12004.9114,504.8373,49774.3767,24694.5109,1501.72,77959.0047,110568.1996,42154.5153,26523.3593,5245.5407,12094.3617,1673.5271
SMP_EF8E60FFC1460A296213,1,506304.5324,43416.6911,141605.3188,46598.613,27710.3666,887603.2741,4299.7405,72409.8668,481662.9369,8459.5413,3093.0592,3116.557,3893.254,21465.0712,973.7378,10500.528,16657.9706,13119.6934,4463.831,87685.5715,12343.2858,86991.3183,10154.38,232317.1907,104179.7678,37158.0632,34139.8275,7032.0264,2480.7934,5174.6483,996.9854,12449.3862,1784.3332,123048.3475,17177.4925,15620.8997,940.723,2174485.244,220161.0243,32203.2822,1846533.366,198843.2636,27822.9252,26738.2096,41287.6421,7460.3229,4947.1984,9380.8368,35641.5835,19448.1668,4709.234,6561.7845,559.0599,69842.0171,12729.5091,6922.7855,3656.0523,1735.2065,375.1768,10724.6696,6472.4127,25380.8813,19170.7624,37538.0966,24430.6792,5501.9849,212414.6525,9464.5255,8092.1069,85878.5869,62962.4109,31940.5861,1079.6115,708.9193,3954.4402,1315.1322,4455.1618,4836.1889,3836.2081,5708.6006,26923.904,61840.0534,10536.1383,9969.1621,3316.1072,233306.9963,212675.2995,41532.7803,6961.1033,9580.9708,12920.684,3037.3644,137555.0353,142194.6034,60749.8612,85086.2923,25598.0208,123894.0744,1738.8153,152207.354,3839.6275,3770.4966,11929.751,52655.1182,46235.0393,24858.7044,53639.4746,94907.6873,5702.7054,12000.0626,3765.4492,2712.908,49790.8476,5978.6066,4976.2337,4784.2138,7288.6485,3102.1065,6360.2333,9439.1966,1428.3739,258.3932,16261.9865,6847.917,8965.7424,8768.5813,3035.2975,3820.6623,2436.9028,2470.1203,2313.5013,2.7809,3631.4192,4566.7664,4843.6628,1019.6877,13617.0738,1907.736,10707.1417,1177.368,16495.3226,18990.6414,5575.7044,4499.4385,6453.803,11472.4695,13800.7455,11539.8663,3459.2366,24505.3223,10459.0102,23196.7972,3737.1118,5229.1218,21064.8554,6784.076,11909.1907,2890.4396,1504.6761,2945.2492,830.4676,27966.0977,4038.7855,2948.2993,94750.8164,3971.1346,29978.9749,5350.2811,246397.4408,48636.6983,598.8936,32070.1968,6098.4736,1074.7393,3070.3127,37069.7633,4344.0501,33229.6801,2497.6147,65868.9946,30192.0608,15168.2772,344.1982,53882.5332,31290.62,646.9924,70484.552,111653.2831,47556.6045,26652.7912,5141.4402,11045.3048,1516.2096
SMP_41C30B638F0AC4E72F4F,1,461398.6994,46352.3836,133132.4983,44690.2883,24999.8086,824851.9371,3814.7807,67969.0031,491077.1186,6644.6919,3455.6419,2285.214,3504.2888,28108.8367,2071.7654,12120.5111,18701.9963,11612.7032,13460.2197,72635.4823,11243.2138,69196.3985,21778.0652,177651.826,114841.4819,26083.7033,38337.6926,6704.5938,3813.4961,3389.8794,579.3767,9333.3232,1723.3655,76774.5325,12509.7231,14711.5825,1116.7523,1885379.282,212475.4023,28003.1231,1862480.504,418907.0843,37441.7658,21976.7719,41890.2736,8862.0655,2886.6279,8585.3459,40415.0932,7470.9092,4338.4288,7437.7274,995.6168,41791.3262,10204.7108,7580.7198,3478.466,1631.4047,580.8596,12713.4158,5062.3697,23204.1211,15772.6762,25372.5677,23603.2836,1419.478,143178.621,2668.9525,6653.6063,67165.5651,31793.6069,25752.8926,374.8173,1.9902,1275.5995,272.0106,3001.3908,3797.3534,2039.5412,2849.1007,31951.4407,37148.1311,11960.3803,7881.1803,7087.1126,172520.8122,272805.4712,31002.6587,1763.2712,7615.9623,16302.1458,2940.5658,86985.4503,184271.9144,86672.4654,73906.4366,60670.7824,105262.979,3286.2733,54784.3125,4612.9195,3569.9554,11688.0931,42382.4081,52594.7408,14931.4304,16771.329,59705.1513,4900.6552,7909.3938,2094.8272,508.7668,38575.2936,3050.6608,4395.5083,6148.7134,10266.1048,4952.0247,5311.166,11105.3588,2993.9408,2398.4769,19841.4572,7306.4874,10695.9171,14386.6536,2656.6538,3412.6214,2978.6014,3617.0814,3839.0362,209.7222,4616.2005,4523.0703,9438.7035,867.6974,22568.4184,3766.4763,16255.4876,1373.8485,18704.8005,15706.9281,3373.448,5947.3032,5106.2978,15916.3818,9565.6453,2117.6671,2120.2513,18699.4844,7702.8137,12695.5334,2405.7618,4417.3449,12557.8675,5624.1103,30591.4149,2558.3254,998.9065,1611.1123,767.615,23582.0701,4554.9193,2871.3624,85012.2441,4923.5405,35823.5472,7277.7109,254530.2706,62915.7266,1635.8634,32717.6406,5801.774,1601.4378,4082.8331,40379.088,5664.1269,30374.2481,2808.5807,65153.7111,33474.7999,22252.6545,1918.0832,50392.4723,27157.5451,1029.777,63597.1581,117182.8126,49893.7787,37757.1493,5083.4593,17376.0117,1842.1442
SMP_2A7102B913EAAF4998C0,1,496288.9004,42013.2106,153233.382,48520.7872,30069.4825,1009414.66,4285.5702,90448.4487,539063.2357,8142.9625,1370.9399,2123.7602,3383.4522,25312.815,1214.1004,12276.7815,12030.7517,6642.0368,12006.4928,63610.4524,4333.0841,51307.1081,19019.7956,164390.7331,53421.7636,25764.0655,20461.1031,6410.9154,6622.2715,833.2689,456.1623,12387.9699,1163.3078,45922.0062,3657.039,9414.6216,417.955,1602148.69,48450.4357,23023.1302,915084.0295,533346.7755,33485.0639,24403.891,16813.0255,6317.5933,1407.0194,6371.4083,21742.2367,2449.9722,6032.5853,5319.0212,349.8436,20992.2636,11593.6572,3619.4703,4213.9732,1789.3012,467.6719,10380.4637,4172.1185,25061.6033,14873.775,30336.7737,20084.1998,1616.8346,109994.1837,1393.5401,5267.7877,56408.9943,16173.3062,36883.1678,126.9133,58.7107,2180.7756,191.2431,2448.3311,5241.9045,2433.2309,2494.8954,21201.9101,13595.879,9105.5956,2980.5697,4462.6068,131389.6167,234883.8144,15393.5968,2496.0844,3618.3429,12427.4991,2274.4677,67701.8169,182616.1148,69025.8862,106614.509,44344.7921,113682.0023,2160.245,26170.8196,3060.8366,3303.0015,11411.2443,61195.7115,67332.3428,9964.8256,13307.8307,53617.2919,6573.0083,7230.4477,3028.7698,1597.3864,41880.879,3344.7966,4637.9863,5323.8366,9298.0693,6865.2006,3007.3222,16631.1299,3929.6632,5114.2383,21244.5245,5970.837,15216.2281,12574.4387,2837.0972,5556.2382,3571.6206,2883.6255,2552.3665,1144.5439,3954.9063,2677.49,11183.1481,646.1632,27220.8034,3584.4551,16013.2843,1310.6108,24056.9764,16145.7334,1493.2809,5752.1042,3700.1436,17222.7313,8426.4544,847.8513,2318.9101,19100.6888,6060.6449,8900.1919,2424.224,3052.6035,13019.2827,3722.9052,23548.4137,2873.3435,1143.0941,2697.9088,475.4639,12792.0951,2198.9001,2579.5353,43891.3988,2914.6366,20572.8269,6056.1929,245824.8999,50068.2425,2585.3174,38429.84,7710.1493,2532.4156,2755.6322,37865.2568,7755.9462,22426.6486,1348.5433,78280.9864,13755.5518,32021.226,1634.0874,48705.0825,28010.3012,2667.8276,70429.061,91452.4383,55631.8293,33652.5556,4618.2738,7758.8616,1002.4597
SMP_CFFCBE198BAC4A12B23E,1,489457.399,40400.6278,150069.4355,48412.8863,30038.0434,922997.5609,3982.9266,83621.8909,554895.8663,7300.9882,4838.507,4281.4735,3853.4243,33529.411,2415.8812,15993.1218,19841.4554,12982.1851,6098.1437,87294.1321,13520.8433,93391.4272,10889.0047,246360.3945,148616.643,34016.684,50697.5452,8562.8964,3771.8014,3957.6094,906.278,9123.9969,1831.6742,54253.79,8098.1372,13039.3488,908.9209,1870469.43,111845.2819,24205.0051,966327.006,189806.8127,17762.7465,27399.0412,29007.6339,5951.065,1893.3857,7344.013,20333.362,10624.9718,3989.9614,11871.2609,694.4513,37926.4415,8956.4972,9936.1989,3327.8969,1236.9194,774.827,16852.5304,4644.5583,20432.489,15241.5546,29848.0542,23228.6114,2943.1683,181563.86,5367.295,9039.94,95325.4645,63550.9583,71187.5953,1150.4447,886.1428,7056.9569,1381.9562,4737.4462,6201.2687,4417.4054,4766.9694,30146.0713,25475.3865,8220.2423,6538.382,4680.7387,182219.5696,258465.6415,27411.9435,4090.1432,9374.1047,16820.8582,3344.0704,109410.8524,195078.0161,81120.5281,94826.8363,51718.618,144224.8114,3554.2264,151957.7045,4594.9692,4896.5759,14325.9703,59611.4549,68358.1684,18167.4807,53721.2661,85679.7106,4536.8684,8042.4335,2487.7072,1009.386,48525.2536,6786.019,7306.1263,4932.1106,9453.2317,4197.1105,7648.1046,14178.4801,3111.0599,2127.9349,15998.3854,8387.3351,10161.7548,11049.988,3559.0183,3259.0736,2786.5283,2770.555,3917.0387,207.9108,4853.5424,2928.69,5694.4584,459.6418,14919.7672,2511.6648,12273.5473,1850.4649,19408.9158,16219.4227,5205.4744,6112.3396,7668.6071,18140.1937,12394.9866,8061.8354,5337.4986,28503.8802,12452.5833,17426.3461,3669.3916,5621.1579,21950.2646,8602.0932,11885.3887,1056.8828,2959.0424,3091.9545,878.4375,22205.4784,4726.6648,4542.7544,105732.2996,5371.2081,36161.8477,7524.8069,288336.6872,64356.0361,1490.9923,43508.3478,10619.9407,2238.4985,4852.4264,48736.5951,7001.3027,34430.5902,2969.7498,72509.8165,34532.32,21054.5984,1491.8873,63496.7462,37027.206,257.4291,81987.2171,136673.9861,56896.094,39640.325,6989.1037,17401.2173,2523.0572
SMP_1BC80D92422120660C9D,1,526213.4662,44014.7066,159870.0817,48628.5117,30888.5508,997504.0886,4686.1758,78184.0869,595780.4307,6951.0703,2928.5693,2985.6732,2893.2601,23484.4689,1303.9827,15409.1437,18398.3309,9282.2136,7200.6597,73951.8577,13866.6322,64248.3329,12578.211,228942.1912,134954.5759,27776.96,22557.0962,8426.8535,5723.5016,2474.9195,242.02,9092.981,1017.5437,39582.9828,5663.2957,7269.768,548.496,1647191.367,96737.8205,17394.0892,818171.6341,218493.24,25472.369,22336.4404,16465.3464,7862.3909,2127.149,7418.5876,30077.7859,12395.2805,3709.033,4943.0283,333.2172,52336.3591,7922.6789,5616.3655,2782.1276,1040.714,587.5039,16191.5904,3242.0985,15668.7736,8829.01,24986.3506,23662.9814,3188.3171,242755.615,6164.324,9316.4263,93153.9822,45422.0999,49243.1069,715.4586,820.0003,3019.7805,868.428,5754.8674,6595.4748,2654.2532,4780.0624,26838.6653,40597.4529,9531.4073,5130.0407,3182.698,201398.8885,272454.1041,33822.3688,3615.1427,6807.7889,11419.8407,1930.1983,101809.2929,183040.66,70730.1594,82427.9772,44476.5902,133395.2089,3071.4294,118084.4775,3322.1889,2909.0214,16252.6362,54204.7279,56297.5962,22353.4247,35613.7721,97321.0365,5206.8589,10739.5974,2466.9963,828.5018,59090.548,5643.1855,5755.1814,4406.1283,7534.692,3092.3891,6152.5241,19252.6332,1985.3766,1155.5077,14177.9289,8155.6946,6674.7177,10059.8884,2379.5224,2530.9894,1956.6112,2159.7525,2302.4976,160.8086,4363.0314,7677.2145,10788.5126,208.556,29944.4019,3971.9461,21824.7628,1224.5807,20956.6326,27491.0682,4446.5513,5392.2577,5806.4956,14445.1793,13811.0302,4309.6293,2235.7081,26620.3952,12633.0748,19728.2473,2953.0435,5105.9207,18384.8514,9345.9236,22441.2349,2129.0443,1857.8679,4012.1361,861.1132,31131.398,3089.3639,2278.5915,82436.9458,4181.8432,24180.0786,5073.5635,259283.299,62814.6813,2559.1379,43112.5865,10895.0397,1340.1443,2724.1988,46728.1369,6861.5104,25159.7373,968.3265,64402.8025,34615.5425,18422.7823,1251.2738,46790.9189,24462.7521,1757.7452,83519.483,149755.9125,49674.3835,44832.3555,3850.7611,14358.6028,2861.3782
SMP_FD5C718D1B38F1719596,1,507716.1974,42429.7773,147952.9003,45506.0547,26981.1759,880304.2084,4317.7716,82131.577,520669.0392,6801.7636,2642.2887,3154.1549,3954.2344,31249.4812,2263.9902,14969.3648,20358.0722,9965.9537,19550.2658,99181.8262,9311.5065,79774.1855,23652.6157,264016.8981,105598.406,41950.1256,49977.7838,9927.8813,4922.7821,1787.5422,831.8455,8149.4372,1321.0981,55372.1975,6099.5266,10513.0497,715.8085,1668604.964,121713.6194,24071.7713,1602567.944,500348.4295,39443.9598,20724.7356,34594.6025,9566.9722,2649.4378,8561.308,32993.2355,5081.2659,4184.2466,8237.9157,140.7075,49758.3675,8029.5216,6124.0055,2369.5509,1031.8288,830.9951,15105.5214,5086.6702,30178.2755,13919.7173,31591.8717,22823.3794,2220.3463,184007.4123,3491.0647,7689.0129,78324.7713,35209.6772,56107.2255,759.66,322.0724,3078.3503,797.7777,3441.6464,6505.1816,3311.9293,3942.4421,23362.5967,18787.2243,8358.598,3979.6324,5625.2118,168145.3661,288823.4571,27407.1292,2703.8399,7010.4286,15867.3737,2529.0459,85325.6671,178758.3791,77094.5521,95175.3904,53407.5364,120925.6717,2257.1826,50961.9527,3180.3998,4266.5723,10865.7166,53456.2611,62785.5957,15039.9235,16368.2456,90370.5539,3892.5883,7655.2152,2323.5277,1254.0147,53722.0466,4768.6835,5524.3043,5276.3118,8969.0709,4407.9223,5137.2533,17138.3155,4085.5112,3391.7111,14320.3312,7934.995,10605.747,10760.2181,3307.0301,2917.4103,3557.3072,3621.3377,4837.0229,373.2596,5454.1798,2712.5213,5057.508,631.8404,15310.6848,2261.358,10357.7115,1708.2502,18428.072,12184.8176,3192.3947,7801.8189,5045.4262,21033.7716,14220.1498,2087.1087,2776.5702,32075.503,11654.2445,15182.2972,1770.2696,4448.588,19760.2974,8068.0935,15688.1516,2487.9235,2077.4942,5351.253,1205.934,16368.1141,1778.5796,2895.7018,68464.3906,2997.8143,21403.0481,7002.2381,243211.055,56930.0959,2365.4798,45242.4592,13032.5765,3272.9777,3929.154,47993.5054,8385.4135,31216.9922,2198.2395,87585.9026,25523.5344,33320.4714,1538.9847,63869.0558,30915.6021,1926.6463,98695.7111,121034.3851,67693.2515,41000.9331,8106.4407,17318.0541,2117.3269
SMP_78682E84F46076729917,1,468449.2793,39385.7415,130099.7229,45463.6327,25562.8118,837585.6143,3783.3345,74205.0915,496723.8643,6507.317,2781.1722,2790.7696,2730.4119,27011.2497,2401.0351,14087.3022,17546.4304,11650.6516,6436.5187,88825.9785,12903.5797,77924.4431,12826.1223,259956.6521,123427.2567,41158.1079,20690.9954,7319.1875,5871.6382,4588.0815,770.9141,9282.8688,1329.8724,115320.3016,14889.5307,12492.044,945.6511,2544340.237,346028.0405,30779.497,2412471.031,565346.157,56189.3368,27542.9588,57490.2218,17494.5932,5591.3822,17484.8064,60597.0983,18029.4106,4800.1663,8590.2756,1150.8847,90689.4548,8682.432,6813.8498,2297.8454,982.4696,594.404,9295.8101,4167.8378,19282.964,13823.0515,35193.7977,22723.0413,4166.452,306224.5254,11028.4939,10127.2083,120952.4652,74963.7856,45130.244,551.2725,1220.5301,5375.6102,1189.8008,7165.2214,5612.4211,4120.962,4246.1555,24613.1729,56402.2419,10918.9975,5935.5008,3088.937,245542.2386,255435.0446,6089.8913,6991.7912,6812.813,10859.5668,2447.1772,125146.6432,172674.3849,82910.2235,102346.3141,44920.0295,151263.8068,4273.3152,95573.6295,2675.2479,3633.8784,11685.4375,60315.9379,61969.4049,27205.2251,28356.6298,91414.82,10112.8164,14235.4546,3544.3337,844.1771,51752.4614,5225.8471,7166.459,4693.2777,7198.592,4776.8737,5877.0466,19881.8305,2950.2277,1175.8412,20827.3283,10883.2766,10976.7995,13631.2441,4362.4711,3595.318,3299.3648,2891.0465,3623.6448,370.5215,6162.5455,6005.0009,9081.0503,1392.1162,22173.0974,4217.9999,26067.1892,1203.071,23333.7358,23544.2402,4747.6303,5603.6823,6456.4306,16406.8564,16642.2014,3105.0454,3870.163,36950.6635,15767.1349,19343.4387,3230.1211,5951.6099,19332.6131,6653.827,24002.99,2971.6813,1708.1915,5235.7353,1680.9355,28396.2007,2265.3575,2104.5676,69618.1388,3476.3938,18006.0547,3589.3455,246346.5521,57280.5882,929.2518,33840.79,7434.2919,761.3139,1818.402,36509.8342,4283.8041,25354.3437,1216.6643,65183.7195,27563.2434,17737.1662,275.1408,48736.9595,26431.0527,458.0152,83260.3892,114422.5709,59095.5549,36005.6905,3770.5055,6846.5364,1475.3315
SMP_F075AB49BD50B4544866,1,536327.2137,39446.5116,148612.8556,46422.8302,29743.3143,958367.8108,5093.7093,89855.6352,593064.5151,6922.0758,1449.8898,2482.6175,2090.9902,20560.7504,1609.0116,10734.9168,12362.8797,5375.1701,4429.2691,53050.3872,8519.6332,48715.9274,12404.9886,173472.2134,130863.9522,23565.9594,19471.6364,7047.5417,6338.8701,1636.6065,457.1364,5411.7119,1345.6827,28721.3639,3236.8098,6696.7414,307.6154,1451936.233,55462.1997,17404.5191,771670.3631,208773.6645,27363.9835,23810.2,27863.2507,6018.5031,1796.9157,5194.162,25617.9567,5910.74,4510.3882,19673.7617,626.1699,33779.5672,10821.8717,12677.3689,4115.7284,1984.0258,822.9638,11875.1753,3761.9172,19940.7688,11581.6262,26617.2701,22583.0001,2477.1075,191621.7272,4706.9529,5905.99,56567.3556,49569.22,61887.078,715.0395,465.1201,3944.7834,443.4743,3557.7825,4800.0966,3079.6484,4281.5283,27227.7997,24586.7307,7739.4317,5828.9881,4927.9578,195261.6797,284402.9342,5882.4864,4331.343,8115.1923,13619.1104,3572.8162,84246.696,162799.0105,78877.0215,80835.2302,45816.8955,166706.7595,3831.43,107024.9716,2778.8854,3850.0323,9778.2366,49895.9191,63399.515,22470.2587,27291.0717,91401.9155,5853.5759,8153.1114,1993.6128,624.5089,43128.7766,4170.8339,6254.9864,4849.3712,7659.9645,5258.1217,6427.2447,15398.8064,2091.9681,2080.9565,20422.3025,11266.5102,11826.2823,14160.1158,4392.5446,4581.2943,2913.1132,3057.9981,4352.3999,694.7099,5903.6566,2882.7827,4887.6077,728.9116,13308.3178,1904.9189,12446.3706,1137.7855,16635.0657,14216.3163,3661.9765,6140.3944,4925.1863,13748.7929,15044.9902,3582.3334,2471.2336,29045.9013,14301.686,20221.1953,2666.2847,5326.8275,19992.3518,9068.4913,9941.6081,2046.9348,1648.3895,6574.196,786.4687,13234.5751,1611.0008,2288.5793,61561.9433,3555.6299,22385.5648,4470.9321,239748.2933,61892.7962,2554.8033,42470.709,10813.3412,1308.5792,2679.0767,41422.2978,6456.8331,22042.8166,1724.3782,66577.9227,28732.3624,20456.9353,1323.9921,49598.3444,25548.2329,903.6398,80974.2817,156153.6712,51424.6,48305.4091,3989.5144,13372.4513,2689.8745
SMP_5BFACB8D6127369408C6,1,488093.0276,42707.6758,148721.7321,49225.9807,29076.7103,1001275.588,3999.836,83010.9529,562294.0888,7452.7875,3296.2236,2938.1226,2413.5752,24730.9823,2371.4641,13097.4621,16599.7026,10909.9436,9492.1048,95379.3045,12657.3656,86846.0892,15727.4723,266449.3869,137386.0273,37448.2998,34046.827,8848.0245,4583.0343,2163.252,611.7257,8354.5591,1830.1785,34340.6198,3219.3462,5882.353,632.3037,1237998.192,35776.9593,17744.6356,664519.6283,269433.7371,26641.3887,19326.9538,18621.0758,7700.4136,1247.2419,7981.8865,27819.8848,10834.3057,3249.5249,8761.2025,237.2662,57170.3085,6752.9704,7113.1277,2899.2792,1084.1676,399.2811,15833.238,5523.684,35211.0111,18950.8139,40966.676,28730.1915,1292.6141,155064.527,2506.5026,8246.9819,83216.3716,30574.6977,44770.0854,570.2662,360.8132,2948.5952,936.3111,2748.3859,5187.604,3115.8258,3604.6721,22759.3719,17739.0621,10023.3223,4302.2755,4698.3765,165507.3823,264411.2575,27891.9692,4294.0896,6460.7152,15223.5144,3098.7985,99814.4164,201637.5808,82882.4015,80622.4458,55028.374,123283.4022,2399.3289,104500.388,3753.3966,3944.0161,15515.6609,60623.9472,64005.111,15384.7312,36488.8055,73607.6669,3544.6847,8347.8074,1073.7512,1150.75,47082.3968,4447.1901,4654.4135,4740.4181,8528.8707,9130.5848,4440.3067,19982.1468,4785.7615,4367.1632,23038.0252,9836.8667,11581.4594,15709.5271,3609.2138,4712.2594,3299.4181,3262.7723,4607.875,455.132,6455.0535,3023.9146,5399.6039,564.3964,20279.218,2603.3953,8198.7518,1714.042,18950.9352,11693.9202,5398.3039,12320.9429,8646.264,26523.3821,27571.0376,7192.306,4856.6045,45256.8129,24291.5294,27759.7803,3854.0232,7731.0552,29269.6342,11650.9596,18902.0713,826.6992,2663.4474,3953.5354,1319.6194,19630.945,2120.9257,2607.252,71940.7719,4188.7427,22373.0766,6859.5491,257882.9017,66041.9474,1975.8827,42680.5402,11231.562,2694.9346,2829.7175,45599.3262,8136.3515,30618.3487,2428.8258,85267.6811,29988.9032,28704.2409,2253.0933,66895.5757,32094.1522,1023.4462,103353.7037,133666.1901,62523.36,42313.7292,5845.6573,12687.472,2358.9948
SMP_1085C6739DAFE192D1C2,1,524363.6189,42491.175,142743.4388,47687.058,25560.9257,866668.4294,3901.3997,77267.4165,554649.5321,6782.2322,4739.658,5321.1899,6004.6868,39649.2155,2597.9838,22532.7298,28271.3337,18585.0491,17860.1661,123169.5379,18789.8133,121750.174,18199.791,305669.3079,200049.3228,53264.5009,44928.8911,9980.2308,7355.1219,2742.0958,895.2829,10528.8184,940.8727,65634.6892,7575.0839,12581.0597,554.7407,1698417.553,115427.3994,26031.7174,1644242.356,352009.1744,41208.4961,19618.2664,31593.1178,8898.7895,1754.5103,9716.2479,30222.6114,8509.081,4401.4372,6469.3214,288.8832,35222.2726,7857.3311,6572.3626,3268.6549,1682.5941,498.0343,18919.5755,4902.1219,23620.5318,15177.6805,28302.414,23562.4735,2925.063,299338.644,4851.0056,13313.2167,148008.6515,53719.8278,52919.1102,1085.2644,1110.3435,4688.1473,1105.5201,7091.4602,7598.9288,4098.7238,5247.7748,27982.2751,27444.5318,10396.4929,5769.9591,6160.3534,192019.3608,286000.7281,35868.8366,3069.0965,9388.6296,18900.2666,3204.2533,106020.1386,205629.4143,93357.2831,97904.4579,57426.2272,124380.3388,3897.9481,93699.6032,4157.3216,3357.0777,15902.2682,64249.2922,57010.8757,21915.5902,24933.3018,90011.5413,3713.0439,9036.77,1606.477,1208.159,47987.6629,5679.1442,5098.4663,5266.8441,8701.923,6439.4393,4936.8538,13033.8581,2922.5064,3510.5992,17622.4757,6051.3984,11529.5684,13299.8475,2275.1899,3790.9779,2272.2134,2730.5909,2282.5868,520.8009,4306.7454,8555.6075,15725.4624,837.9911,48498.9103,6111.6801,25242.1725,1749.1295,38490.1505,26466.742,4337.223,6508.3495,5848.2573,16869.1864,11030.3085,3300.2654,3005.7055,21894.4518,13848.3276,16885.8564,2650.4208,5150.6421,14186.218,7367.1633,22470.679,1890.4344,2452.6022,4769.3815,1840.2815,23037.1155,3868.5435,3732.5683,79946.1759,4259.8684,31046.8982,7792.4497,253000.509,67148.8815,2244.3644,46995.5593,12800.6887,2524.3367,5084.7882,49322.4066,7076.2287,30520.6974,2990.1996,81969.489,34698.8264,25068.2645,1465.2085,69886.5841,36021.8957,634.6377,92082.765,146360.4544,59783.464,41345.3715,5915.0261,16619.2709,1743.0375
SMP_33B3AACDD050040A218C,1,551438.0479,42656.1305,150890.5541,43922.2868,27145.21,897416.8317,4200.2472,80717.3667,550494.7774,7957.1479,2591.227,2715.2998,3339.7025,29702.8525,2498.9976,13449.0025,18594.4454,12106.8421,9045.0433,101237.1666,13728.715,101043.0973,13849.9815,284148.4655,161312.5461,45702.7083,35268.448,10661.6522,5773.4321,3411.3107,716.2535,8492.1507,1597.0492,78521.4696,12297.4376,12613.5346,977.5314,2192333.942,194812.5737,27885.8086,1670756.392,255769.9137,30769.7206,25453.1135,47457.6708,10036.0323,4011.6832,10796.4302,38974.681,27279.1608,3589.7794,7128.9445,366.4438,107986.1211,8291.6206,6317.1422,2536.3486,1338.3579,507.4923,15375.5735,3804.0827,21723.7486,15981.6252,33954.8064,31595.5415,2914.7905,244428.2075,7300.7138,8608.1971,90039.989,45956.681,26915.1796,776.4374,2.2892,3863.3378,1346.3471,4561.8986,3729.811,3223.15,5991.6413,28622.2919,54268.0863,10666.0968,6783.1612,3016.0347,215856.1839,232625.2195,4009.2173,4350.889,8210.9348,10128.9418,2880.9793,104107.6002,148292.5158,55762.0061,91960.8857,25815.9882,118780.6342,1089.1082,159089.478,2987.4721,3354.3685,12080.7598,63257.6115,48622.1381,30823.0461,50988.38,110461.875,3897.114,15887.3768,1955.9803,2154.4668,63642.4081,5786.0734,4755.244,5732.1607,8431.6705,3067.5289,6830.1421,11086.3161,1365.8335,1162.1493,18590.3157,7604.0157,9540.728,12891.9076,2647.9229,5185.2224,2321.6573,3502.493,3457.5865,156.0327,5453.9743,3439.4574,6700.5266,1189.7331,13104.4638,1221.0862,12401.3157,1201.765,14703.6778,22108.2598,5247.396,4650.215,4246.0542,10213.9995,12691.5072,6008.2927,3001.7271,24008.4041,12714.3295,19436.036,3210.5039,5247.5421,18823.3357,7914.6546,29250.1465,1541.0157,2794.0979,3847.0605,1198.3434,41490.5276,3925.614,3904.267,80480.5331,5860.5129,27465.551,6590.5432,285389.0717,69516.2937,2379.3158,47832.1702,12135.4553,1664.2451,4570.6933,49194.2839,6984.0734,32309.0079,2962.681,77941.4391,34862.4745,22939.5032,965.1885,73895.3997,36471.6326,1016.3739,109068.0779,156892.6268,67073.4846,49053.4294,6367.1862,16395.9431,3303.1417
SMP_6D4FF2E506DE9E656C9A,1,540123.4872,37874.166,138567.9242,46107.5383,27078.2613,907533.0847,4381.0583,80502.9562,543857.4043,6639.6369,3446.6623,3670.2418,7060.5164,34310.5801,2591.3579,24690.3747,27977.0201,16093.2992,34099.4589,117667.7884,20253.5203,103342.3577,33036.4108,258914.2385,187725.2176,40853.2516,41233.1382,12481.8177,6064.6811,9201.9874,2890.9877,18317.4676,2133.9217,67872.2246,6704.0901,10997.5537,875.8997,1969096.765,140951.3369,29702.1334,2031883.724,376387.924,42610.7269,24813.7287,57063.7676,18301.2525,3130.4589,12550.3515,41074.2835,23513.4347,4488.059,15272.3459,2242.74,104822.6518,9830.5931,12016.2767,5110.1657,1664.8341,5598.8457,12351.4743,3914.8318,18174.3594,12943.2767,25174.4646,16820.9451,1902.452,150734.3656,3196.9673,5629.5705,63055.6239,34408.2014,41754.7747,492.5847,497.8804,3186.5852,761.1681,2427.1499,2478.7725,2890.7045,4696.8592,32070.6576,28622.9464,9117.526,6145.2112,5707.4409,192991.0216,286496.5342,3420.8908,6211.3359,7869.4302,14620.1853,5121.2402,102139.9422,198817.3514,71708.0394,86084.1706,30109.66,193360.6293,2275.709,180205.5273,3322.4325,7467.213,14164.8548,63170.4254,93349.5731,20954.9503,68425.0679,129213.2131,3756.2519,7775.3894,3340.8836,973.8645,73651.9445,8092.512,7138.4144,4306.7953,5980.1454,2770.5758,4201.7859,6416.8422,486.1073,1224.8026,22150.6214,10023.0307,10790.0588,12869.9704,3104.6921,3842.6746,2412.7072,2278.6196,3512.6462,280.1896,4356.3877,5525.5886,6082.7055,1198.3197,23002.4439,3027.3395,16145.6055,1853.8315,37106.8963,27938.3544,8443.5676,6511.2108,8144.021,17174.8256,30054.9366,16550.0401,2947.695,45642.3068,21735.4916,27888.9038,6831.8369,5439.5439,25730.8551,13867.8273,11731.2673,1121.5742,1851.3854,5997.2077,1579.9591,22359.6002,3198.4163,3439.1273,94532.9026,4082.4743,23114.9348,4937.3415,230733.6823,70301.1189,3334.7485,39199.7978,11477.2542,2323.6302,3032.8902,46012.3052,5688.9955,28332.9745,2477.8263,75626.4433,32513.0346,22273.8699,1223.5458,54774.4772,26963.4455,992.2272,79904.5915,135954.8344,47039.8318,36395.7878,5398.3275,13451.5538,2402.4816
SMP_8310DB4B5326827A0F72,1,525755.365,41417.9045,140507.9471,45275.0922,26880.7032,887718.7872,3954.1614,85592.8105,497596.6637,7582.5096,2699.3046,2962.7103,4167.1948,23192.6907,1532.1704,15249.8852,16716.4661,9746.8475,11327.9687,68343.1092,10141.7742,65771.7353,22005.5286,186299.217,108007.5153,22159.9279,26682.2241,7592.8786,2889.7752,3981.5462,772.871,9971.579,795.0583,68030.0207,12276.042,10565.5929,636.3487,1905842.964,251452.2132,22663.8388,1747210.154,361800.7531,36260.0897,20871.2981,33523.1953,10631.7763,5159.1176,11170.2897,42360.2611,9765.0339,3663.2573,7329.4089,856.8894,49924.9879,8842.1106,6357.4504,3659.2973,1487.9979,262.0226,12324.9482,3587.7073,18374.2792,14098.1629,32607.301,21228.3567,1664.736,150192.7961,5178.6632,5448.816,63168.7925,30934.6046,25239.7982,391.0963,377.414,3266.4332,792.908,2121.0812,3209.3809,2725.3215,2615.6477,27503.7448,49512.5076,10093.7456,5713.4513,4117.7218,192051.8267,258314.7009,8535.0604,5051.6133,5645.6171,11005.8409,3538.1567,103600.9508,176210.1361,76636.806,96318.614,36581.4329,166000.2433,1959.5999,97505.1723,2209.2371,3705.7016,11199.3728,64668.5219,84062.7016,17217.8361,32061.0476,70778.0277,7278.8686,8369.8126,3379.2697,1182.1961,39269.4743,3564.5344,4828.0309,4811.1852,9053.3384,6397.6865,7437.7112,20091.3649,2332.0127,2761.686,22135.4293,12368.5042,11290.7871,14060.1164,3788.6191,3088.1385,2856.5635,2421.7101,3560.6232,75.2084,5735.4505,1685.186,3000.3222,552.0981,7340.6066,947.1305,8390.9927,1179.9565,12865.0914,6427.1882,4231.2784,6607.2977,5945.167,15625.3839,21012.6394,3770.793,4139.0691,40319.3261,15385.711,17722.2054,2552.6733,5132.245,15893.8898,5619.5525,12105.5933,1376.0216,2444.2581,6067.2485,1114.5261,14533.7805,2693.4418,2951.4861,76219.1968,3400.241,22319.3683,6345.7962,255655.8812,58386.6234,2478.5776,39975.8631,7200.547,1394.5016,3436.7343,40933.3728,5279.7496,31880.1084,2417.7306,68980.3248,29544.9017,18893.6245,1612.5091,59069.5114,28293.4397,1593.7047,89318.107,131195.2886,53652.2505,42150.5311,5185.8345,12570.0621,2049.9989
SMP_2623E9D710DB8ECA84F3,1,524019.3387,41109.4491,146932.7154,47043.0357,27579.6287,958927.5509,4215.1778,81705.3092,556310.7283,7428.3462,3144.5412,4013.5679,5788.1805,43627.9248,3272.2704,31486.138,24474.1498,10599.8966,28211.5929,110105.643,13553.1014,86455.7734,30128.0209,299119.5161,209781.4952,37349.9498,43422.3104,15009.1717,6661.4141,2789.3201,656.3088,6588.1195,1346.3795,47318.6345,5507.4636,8724.7787,611.7047,1614881.71,132008.7628,23229.6626,1535719.775,320839.9229,44109.0807,20772.8626,32365.5444,8107.7436,2477.3142,7047.3475,36397.6328,10708.5495,4551.1836,6200.7463,587.1919,58691.9495,8122.1508,10371.4066,2903.3089,1040.5294,837.5563,22248.3702,5996.3851,32049.8091,18145.8913,44150.719,46666.4017,2315.0074,181566.9201,3729.7954,6004.8721,72269.6787,42046.9941,37424.1512,446.2392,105.6288,2901.0149,689.9619,3600.7845,4007.673,3653.2499,6576.3112,32205.4363,30206.8818,7646.7802,6715.404,3432.8407,223767.0633,276131.7033,6790.7054,3079.7469,8136.1662,13867.4273,3320.0031,94309.7254,183327.0358,71840.2405,84291.574,32349.5619,150248.7142,1381.0136,122399.365,2502.8691,5435.9172,12491.0335,53395.9018,67772.0413,23006.0528,36724.011,124698.6104,4469.3667,10588.6578,1732.9563,1003.5311,63643.4551,6067.155,4586.6175,6580.0103,11472.3436,3057.5062,5516.0188,13428.1088,2614.6496,1920.7516,20065.1863,9740.8059,12115.4964,13661.0706,3592.8768,3484.6158,3932.8973,4115.9868,5744.1399,193.2635,8175.6328,2447.4472,4282.1043,1098.5874,11411.09,1098.8719,11829.3818,1752.0639,19271.7278,16680.0693,3404.9582,4192.8841,4071.0945,10348.1681,16735.1221,3908.497,2479.0957,29560.9232,14428.6882,21141.5896,3708.0269,4923.9301,20320.7346,8785.4272,17725.3558,1546.9335,2452.2846,7061.9526,1353.1773,31465.4706,3036.236,3969.672,91124.867,4197.0259,26742.806,9022.697,298634.8937,79461.6598,5385.8754,59627.0465,18177.3029,1824.8691,3947.7644,53567.0564,7691.8179,29613.5338,2373.7848,89895.4525,34999.8435,24489.1053,1307.4908,69699.6315,33357.7276,1741.9494,122169.8966,191993.1501,64892.798,58255.6479,7469.0383,20869.193,4865.2588
SMP_6B3F3FECED2845D13705,1,502755.6793,43939.8674,147828.6469,51380.8428,28199.903,920292.9274,4660.5895,79376.5808,520758.4201,7009.862,3243.6617,3062.1647,5169.7556,24100.7401,1280.5167,15946.2219,24051.4491,14590.2364,16221.0272,96328.7207,12862.6167,89013.1469,22352.6129,202003.7703,84245.8532,35689.7322,39068.8364,8189.1881,4374.8544,6578.4191,1200.1264,22396.305,2040.2437,75588.4901,7576.1555,12560.8961,598.0984,1743746.972,59832.5575,25413.5089,868011.039,215283.7545,23440.7144,29017.751,17584.8106,4216.7093,2944.9951,7131.161,31474.0911,6445.2734,6158.6394,6177.6871,293.9621,24812.124,9578.3758,5455.9299,5169.5661,1452.5071,1073.153,11859.3429,5297.7146,28421.7774,17687.9749,31316.5277,18887.1776,4024.4226,228025.821,5531.9856,8083.0443,92852.4431,39142.2725,42204.5513,644.735,160.3823,3507.785,899.5539,4727.5971,7589.4661,3249.7671,2675.9264,26342.5105,42358.264,11906.1184,8961.2451,7382.4342,201830.2956,267740.8148,34686.9915,4231.0752,8905.6477,15857.945,3574.9505,116555.4282,177476.0601,76102.8004,98438.5689,48211.2507,127505.6633,2534.9514,70301.4523,3207.757,3626.0533,10366.5081,60718.9772,54519.7697,16677.1885,20716.4051,65886.4335,7276.281,9761.3723,3505.9525,1801.1849,42680.5947,4335.5363,5967.2953,3770.3296,7152.3854,3521.3727,3377.3588,7965.2466,1356.539,897.9187,16821.119,6824.54,11612.4418,9520.5797,2169.9016,2619.0412,2961.6467,2557.1925,3207.2509,136.623,3466.1171,6400.5216,13421.4774,940.0127,41631.8873,7482.5526,16029.3051,1425.8189,24276.1035,13266.5737,3551.8873,5083.7907,4808.8258,12669.7673,10320.9511,2023.3792,3125.5468,22566.9705,7971.9726,9939.8736,2899.8752,3823.3628,10646.7396,2853.97,14853.3653,2877.6045,1874.8989,4167.3286,1107.6535,17058.1899,3545.4031,3226.2826,73373.068,4260.4248,23864.0839,5576.5235,217548.4296,46330.7927,2309.9811,40475.3552,7399.557,1912.5015,4063.5091,47188.2031,5355.7932,33756.573,3275.7728,79596.1482,23581.3327,23263.0472,1030.2335,55385.9621,34084.0782,1075.5547,64306.8215,89401.4419,50878.7617,25108.929,4678.1186,10905.148,1217.691
SMP_6267D72C850F9D958EB4,1,514546.5706,40489.3192,147635.2755,44806.0697,25882.2008,826716.3355,4811.3282,84007.5689,493914.9365,6711.8108,2194.56,2970.3989,2717.2636,26561.6644,1523.0904,19998.0165,21900.753,10373.8283,15050.7976,99058.443,13040.5513,85982.6105,19213.8455,245711.2139,158131.8502,30637.2861,39113.0168,9744.1322,4033.968,3824.3215,1481.3051,13007.0437,1711.5346,82255.6657,10539.1856,14944.3912,981.6378,2104330.249,220860.6184,27448.3306,2233277.147,464330.3517,46554.6121,21156.5167,56578.0898,15330.4572,3097.8044,14608.9901,56183.5872,18800.9646,3948.3925,8262.8821,1080.3868,80605.6605,8189.4478,8233.6284,3075.4601,1490.3789,2145.4349,9632.1106,3491.7796,17820.4543,11394.3563,26109.3216,18477.6521,2253.7443,190609.7822,3973.1377,7358.4378,80370.2732,33778.7898,34277.8262,448.3761,329.0342,2876.2601,728.6628,2648.8191,3909.9801,2130.4072,4190.945,23597.7357,33325.8834,9887.2057,6688.5275,5652.6597,188192.501,270550.3887,2849.8332,3686.6205,7989.4472,14557.0854,3358.0619,94870.2807,185687.1068,66676.52,78088.2436,33165.2261,132444.2918,471.1307,126322.7271,3342.696,4928.8362,14028.7463,60420.4428,67204.9346,21229.1175,39946.6877,97352.654,5675.6448,11266.9035,2346.8016,962.1632,59198.4866,4692.2188,5030.4959,4110.6027,7154.3746,4890.5848,4932.0713,11921.0153,2493.5145,2181.4501,22806.9017,8974.6334,11126.5051,13992.7189,3624.2587,4397.8708,2906.1902,3274.3796,3637.9472,492.0518,5249.5592,2859.3334,5225.613,1084.3802,18480.2821,1667.3375,10850.7841,1309.5971,20856.9166,16380.3142,4692.8522,5288.9729,4952.7323,12191.6621,19589.8372,6456.3426,2151.8454,30858.1189,16330.3026,21239.3871,4184.9333,5893.7207,20086.5699,10447.3493,14694.7967,514.387,1795.1086,5641.2787,1006.9324,22588.9971,1785.9441,2039.0087,61710.0743,3045.5955,19861.9183,3805.2221,213983.0208,56093.3893,3099.8682,46728.1185,10302.3886,1741.3308,3692.005,47203.5001,6096.7234,24006.8794,1601.0507,68877.7952,27684.4202,19981.7681,798.1819,47801.558,23399.3243,1272.0734,75046.3535,137038.0006,42730.0848,41262.014,4375.4497,13782.9289,2207.8084
SMP_FA265BD323BE0DEE7B29,1,511389.7192,41394.1815,144557.0139,43207.8333,26116.8352,886316.1761,4902.5584,79175.5596,526011.8779,5410.9069,3665.7531,3008.5924,9552.2475,34106.3225,2308.4042,11849.2625,9586.0212,7084.4429,24426.1273,56135.804,10399.7361,53380.2529,45161.4833,154498.0171,110883.2502,14729.8425,12821.9587,5292.0854,6688.2798,4695.1719,932.2107,14518.792,1783.4581,105628.8345,22676.0052,13241.0943,1270.4296,2138736.615,348573.2272,22635.8646,2087631.202,379744.5616,49003.742,24519.0328,50670.3437,11674.7997,5847.2579,9294.0433,34828.7314,9888.8537,4170.08,7806.5851,1816.6872,57029.6156,9735.5997,7333.9986,3948.2075,1518.262,910.3665,15584.7935,3983.9829,15282.328,12399.4114,26656.6335,23221.7321,1846.3269,106941.1524,5223.6975,4316.8465,49131.9391,38844.7082,29683.637,618.9558,1366.5572,1794.8049,676.8863,1923.8832,5419.4223,1953.8977,1082.2713,43443.0989,74803.7338,11709.0809,7284.9122,4488.7681,209466.6586,296807.2228,41096.1291,3400.1221,7716.1096,13089.8267,2271.4375,140279.2586,211086.4772,102284.3292,85835.4159,52335.6251,110571.798,4716.3451,77530.3529,3697.5357,2421.1976,12671.4892,48755.6936,54189.5154,15676.1011,22584.2379,66902.0294,6210.9618,7316.5069,2703.1719,1510.1648,40641.1359,5901.7941,5207.4608,5773.0815,12244.5991,6303.5995,7805.7578,18447.8015,4055.6611,2090.8646,16124.5859,8343.2274,8493.0596,11617.7571,2836.7043,2879.1487,3124.5216,2988.0523,3828.6714,2.2808,6894.2945,6853.441,10888.152,1569.4637,37540.1848,10238.6404,15350.2565,1361.1032,20423.8701,11298.075,9197.4088,13283.0249,15404.7329,34880.5495,17662.7112,3400.5419,4399.0643,31920.1363,14117.7465,14654.8371,2953.6656,6377.0165,19119.509,6762.0427,17062.1081,1654.0949,2409.0492,3075.1467,1149.2809,22476.0225,3603.3699,3263.7374,85927.096,3382.5609,20437.0079,7423.475,249331.4598,49427.1946,1924.6155,21751.426,4342.143,248.1937,1356.0693,23177.1657,2404.8076,17969.0563,838.1135,48578.0753,28958.3133,8628.1829,847.7985,38708.4711,15796.75,1774.2008,65814.2904,136882.4637,32970.2617,27739.6608,1777.5122,6390.2848,2276.1452
SMP_6B24E8537436C7B5B187,1,546294.789,41888.6997,160022.2912,48779.1468,31453.1238,937138.9366,5248.6601,91126.4317,567631.0371,9026.544,3308.4362,2924.72,3004.271,27872.7399,1583.4723,16367.8422,23739.9499,15417.6486,7755.0129,95948.2657,12272.3685,87467.3156,14215.6814,217942.4463,102794.6447,37022.0984,42303.001,8094.4584,6431.4228,2562.5225,1155.1411,19472.4654,1848.9506,52557.6503,4786.2731,8752.5815,488.6352,1404775.205,56037.5817,21858.142,847963.8266,193847.6251,19901.1023,18981.1117,15881.0399,4725.5747,1378.5931,5751.7285,20098.1018,8110.1236,4048.6732,6374.9449,398.6966,35259.8519,8142.4518,5084.1144,3465.6206,1600.1258,836.7829,9003.0576,5151.2369,20977.2089,15353.9679,26175.6129,18478.5731,4124.434,168092.7867,3240.1833,6057.7422,62132.0663,33889.2933,32252.6065,223.4984,138.6027,2884.0196,817.3214,2827.2646,3421.0203,2587.3863,4559.2997,23651.036,28348.124,10997.8603,7159.6661,6262.7182,191907.9377,230123.7961,38888.5261,4259.8366,9136.5486,14246.0858,3605.5952,89920.251,153629.2117,65078.0073,85900.7571,33168.2038,124807.9688,2042.4735,109912.2421,3066.402,4348.3165,9175.8709,57426.8591,59232.3828,18991.0078,36244.9288,88840.1527,3990.586,9024.7895,1601.1202,1594.1495,50746.8465,3259.5267,5272.9076,4109.6039,6985.9155,3777.4168,5569.2015,13703.1771,2073.6338,1260.4532,14122.7368,8337.8183,8155.0251,9610.6514,3293.4006,3663.796,2285.375,2456.135,2401.1244,84.0409,3057.2036,3084.9189,4592.0238,722.8081,13431.2265,1449.1077,8175.0474,821.9477,16425.4777,15627.9762,3569.813,4711.2949,5428.4753,10585.2806,11674.4689,4166.4294,1978.1755,22794.3999,11075.9954,20489.7154,2330.4272,5711.2835,20377.2812,7369.917,12900.6477,1963.698,1296.3457,5064.9791,688.7423,18433.6139,3458.655,3034.4626,72245.4223,5004.5556,27401.3451,4764.6692,229594.2938,49182.3687,2077.4768,41833.4568,9119.5386,2208.8587,5626.1727,50028.5363,6739.9684,33501.0998,2872.7701,73113.1662,29662.2227,25029.8297,1021.4359,55122.0888,32798.2246,735.3527,70682.3848,106443.9844,51294.404,35264.2899,6501.6386,14308.4889,2236.2646
SMP_0131891932C3F2A0A3D1,1,521107.9858,42273.8621,150250.1019,43517.6986,28141.5097,914177.6119,4389.6368,97808.6853,544208.2778,7877.2618,2311.1489,3012.6751,4721.4392,26578.6223,1285.7406,11867.7899,16937.5233,9876.166,13771.0661,58858.3156,8308.84,63473.5703,20149.5408,117348.0631,88326.1346,21064.2525,14296.0395,4975.7341,4973.7636,1777.7378,633.8868,9585.612,1387.4502,48189.1588,10253.5156,8140.123,1147.9866,1545976.291,99418.2991,21413.2944,886514.4439,234453.0339,24522.4669,21931.3251,17775.8465,6996.775,2078.6744,6293.8741,22050.1051,4990.7563,4079.156,5126.6888,282.8053,55485.1208,7975.0621,5444.0234,2605.8467,1441.4499,333.5179,12757.8944,3254.3115,25691.5592,18025.8797,31702.452,29312.8367,2383.3029,135160.5182,3816.7091,5308.8799,61220.8334,26703.512,23418.202,466.7264,234.5442,2089.9335,98.635,3384.8082,4125.2301,2462.683,2547.8341,30087.5168,35830.2307,8516.2024,4927.0688,3886.0869,170525.0087,233245.0886,22636.1055,2867.6339,5730.3437,11380.7329,2697.6237,106893.0596,175333.029,71319.4467,91998.5468,40886.5376,128139.6001,1946.2628,58305.9688,4095.062,4307.978,16323.4779,70194.8652,75531.7109,18938.5391,23395.3888,91180.5732,9739.2961,11767.5246,3855.8424,520.7204,70906.0985,6733.6701,5490.7503,4894.7725,8698.6808,3689.8505,4835.6156,9658.429,3179.4591,2089.2941,25234.1805,8104.5578,13844.5959,14276.7307,2391.923,6766.4034,4172.8513,2788.8148,4135.6698,535.3205,4271.0604,6367.6795,11652.2426,260.0799,30163.9246,3675.3318,25352.4148,1284.2164,28887.8999,28960.7904,2775.6324,4218.4447,4213.2604,11419.5064,11584.3865,905.6683,2136.6195,25201.8928,8796.4658,9214.2319,3476.8481,2832.9353,14483.77,5401.6484,17661.8647,1860.9604,1855.1032,4265.1716,1333.6895,24563.0333,3296.4162,3515.6942,65099.3405,4067.4261,24129.7013,7459.9401,260210.9152,44955.8665,2235.64,22735.2515,4961.4502,870.6455,2516.7665,33480.7198,4060.5418,23202.3551,695.4433,57668.1074,22344.8793,17668.4278,1061.301,42470.5116,22745.6899,2678.746,54452.2675,112741.3618,44120.4136,28788.5437,3253.1673,9030.7681,1876.1042
SMP_DD1BCA0C33E72C92D477,1,540003.6618,40356.6722,150440.6232,45737.3902,27105.5595,947790.9271,4520.4167,82486.3391,527961.3996,6108.7092,3693.635,3090.112,3291.1035,27545.9754,2210.1317,16738.5664,18475.7479,9860.4039,13437.651,79560.7639,11392.0595,75440.3084,23136.8643,260633.1844,125315.3982,35557.2464,25771.5288,8596.4598,5890.5078,2522.1822,382.6397,6962.0266,1886.028,58327.9713,8457.548,11055.4288,569.1074,1735678.203,184891.5732,20561.1245,1686785.25,300645.3076,27416.4282,21033.5986,43630.5244,10468.1708,3688.5002,8968.0637,38158.0714,13150.9182,3908.4156,7160.0953,1025.3004,49717.046,9707.6684,7522.4803,4235.6355,1575.5653,628.5,11235.0891,5072.6358,21407.9465,13633.361,31900.352,25366.1886,3103.6151,174552.8863,6299.3393,5706.8013,60250.5523,39240.8808,35666.264,548.6784,384.9266,2852.833,623.9732,3433.1156,5617.8411,2921.6776,4006.749,31087.1525,52836.8123,12146.9031,6553.127,4214.764,226830.0031,278816.2021,31436.0792,4970.5778,7509.823,12622.1056,2915.8727,112320.445,175657.8025,76318.9087,94814.2101,39069.5087,143639.1142,1826.6472,121754.7074,2398.483,3330.8666,11969.8051,56900.3706,54534.7015,20247.9189,30032.7931,74625.6372,5364.2817,8599.6047,1174.1414,796.0749,40748.1122,5164.7455,6132.0458,4969.8561,8883.9563,5424.6449,5745.3432,15645.0374,2569.7927,2504.6469,18916.8211,7540.0149,9514.1945,14144.0947,3027.2589,3363.8711,2238.0995,3030.9158,3277.9385,180.9005,4367.6254,4549.2515,7360.5682,402.6378,19486.6002,3072.2165,16537.9773,1506.2653,17882.725,15898.1594,4292.7795,6824.0633,6281.8538,13660.4356,17199.9173,5573.4659,3197.6401,31788.3412,15316.1082,22715.2708,3126.6613,5812.4545,20626.9148,8076.2018,16434.0724,1188.4489,3373.0683,5378.0613,1830.481,21711.8872,2960.3471,2326.8224,76776.4737,3553.6927,21973.8165,4981.7745,233069.7338,61525.7406,2724.8023,43896.184,10471.4293,1616.8085,3053.7149,47018.6398,5845.8957,25800.1406,2334.0018,71489.7251,30754.4715,22034.5968,892.2533,54235.3818,26631.6187,1603.8083,84656.0368,138470.5741,57268.0886,42335.2347,4093.7164,11327.4807,2382.9566
SMP_37CA426B4042E704177E,1,485931.9953,38096.9966,134624.1191,43273.9672,23841.7195,819922.3043,4003.2342,55794.7503,493098.2776,6670.776,2781.5648,2272.9664,3574.3404,23125.1895,2079.5608,14035.9588,17465.2592,8261.535,15994.6289,71377.2328,9875.5311,68512.493,21371.26,214388.5767,119793.8153,30833.1425,31241.77,7871.6238,7197.5916,2668.6168,609.9847,8575.6845,1581.1754,80658.8888,16773.5478,11294.6784,926.8053,2245797.151,309689.3971,25025.738,2029859.967,283307.8799,32023.1649,26054.999,41841.0489,10159.1724,6240.1577,11841.1218,42842.5627,17685.7548,4876.8744,7710.6547,1383.7938,88724.9538,10143.0403,7530.8258,3303.3302,1425.6069,725.2093,10521.9486,3768.2191,18051.1606,12689.1489,30766.1023,17888.727,2198.6668,149466.0738,6720.4514,5577.391,55937.7851,40633.0816,20058.5377,477.3604,755.396,3422.0594,596.2842,2588.3366,2567.8737,2480.1931,4467.4038,29236.4491,60900.8371,11224.8624,7404.3777,3281.6375,242826.6811,245182.1023,5747.2486,5253.2544,7684.96,9779.1712,3456.5198,133902.495,161788.461,71278.6999,99969.9977,27299.1007,141321.8416,1306.0854,165617.9501,2796.328,3479.6183,14976.8288,66350.9958,60530.6402,24988.318,51958.0363,99104.9949,7613.9031,11148.4556,3187.685,2007.1076,55924.6761,7287.3177,3630.803,4624.2229,8249.2681,3324.1842,8675.9093,13186.0472,1119.6671,1345.4586,19730.1102,10028.2886,9431.0351,11540.5579,4267.9975,3510.9759,2815.4558,2359.9692,2711.5426,86.5539,4657.1272,5004.5432,6352.758,1996.4468,17673.21,1696.8622,16893.7355,1114.291,21520.4287,29857.0197,4637.5459,4418.8569,5785.2657,10767.7758,16369.5955,7911.8201,3406.2035,29798.5601,14460.7195,20565.0141,3248.609,4956.2172,21875.4699,8278.3135,15408.2359,1760.6353,1940.2432,4280.2545,786.6707,34621.9037,3184.327,2160.2698,75956.6623,4348.8723,21709.9987,5561.0352,245631.8959,63574.9367,2421.8034,34846.5269,9586.7049,900.0161,2640.7285,39157.0972,5561.604,24404.6771,755.1359,67673.0104,24206.2072,17422.9461,480.9395,50432.1376,25220.323,974.2041,87556.8359,130020.4128,53853.3201,35359.4621,4822.4061,12423.4449,2753.1356
SMP_71F5988AE27732B47306,1,520989.0315,43617.1877,154691.3627,50326.0973,28242.4407,956989.045,5041.1564,60423.7188,529870.6243,7771.7282,2455.8926,1872.7639,2560.0199,23187.5405,1521.6354,12305.8715,17085.2821,9182.2579,14926.1172,73212.0818,9884.674,65832.5551,19084.0685,209230.0352,105388.4964,34179.8248,31842.8764,8576.679,8424.0855,1512.0066,415.1095,11095.9385,751.4325,40957.9463,2887.5635,6942.3618,339.691,1639532.735,32804.0164,19609.0618,456348.1939,175465.2979,16440.3952,23939.3038,10614.091,3880.7399,989.9262,4780.1916,22652.0352,11776.2799,4487.3543,5023.5463,140.9552,41805.5554,9483.9594,5055.988,3303.5244,1732.8786,625.8267,6225.6799,3190.2265,16819.1372,8588.3912,20947.6852,15386.6933,3914.2271,197429.2116,2792.8368,7640.783,71676.7277,29446.9616,52088.2674,732.2588,2.2242,3224.9462,1236.9243,3493.6693,3948.4187,1931.972,4592.0253,25537.5899,17645.8711,11273.249,4727.8793,4568.3571,160679.5502,232283.7325,6764.6877,4303.037,6352.8364,13176.9209,3375.0798,77136.7077,165083.8155,59808.1154,75702.8397,34939.3902,125780.6897,1463.0797,134238.5387,3057.4656,4270.384,8974.4501,55890.6684,65448.2043,19538.4787,50265.3536,105395.3745,3781.5899,10504.5169,2143.6205,1392.4657,64580.6089,3148.3101,6107.5326,4350.3592,5426.138,3969.3409,3377.3136,10578.8089,2490.6505,1955.6194,16892.3848,6592.6214,9393.9337,10797.0248,2377.7991,4689.6624,2305.8347,2488.1381,2426.7806,168.6199,2887.5466,2701.6698,5060.3915,615.8645,14592.413,1078.7696,8320.4891,1185.5662,17575.607,20379.479,4302.7363,4073.3732,3657.9804,9195.2035,11716.774,5633.3749,1728.0668,21761.7396,8854.7364,19510.8679,2902.9088,3869.5493,18391.1599,7201.7246,13625.5607,394.7796,1425.2145,5057.9715,755.5972,18174.8065,2630.6146,2801.9343,61040.5919,3109.9158,19025.5671,5204.5374,231687.1044,45582.3519,3718.5083,33291.054,7845.2414,1679.572,3283.5908,48581.083,6020.6657,26025.9969,2853.8597,74205.3928,31710.235,26979.7665,1408.6717,47994.2513,26502.1066,1969.3965,77343.9009,119708.9665,52819.7801,38200.3665,4759.0504,13794.8071,2833.0282
SMP_0C5ED6408A7CBF9688A1,1,499899.3291,44100.1908,139165.1524,44165.736,26744.6325,908574.4667,4901.1776,59251.7061,523397.2705,5990.6748,2774.1819,1902.1564,5257.2419,27547.5643,1767.7786,13796.112,19671.251,10983.9302,26144.0955,83760.3055,14604.0216,67013.824,39964.2431,207025.8375,144852.9477,33198.0468,27428.953,7254.7659,5303.6746,2312.3722,820.3207,11342.7223,1612.5899,64763.1627,10090.2578,10314.499,889.4517,1964417.826,168970.79,23497.38,1403384.215,225989.1273,24106.7898,22982.0764,28039.312,8241.5925,2977.6145,8387.2779,23659.9327,9313.9711,3794.0381,5507.376,679.4374,73122.3594,8251.3428,7237.3005,3198.9119,1260.502,916.7415,13598.8642,2932.8196,15334.9117,10472.6125,27074.8273,20825.3535,1889.3319,147737.3223,4420.6918,4689.7735,48358.3089,31301.8275,23217.9682,1.4561,81.1622,2042.8223,652.738,2998.8293,3265.5996,1999.9537,3192.3464,29590.1435,66360.0451,10377.9811,6882.499,4475.0166,238828.8503,283830.661,36030.9508,3557.228,8381.3205,11796.9244,2598.891,118025.2183,179666.4392,78392.9112,93749.9597,34277.3854,120251.6017,1835.6968,96916.4306,3111.799,3305.8127,12126.1356,57148.3127,48711.8961,19931.07,26918.6719,115575.6922,5267.4795,9423.2651,3747.8022,258.0062,62364.624,7431.1966,4447.0632,5086.6157,8325.4518,4959.4218,4701.9087,8484.9023,2797.1048,1759.9107,24974.2395,6376.1418,10518.6792,13652.2675,2525.6448,6185.7,2721.6575,2359.862,2825.5546,95.5631,5557.1173,5810.6844,8134.169,1153.9897,20060.1049,2149.2891,17476.4181,792.5217,19581.2899,24959.8944,5037.397,6524.3774,5941.7706,15236.2026,15914.3269,3995.5795,3114.0784,25614.7622,11154.3772,21711.6146,3354.0984,3855.7001,18311.4279,8332.8186,17582.938,1565.1361,1278.1971,2852.8499,702.5169,30435.1711,2646.2848,3302.5599,72880.8642,3823.9894,20975.6237,5014.8418,221760.5355,54397.4184,3022.7553,27817.4648,6744.021,707.6272,1874.1116,36429.1934,3792.3479,23719.9257,2017.482,62095.0325,30575.6218,15953.4604,588.2999,43455.8032,21590.3364,2309.0294,67029.3459,122722.5222,44632.9132,35548.0726,3512.9542,9853.3772,2363.3156
SMP_AFC3F6E01D04D31C7C31,1,483591.9577,38865.2261,125591.4427,45363.646,22593.3031,779787.6339,3668.6643,53279.2906,438966.6934,9114.4948,2024.4604,2844.1125,4041.4547,25489.0947,1917.9452,14472.3463,13550.8307,6279.597,8764.34,60414.8118,6132.8613,55197.165,13049.5238,171819.3741,107090.7077,20352.1525,36167.7193,8829.1466,7454.2989,2689.5993,1479.7007,15130.4254,1486.4535,46247.013,5889.4864,8897.9264,578.4388,1534085.715,104676.1846,22195.6287,1266344.792,342700.4185,30739.8972,20187.211,27349.8832,10783.8705,2072.5122,9848.5988,76323.4943,17152.2813,3382.4033,6662.3872,437.117,69596.813,6727.1696,5018.7418,2535.8718,1222.4842,827.6869,9543.18,3231.1865,20458.0085,14575.2312,29946.8758,27976.2274,2591.5824,237127.9841,5057.3327,11358.0431,114337.391,48306.5092,53639.7116,667.9156,773.8745,4229.3288,1120.3403,3301.555,2516.1279,2435.2186,3169.1627,21340.6164,11889.6517,5273.4792,4025.4063,3685.938,146274.0541,209549.264,42309.2771,1841.7077,6225.6097,12941.7007,2990.1294,69838.1031,148301.8373,62173.5563,65243.4843,34114.2218,126019.0633,1258.7206,78534.4311,1912.5998,5064.1254,9700.6587,44368.347,67667.764,14693.7107,30071.6067,68889.114,2887.4882,7206.6971,1925.9859,1024.5435,44701.5541,3219.9744,4941.3376,4785.2586,7338.9518,4500.4007,5979.6431,14666.7408,3418.9058,2653.9867,18552.0766,9550.888,9714.0857,11982.7625,3971.5678,4650.6424,2753.8848,3271.1929,4001.3755,465.6349,4703.1579,1203.0232,2852.5786,439.8955,6604.6265,1604.6261,5051.9397,952.8128,10519.6996,7964.2355,3815.7637,4502.6937,4796.3728,11035.5335,18695.8647,4999.049,2788.1854,36662.815,15125.654,16755.5912,2508.1785,4783.8812,19212.1076,8038.9705,7232.618,530.3852,757.6462,2906.2258,441.9648,12421.5588,1235.1753,2976.6273,54982.4225,3917.151,29180.9035,7692.2065,268073.007,54642.2003,5154.3696,54766.6547,10768.8788,1844.6614,5001.3058,46382.5668,7932.6848,26224.0543,2879.2406,68785.6107,29766.298,24230.2175,2024.4243,57490.7237,27832.7899,1282.9578,86000.8949,148877.7593,53229.1796,53005.0638,8089.6555,23901.9725,3098.8931
SMP_06C195C866FA957B0691,1,502370.8868,41106.6406,132939.8638,43284.444,25765.1362,865469.6507,4348.2888,52340.571,516181.2967,6839.9855,2811.2613,2486.9872,5735.5886,24480.9601,1342.3276,15039.7503,20350.7845,12698.7321,21604.9935,105816.6633,11883.5344,86763.1087,25883.4601,259459.0557,109510.9084,45007.4857,46700.2693,8387.6505,11012.3852,4113.6659,890.7971,10814.6381,1544.7418,81094.704,12517.631,12526.9801,826.2162,2046805.365,175874.7103,24764.375,1448475.813,172563.3732,24752.5476,30265.8457,21093.9742,4977.2328,3940.7004,5016.2584,21992.8312,8542.8288,5638.8304,14097.1246,278.5769,35700.2948,8914.3089,5078.2681,5245.9289,1406.0336,580.1096,8677.6389,5342.908,24497.8345,12708.4909,34363.0037,20002.6996,2712.1943,184926.2722,6546.2958,6408.9968,72663.0347,55542.2649,38671.5644,446.2105,2.3744,3460.8612,1754.8928,3143.7268,4726.3177,3661.7265,3577.3794,25579.0675,55074.2219,10879.7412,8883.2435,5061.2882,247160.7346,262129.0561,7504.6475,7463.2378,10018.1227,12369.2803,3159.1784,147454.5159,180200.4754,78292.4008,97347.8457,35026.0023,142361.8526,2867.8051,126566.6348,2838.3467,4285.8378,9818.4947,58545.5132,56838.1784,29230.7202,41800.6793,114600.4706,7960.469,14658.0673,4555.6573,1426.5319,63172.6917,8086.969,6129.8076,3520.6686,6272.7971,2306.8202,5081.5783,10690.5437,1304.3385,848.2963,14849.1791,7026.2428,9831.2147,9110.1444,2901.0548,3191.0196,3260.41,2663.4366,3874.7597,90.6678,4990.4657,6775.0391,8292.8977,614.3164,25030.2565,3444.8689,19398.4713,1358.2303,21202.6929,19010.5793,4398.1422,5617.3077,7025.7194,13557.5003,15919.9991,5421.6631,3642.9897,34732.4714,10082.532,16566.052,3768.5456,4302.6965,18366.6128,5080.8138,11289.3829,1373.7857,3145.0285,5311.2995,1019.2709,24027.5926,2915.8892,2612.0332,73261.5383,3540.0687,18842.8096,4555.556,210978.1185,48931.8919,2173.0052,28447.0285,6564.7574,1276.1471,2360.9366,37674.3268,4666.9314,25440.6309,2398.5995,70120.3809,22928.8849,17423.4219,248.4559,41425.0571,23034.0097,934.1056,70245.35,99436.256,45538.9958,23685.2035,4243.585,11302.4656,1210.936
SMP_D3C65133B96524BFE488,1,493847.5348,47979.6882,151824.1323,43690.7629,24510.8011,901893.4098,3737.09,54659.8428,499347.2533,7395.6762,3556.0864,3246.4594,3605.9829,28818.8141,1936.782,15351.9379,14740.1027,9937.7313,5631.6705,79826.8807,8402.2839,88995.15,14127.2257,237847.9128,106286.7445,30378.3486,36190.1853,9647.0972,8380.8953,4003.5246,944.0156,19264.0861,739.8208,45875.8741,4145.3416,7825.0861,628.7021,1370576.625,29655.987,16270.0727,415857.8646,108056.9731,11166.9455,21647.045,8274.6898,2325.069,1244.788,4641.1355,26908.5103,10373.1061,4381.5397,20554.5551,307.9211,23729.6758,7503.7054,3955.3785,3681.3863,1250.2135,641.2237,14429.9139,4719.7485,28580.9235,23781.0781,41864.5989,32534.723,3055.7603,175535.9588,4006.422,6311.3277,69515.6066,40842.6091,38898.5934,576.9751,304.6856,2873.2585,412.2678,3644.1227,5387.5009,3036.3274,3479.3437,28184.5743,33515.2399,10446.1017,9352.8492,6330.847,194780.7496,249279.6501,12750.0261,3928.7332,11208.3596,16996.6899,3251.236,96798.1953,161184.2903,73074.0964,76477.8091,37382.3973,112563.8424,2351.0466,82451.9016,3589.3208,4598.9034,11718.5364,44171.0762,45535.2518,17394.8524,21816.7935,81123.6827,2330.7771,7711.17,1598.7191,1384.5433,48626.6665,4488.8197,4913.1563,6029.681,10304.2192,5302.3761,7620.9959,18665.7907,4131.8732,1435.7288,17320.6066,8478.5943,11127.8701,10149.3434,4380.0143,3479.8647,3231.7867,3451.7013,3521.8267,230.2219,4847.7049,3354.9783,5015.9559,1365.6388,15567.572,3343.5785,8092.4831,1461.9346,11747.8511,8932.696,5040.0475,7195.4472,7737.549,18698.4873,14746.9974,4326.3098,3896.1864,33379.8999,10727.7397,14963.2088,2654.2733,4798.1852,18930.0267,5638.6244,11900.8253,1081.5763,1326.1967,4539.9506,571.9805,20043.3938,3549.1916,3101.4696,71973.2281,4439.8076,27170.7332,7446.5683,266154.8252,53376.947,2100.4209,44505.95,9354.3426,1771.3699,3431.6753,42826.2999,6500.6821,32342.8921,3318.5674,75153.2199,29743.8751,22548.4789,440.9041,70569.6577,39282.3422,1707.9223,91214.3684,129346.5896,58218.0782,42446.256,5743.0057,15156.8218,2174.0187
SMP_26EF53C0F606AECA0CB8,1,502971.9746,42526.4779,150378.0532,47151.6683,28015.0848,916484.64,4023.9004,62149.5456,503333.3625,7818.9708,2099.3282,2627.95,2788.5013,21534.647,1260.9223,10065.5384,16076.8023,10630.753,8717.0565,78318.9547,9936.9445,82822.0156,18799.471,233788.9888,106943.5897,35018.7986,34689.4116,8533.3209,9079.8247,2429.9509,829.8085,8820.5147,2103.2905,44216.5231,5064.5287,10387.0091,381.6186,1322833.041,70563.9106,21936.4345,908404.2896,237829.3301,22095.2634,17199.889,18642.0937,6285.8812,2058.8121,6733.9021,23655.3404,4618.8636,4091.0652,5309.2484,631.0779,48327.6151,8523.9239,6184.5709,3465.6462,1411.975,689.0555,12874.2001,4566.2611,21134.309,14098.7441,26471.524,20748.4327,3295.4244,184321.4638,4475.6749,8113.7952,88709.7361,55669.7718,76405.0561,975.5405,734.1461,5557.8985,1191.9627,4840.1041,7849.9649,4509.1907,5142.7285,26772.3702,26032.2559,10472.5106,7144.3368,6572.4392,177890.5007,251348.8773,24136.2308,3723.7058,8194.4,16424.5135,3796.6382,104861.2483,183550.3404,82031.1936,85932.2408,60233.3529,117420.5191,3169.0435,71664.1358,4201.5132,4922.2085,16522.3614,58318.179,63330.9117,17951.2121,21757.0405,79482.3263,5434.3497,8993.2808,2661.7855,2383.995,51826.8956,4827.5898,6115.1726,4452.5803,7345.0437,6541.7855,5181.8776,16622.0571,3724.1916,3443.9852,16630.2965,8768.9748,10615.8851,13100.7302,3271.2557,4306.7825,2913.9544,3041.8134,3701.2232,261.3923,6326.1319,2319.4012,4111.2457,430.964,12420.6794,2236.9669,5924.0149,768.3993,11668.519,7164.4891,4635.7338,8310.3205,7668.0395,23375.0768,18411.0517,4516.3484,5218.2508,44559.872,16709.3426,18668.4905,4811.5403,6130.5895,25507.9224,9765.9447,12874.6882,350.0905,2363.7343,5648.6003,948.9443,14952.2647,3618.4696,3194.642,75232.1156,5218.4666,27032.7015,7474.8802,259874.1005,60044.6934,2369.7578,39562.9028,10556.1202,1933.4667,4606.673,48179.8823,8093.0425,29600.3987,3005.0292,68906.5799,27950.775,24116.6083,1453.3271,57361.2672,33229.7081,1347.8326,75644.332,128415.9687,57208.0072,41800.3728,4787.3642,12569.1498,1986.8524
SMP_D4D8B86E1A2147261EB5,1,518266.6117,42568.6918,148880.7307,44535.3396,25956.2337,875686.3564,3755.961,54425.5295,527642.6713,6671.465,3064.2049,3812.2756,4866.5339,30053.065,2119.5266,14908.8627,21815.7377,13847.0539,21710.7114,101581.6547,12946.7837,92857.3885,27286.3611,257063.2387,115118.5784,37330.4947,45650.6849,9856.2696,5537.1882,2553.05,448.3718,7414.6518,624.113,33655.235,3187.8435,6962.507,283.3191,1103713.324,34231.2325,16156.2301,392846.7666,91926.0182,15705.76,18848.5421,9678.6767,2824.3531,2258.7291,5556.1017,33177.3156,6569.1738,3952.6248,4879.55,158.11,20736.8601,9619.9727,6092.2049,5070.2792,1430.8715,680.0468,14444.6837,5390.3624,26345.3161,15888.3605,32213.3703,22078.552,3957.3908,240679.86,5680.7594,8446.2399,87075.0109,43958.9455,36339.1775,1130.4954,165.0806,3744.4585,855.8724,4819.5848,5581.6225,3821.9951,4363.3302,31834.0659,43854.9949,9283.2246,7181.0186,5079.1044,220649.4195,260412.8136,42102.912,7021.7651,8646.2967,12510.744,4239.7953,115316.5845,185678.6981,71617.0527,110356.1268,30117.0313,161517.4291,2475.0311,113591.3456,3211.9065,4204.4012,10936.5625,69096.8127,66692.3604,22941.2911,33042.2306,92575.1635,7536.8529,12596.094,3657.7258,1137.0771,55196.193,5590.7813,7060.3498,4641.2589,8249.6263,4625.9976,4849.2903,11206.5827,2825.739,1602.4656,21310.319,8122.6192,12947.9408,12054.2838,3624.512,4112.7132,3069.3838,3178.8693,3964.4163,2.9685,4892.8729,8007.6393,9044.913,678.974,28034.4251,3830.2767,18739.2605,1472.0926,26521.9951,18107.4481,4696.0596,6072.5384,6335.4493,12978.5832,21928.6982,4737.1136,4376.4708,37751.9014,13961.9161,15075.1615,5379.9225,5160.5685,15018.9677,5796.0879,16440.2569,1783.8006,3798.6157,5972.9552,1427.7241,19725.0269,3928.6358,3519.4576,90973.7729,5582.8918,25925.6455,5295.9915,237913.4966,61193.8954,2319.0786,38137.5154,10271.7928,2154.0392,4283.2642,46950.0188,6321.3878,31529.4622,2469.1363,83844.6246,27312.3819,23582.386,993.5187,58511.9479,32658.6813,2320.0084,83168.0581,123708.7559,54956.5381,31415.6089,6998.6677,14708.8087,1845.0308
SMP_912599BD387B9ACC8CCC,1,499764.5893,38793.3761,131839.5543,43374.8109,24036.9736,836631.3422,4071.1171,56330.9203,500174.2441,5810.0736,2541.6892,1931.5687,5380.0778,22315.3133,1652.9676,11411.7326,19284.4975,13311.2241,9391.2739,101202.6632,17887.8452,88655.4776,14760.329,302742.397,165146.047,69623.2419,41896.2363,9223.309,129.5645,5362.6494,1399.4085,11961.9121,1402.8782,74671.5893,10909.4912,9410.777,751.6783,1796570.682,169331.8025,25322.6973,1824081.643,398298.9813,37847.8821,20068.6895,50235.8683,15010.5891,3277.5003,10299.5854,32745.1575,11724.8766,4850.1789,10869.844,1134.0543,85934.3269,11495.6857,9607.1648,4896.3589,1554.0703,1611.3865,7595.6749,3117.2998,11783.4922,7309.4738,18299.0574,15001.5479,4214.3156,189813.9022,8234.2204,6629.5894,75002.168,60105.5295,48427.5716,279.9725,364.3796,3819.0508,1381.0362,5368.3063,7008.9652,4923.4125,8177.8183,27919.4427,65986.9772,13985.6428,7384.5049,4080.6755,247029.2252,280488.6594,28391.4308,10523.3208,8378.8731,13222.8452,3287.875,138536.437,202058.2959,82180.8418,85292.1114,38582.6039,161457.1721,3314.1668,149324.09,2844.7719,3556.5893,11668.925,61229.4034,71768.9169,34055.9593,50852.0269,135911.2685,7913.1765,15905.0071,4828.5671,1101.6589,88139.8685,10139.6548,9075.8456,3695.4787,5337.7048,2155.7247,3614.0913,10400.9172,1332.2672,1239.0717,13796.4734,6717.575,6014.1654,11263.8147,2481.1678,2965.8091,1162.5857,1672.1447,2259.8181,2.8489,3503.7118,8978.8252,7789.6541,1504.6988,28717.4441,5365.9798,20054.178,1429.4835,32704.4164,31529.6479,5958.7855,4313.6988,5368.9045,10435.8866,15032.5939,6502.5009,1695.2199,30611.565,13902.9075,21274.2835,4124.129,3267.4591,19430.2651,10105.3753,12906.7465,895.4567,1621.8443,5524.6976,1864.949,23851.0289,4008.4689,2215.109,63605.529,5273.033,14108.1514,3180.8469,177648.2487,67250.7165,596.2942,22752.4481,9285.8301,1375.7715,1098.0407,30799.5376,5193.2079,20292.7403,1504.3389,57255.6867,27326.9204,17906.6904,787.5127,37790.7921,26024.0825,548.3754,64133.7605,113738.7027,53783.7296,38596.2982,4043.8119,10817.6525,1537.3511
SMP_BABA489E70635A6F9B6C,1,486765.3076,42221.2925,133978.1508,41139.7663,26121.5582,844519.2703,3527.6789,79981.2196,482432.1166,7177.0754,3146.0768,2913.1589,3983.3871,26836.9639,1707.9878,12325.8936,19884.4608,12380.7727,11793.2491,81192.8369,10076.6192,78199.4314,14741.1602,172451.2732,93132.1926,28136.0302,24549.3537,6448.8015,5680.498,2586.3063,425.9886,9202.447,1809.5889,82355.0807,11280.0913,18328.1024,966.4923,1794477.026,179915.5658,23740.8284,1697922.266,422972.4717,40149.4974,21919.6832,31000.0991,7748.1177,2643.238,11236.2546,35710.1289,12555.9567,5884.5965,9275.4069,706.9552,55213.9633,11300.1532,5932.8546,4639.8507,2056.9088,476.4039,11955.871,4165.2598,22008.6201,14592.5388,23712.9144,17689.8452,1406.9403,130088.6158,2265.6225,5434.2747,64341.2337,29157.663,23190.0521,812.4369,190.4511,1808.2795,128.44,2089.2988,2673.1597,1553.1095,2117.7636,30848.5639,24093.8607,6957.3411,6375.9434,4946.9076,183658.7514,261188.796,34426.44,1735.406,9427.3935,15561.4678,2325.0697,102898.9629,187478.5888,77187.8999,81882.7128,37804.0128,104227.2836,2413.7433,69709.8184,4872.1065,4092.1712,9492.8253,54810.8024,49310.4442,16070.2542,24685.8387,85894.5231,4708.6308,10285.4821,2092.6061,1580.908,56870.356,5090.6996,6498.8915,4461.5209,7600.5047,3926.9978,3426.7969,10863.704,2651.3793,1391.7724,16617.4895,7653.6185,10888.7491,11161.6266,2763.8877,4906.4885,2579.9203,2987.433,3196.3325,2.4559,2930.1639,4022.3773,7682.4319,493.313,22935.6997,4328.794,10175.4706,1098.0022,16167.2716,13800.6871,3638.6165,6299.0547,5006.5139,12855.6876,12444.2172,4218.9566,2500.0331,26308.6494,9830.814,13073.4405,2703.366,4635.3532,18590.6141,6486.2742,20465.7603,2235.3433,1805.1765,4609.6674,1051.1351,25064.3718,1961.7786,2639.8528,63565.8804,3383.0975,21695.6539,4741.989,216855.601,44466.7066,1556.931,29265.6435,5554.382,1208.0447,2775.2996,39323.6283,5042.8508,26303.6877,2703.9779,60422.8727,23677.7663,18331.0573,817.6462,45676.7538,24378.9243,738.592,53065.3505,99599.4959,39803.8195,29169.9251,3488.7243,9668.3985,1411.1939
SMP_08371C8DC7F6F87838DD,1,502301.0675,43621.8787,131322.8704,41453.8098,24539.4939,836184.6701,4119.7805,52447.2892,449843.9253,6452.7374,2828.4959,2692.3054,3315.0476,20836.0429,1535.1797,13226.2339,18502.2725,10748.2259,19038.9407,78173.6964,12574.4881,69587.6043,26168.8832,213451.79,95866.0811,28294.3415,27749.9916,6860.8672,8419.3751,2215.9273,654.1671,9999.6113,1653.8521,86252.7099,13267.9644,11188.4786,809.5057,2093386.997,226603.2503,25868.8444,1901099.279,302042.5939,24799.2877,19948.7222,33496.0975,9565.8672,8727.7956,13441.5158,56871.7283,9208.7794,4325.4605,5852.9152,908.825,57056.7788,7418.6924,4802.5457,3054.5571,1318.2582,588.9607,6394.3902,3669.0622,16680.1309,11019.0352,24115.1874,14800.0743,3143.1613,151633.2125,6258.159,4978.0129,53597.3345,33547.2671,21750.851,267.4272,1182.9132,4115.0816,536.2156,2336.2533,3174.9304,3359.7777,3448.6854,25568.4533,69423.2384,14000.1392,6056.217,4035.2574,221671.9638,235211.3842,6186.3829,6305.9699,4767.2591,9039.8691,2766.4518,126876.219,166025.4729,71843.2895,120348.0479,33943.1603,141018.9187,1522.553,103704.1696,2717.257,2923.8629,11511.3053,80944.8809,65675.0416,19093.7685,30947.6109,80533.7712,8414.3411,10585.3473,4430.0154,1591.9991,45713.4086,5025.2709,4455.2571,3748.2336,6199.0574,2213.2608,3479.0063,8134.8791,1692.8459,274.5702,17559.353,7939.3399,11711.6459,11148.6195,2645.0638,2744.1081,3198.8473,3182.3301,3836.2487,157.0933,5664.3068,5364.1685,5438.3742,644.1885,17760.3478,1925.6238,14218.1697,1200.5785,21972.9982,16516.9689,4334.1266,4372.6463,5839.4605,8749.9594,15382.5714,3005.4957,3047.8971,22054.452,10769.8606,14850.1955,3292.3569,3680.9285,11014.6145,5067.1054,14196.0411,2857.1849,2134.5756,4137.6875,566.3962,20685.5618,3277.0736,3508.8312,84479.8498,3462.6735,20789.6555,4975.5685,212319.8097,47500.4802,2463.5444,33367.6699,7055.6862,1035.5903,2488.6228,40671.525,4597.9004,31751.9519,2042.0766,74964.4898,31837.9105,17192.9395,1010.0016,50662.762,26037.859,577.6208,74318.1309,113940.1523,47925.8682,29530.0908,3768.6467,8893.7159,1003.8609
SMP_02C5200DB7B6489271F2,1,518271.3768,40820.7777,139521.4908,43338.4531,27064.9126,851485.2809,4405.2868,63737.4002,500511.3843,6163.065,2479.622,2901.7609,4465.8184,30737.8198,1925.6705,18733.5219,21635.5647,12220.602,26125.3908,102843.2563,14111.7405,84565.3602,31816.1589,255880.7901,135298.9154,34553.7756,32090.8029,9492.0691,82.5539,1272.6573,615.2861,6424.2737,688.4154,53479.9949,5169.5632,10787.3382,748.453,2042910.154,120792.7651,29386.4539,1684246.994,525003.6307,49446.6537,24571.3009,39915.6088,13749.9107,2249.4425,9020.8759,41194.9022,9120.8551,5203.8592,5611.6743,1065.6732,48053.9409,9570.9018,5283.4717,3534.368,1892.2515,897.4249,10966.6976,4205.1989,20017.2515,11364.2423,25098.9635,15509.2288,2018.0002,154297.0719,2755.0696,5043.807,50776.3803,26053.9644,38372.3807,190.917,449.2642,1519.4853,604.3956,2601.8353,5080.4751,2181.7794,3524.7865,24357.4277,28510.6727,14826.0006,4357.2221,5708.6779,178483.2139,318091.7848,73100.5841,3391.4386,5555.9725,14981.0922,2406.2203,73015.8344,177806.1731,82710.8557,91319.4884,49758.0048,123323.3031,2882.4839,94590.48,3141.8617,3145.8219,9385.0976,42088.8983,46468.7426,16393.5417,21930.0359,84596.7106,3014.4153,7006.5949,1136.7129,1059.5168,35511.5223,2235.155,5026.1761,4075.8789,6693.5386,5317.6851,3642.4861,12597.9212,2144.2576,2469.3755,13848.0519,6188.2608,7854.6523,10650.6492,3008.6075,3721.9282,819.6386,2562.4794,2029.4241,212.557,3230.7885,2906.4316,13134.1187,674.3627,35182.3758,5096.5668,19180.8517,1554.121,22383.4154,22612.6301,3594.2052,7548.1696,5778.6698,21181.4719,13615.8991,3603.1647,2755.4992,34395.7077,12161.1912,17785.3827,3916.6533,6013.4313,18882.315,7270.7442,18936.2174,1350.7447,1004.5973,3262.8554,336.9785,17642.1717,1385.1734,2931.4868,80854.5041,3246.3316,21620.1306,6614.9309,230974.5888,58234.292,6031.1737,49572.8188,10014.6515,2196.239,2974.4955,49380.5167,6407.4578,28197.6127,2191.0281,82912.8388,29397.2952,26062.6362,1215.4024,54373.9979,24179.7726,1401.9605,76688.789,112523.9307,46323.8017,33809.9061,4981.3563,10013.5443,1885.9018
SMP_787BA1A25463487C4CD6,1,498145.0412,43692.162,145558.0207,44515.5349,25962.1876,844787.0311,3659.3271,65454.8307,543682.5699,6696.0989,2475.0931,3718.2656,5217.0879,35504.6723,3021.2087,17183.5637,21377.8999,12889.5351,11318.0296,104726.527,10582.4329,110109.2251,16555.7522,276619.7841,154936.6498,49973.836,41140.4485,10669.5992,7337.3805,3919.3892,744.3606,8089.8083,1336.8984,47814.84,4589.2791,9422.3286,417.4407,1358354.827,58001.5887,19503.2436,762396.3888,179162.5036,16980.7186,19630.8878,16306.5974,4570.268,1905.1228,5200.1315,21603.9677,4129.7608,3918.835,9627.5595,52.1204,17698.1211,9497.134,6089.9574,4824.8413,1266.5487,290.1805,16100.3755,4250.6092,20111.7108,15457.0392,25203.5451,20650.6385,2659.2841,184879.7124,4181.8727,7772.6676,101415.7381,56285.2305,70890.2871,540.885,450.0044,3772.2779,1242.0658,4086.3315,5994.789,3397.5678,2104.5689,28691.9734,26106.4382,8346.2667,6254.3644,5993.7715,196208.0807,281217.6315,23053.3338,3243.6033,9902.1468,16756.5595,3147.3864,112756.7217,195519.3597,104344.4961,86000.7434,72101.0919,140114.0035,3045.1329,78428.8786,4683.818,4319.6163,12317.7392,54288.5455,64284.6089,25070.1382,20570.1583,69458.3205,5464.8299,8980.2408,1810.5934,1115.6408,36356.7902,6403.3538,7245.6213,4912.1164,8758.0399,8176.6908,6639.221,14786.4226,4316.8778,2930.6393,20111.4667,8797.0575,12575.8144,14818.9042,3841.3931,2725.8794,3105.0864,2963.7439,3995.9028,2.791,4771.5322,3324.8383,6830.7818,845.5825,20145.3658,4237.997,13007.394,1367.9451,21215.1161,9260.5524,4085.0579,6539.8734,6372.4347,16766.5471,13885.5258,2613.8303,3312.2483,32214.7401,13478.9522,12201.1946,4658.6761,6268.9891,13056.2866,5026.9331,14576.7819,1721.1085,3757.5773,5664.7883,1456.5851,14351.2969,2400.0261,2558.3418,65241.0381,5002.7949,22619.4406,6811.6928,272446.8643,70747.8221,1704.7921,44652.3295,12728.4579,2320.3867,3627.4292,40932.9656,8835.4541,27189.8587,2179.519,68562.2605,22388.1006,24070.7154,1447.6561,57795.5251,37044.6572,602.6056,74488.1313,122770.44,60683.8323,40336.6567,4638.9777,12004.856,1648.0654
SMP_A689C17147D7CD46374F,1,498755.5331,47074.1632,145986.988,43894.41,25768.2719,858449.1606,4070.0368,54614.671,522809.2346,7688.0269,3579.8886,3464.7392,1877.8938,35390.9761,2120.1086,17137.7854,27341.4581,18188.4344,3594.4458,120213.1828,14547.027,108048.6527,8171.0312,269481.9742,133028.6954,55755.0486,38594.8179,8200.5282,6537.3803,2243.7801,954.4944,9968.6286,2299.5518,61310.4266,5858.3514,10296.1313,755.3667,1686538.144,83028.285,24545.3834,1078951.727,175792.0271,21269.6472,25169.3322,22339.8936,5175.2234,2283.8763,6689.3209,30022.3168,4958.3539,4377.8764,5554.8624,523.8445,32457.6707,7450.9459,6366.647,3343.1586,1123.4272,627.3683,13464.6697,4311.2038,24240.7965,16038.6746,28900.8218,22031.2886,2602.8229,153811.5954,4429.6953,5659.9576,58308.5309,37903.8235,29790.49,567.2031,523.881,3224.4334,525.8858,4329.8182,5623.3212,3850.3926,3918.7557,23633.6574,47613.3689,11414.613,9695.7838,6526.8116,218327.049,234637.8327,21668.3732,3793.9555,10332.5598,15336.0433,3616.3918,106209.1195,154223.525,79587.5266,95405.2288,41925.8312,101536.8064,2764.8204,77400.0254,3565.2471,3710.2629,10943.0618,59554.3975,46267.1752,18270.9672,19477.1023,74928.811,5243.4086,8956.8262,1647.2882,247.3712,43066.6116,6315.3029,5668.0889,5232.5174,9341.0914,4639.268,5656.2193,13059.068,3248.4317,1339.4617,19382.6008,6420.9867,11371.0783,10153.5929,2191.9929,3251.3888,3010.4901,2551.664,4040.1261,202.4993,4718.5187,5212.6854,14513.3022,837.4875,29771.0269,4042.9046,19981.0744,1284.3443,22787.6446,20969.7737,3087.4511,5585.4892,4890.287,11297.6736,9065.0376,1582.5465,3728.9133,18858.7939,7260.9177,11544.0995,2305.3651,3768.4152,11042.5852,4217.2577,14390.7456,2829.3454,2039.1591,5632.1096,1381.3373,17998.4637,3247.616,2920.6568,77631.1405,3799.3119,27758.1722,5555.9316,256008.7677,57544.8611,1001.5588,45689.7341,9065.1716,2128.7597,4612.4781,54395.5986,7202.1204,36379.0743,3731.5415,81155.5577,28190.7425,26109.5358,920.8032,60422.4248,35727.9497,780.2048,82749.8588,116133.5206,64073.5083,33033.4955,6305.3367,12593.2585,1668.0454
SMP_2A6AE7BF37636FD8396C,1,502210.0599,43429.8187,153087.9412,44255.9189,26560.8145,848358.8921,4209.2799,69935.5911,525285.0067,7400.7756,3585.8196,3327.0815,2971.2615,27728.1361,1392.7206,16128.2056,22465.5878,13018.9451,12589.3407,87135.5344,15075.2371,78390.6576,20254.9418,218015.3797,148628.2648,30824.627,34119.8518,7851.9063,7446.1759,1623.2276,341.7704,6715.7466,1318.8333,49493.0257,6206.8668,10810.9909,1200.0988,1612784.883,90838.8365,23189.698,1201936.973,269149.622,23560.5532,22093.1732,27824.9598,11993.7549,3750.5283,10191.201,38330.0073,8405.503,3950.9307,4506.4688,555.5846,41251.8242,8428.9308,6367.5383,3276.5419,1544.3123,429.6291,8589.2836,4331.5781,17497.761,13977.7078,24360.5082,21583.1861,2692.7228,189946.1881,4379.9711,6299.2651,69834.143,47956.6649,49379.5861,697.9766,295.275,4249.3824,908.0322,4553.7681,5403.1335,4404.3213,4886.0206,23296.9038,26808.5979,11729.3659,5254.0981,4886.8583,191096.4953,261966.2904,4608.7628,4551.2289,7228.4096,14135.4202,3747.8876,89644.7559,181256.9202,83271.8825,98176.7687,51797.5736,144398.3514,1626.345,92591.3822,3562.3548,4398.9819,12076.4682,59382.6363,60017.1078,22894.2672,25092.7193,76671.7094,4625.5433,9192.1106,2396.3911,834.1454,40292.3353,3422.6819,5020.3105,4556.6688,7600.4876,6137.0523,5067.0817,12940.4697,3909.5478,3193.4468,18356.3501,8248.364,10987.7441,13186.8791,3660.5924,3631.4812,3554.803,3566.1977,4983.0904,703.6659,7031.428,4852.1821,9627.999,1129.138,25339.5842,3617.0532,18227.1605,1558.7673,27248.4119,23990.87,4103.2306,7128.9758,7067.546,15237.3897,17872.8209,3283.6415,4059.5855,31536.5691,17890.2327,13942.772,3202.4191,6735.5913,13312.2706,6991.7074,11831.4829,1647.9497,1372.6504,4226.2293,355.071,12853.7884,2799.1237,2923.478,80430.464,3164.5206,26943.7326,5599.1598,231143.2422,50429.6872,2426.1973,42204.3954,7622.8646,1545.2405,3464.4048,44310.0637,6338.3117,27679.3624,2481.0035,60448.1541,37583.0567,17580.9938,1221.2037,43610.2459,25264.5219,802.924,60311.6531,129977.8418,43875.8935,41382.9866,3858.3671,14139.4314,1775.796
SMP_2FA0322F7BABCF63F8A3,1,470702.4613,41143.1497,133154.1043,41005.2071,23529.7733,787729.0252,4172.46,61956.1257,441235.9767,7799.4491,2309.9941,2336.163,2564.2463,22065.9166,1666.3053,8831.6998,13898.5544,10564.1722,4320.1161,75692.1783,8102.0005,82306.8929,12869.1366,246580.2447,103902.4728,41063.9548,43828.5484,6633.9813,7507.4861,3177.4104,708.0618,13483.8584,1801.0119,93853.6385,17041.6405,14366.1448,1169.4922,1987373.577,264924.8896,28810.466,2087285.73,330057.8967,38118.8523,17794.3689,42745.4733,8479.6477,4686.0834,8065.1739,27983.3825,12917.0062,4413.8715,8443.4648,1213.9429,75928.4016,7874.8524,5316.5506,3404.7668,1164.8807,729.0209,9141.6822,4008.1296,21260.1466,13928.1956,29440.3742,19073.6217,3051.1837,150250.3567,8583.4838,4614.5252,51972.9764,51652.8977,31230.4561,326.7994,105.9774,2505.6437,727.4805,3271.9874,4726.9859,4030.7977,5414.6186,21992.7105,64554.0992,11734.2204,11353.6643,4526.6106,227633.662,238853.8794,60704.1758,4770.3588,11477.7497,13983.3206,3500.3897,117325.6735,153630.9774,74227.218,78186.4569,36103.1143,117395.3435,2415.3634,113235.3959,3396.663,3634.9955,8119.0342,46940.0699,46589.1845,23493.8862,31422.0539,78289.7097,4851.4682,9845.3037,1601.9528,1551.0884,42281.7514,5382.29,4809.5837,4598.4976,9025.7203,3696.6411,8975.05,12726.3698,2593.5163,934.1016,13119.6525,7202.4035,8790.5041,9873.645,3368.8056,2292.8941,2867.8045,2415.2825,2925.0207,208.6484,4195.2865,2835.8747,4926.468,525.5839,12169.2032,2063.2124,9562.0821,1016.7532,14872.1012,15460.0765,3774.1962,5320.7651,5446.9313,12826.7514,12186.8273,3093.8673,2855.6048,21056.9678,8016.2367,12266.0261,2035.7234,6264.926,13553.7156,3936.1525,16126.3093,3153.4345,1618.5922,4157.2906,817.7011,26512.9862,3254.3537,2643.1077,70464.5078,4395.057,26548.7857,4788.5178,240304.4,53932.0021,878.6757,37136.279,7198.8936,1607.0526,3706.7724,42573.7872,6922.4005,26969.1824,2158.4841,65758.2781,27142.1012,21615.8249,716.4246,45194.8977,28769.4475,277.2893,67755.8898,127275.2534,55987.2516,39584.9218,4763.7395,15035.3801,1856.0864
SMP_394D7463906B3C6DC881,1,506345.7904,42305.6469,141638.3778,45076.0045,26152.5973,898917.9807,3648.6841,68014.2832,494542.6725,8326.12,4208.5018,3633.7599,3237.066,27127.7674,2266.4195,17037.1099,22886.2162,15740.9403,11112.8564,81274.0078,10660.3545,88585.1475,18148.3501,202702.5525,92880.5806,31695.0772,53803.318,8294.1038,2321.6884,1629.773,583.7262,9566.596,1387.8852,71222.6236,10616.0446,15961.4474,754.619,1720502.303,196283.5612,23374.9051,1630445.902,218394.2387,18086.6759,19231.5892,23386.9224,5159.2619,4477.1144,8342.0855,50957.1122,6884.4924,4093.6894,10457.4905,460.5717,31601.315,8063.1114,5186.1821,3604.6644,1177.3554,710.1875,12595.5563,4421.3412,18791.4433,14023.4823,21219.3838,15142.0035,3188.9416,184518.5526,6177.9838,7568.8702,80938.868,42405.0888,29034.8523,538.3609,80.7253,3680.905,597.4782,2439.0493,3929.7672,3148.6593,2991.9827,26230.4654,41716.578,8130.7816,9313.0369,5895.641,204817.866,238095.4609,30125.4061,5191.5927,8620.5066,14868.4763,5216.0039,126163.157,182298.9621,74353.7369,98787.039,33058.294,156426.4477,1843.4982,74084.7871,3573.2812,5709.311,12168.3433,72074.3017,80027.0962,20472.1139,26118.621,87897.3216,7856.7883,9190.6392,5952.0728,1473.3701,55973.395,5532.634,5357.6446,4798.7817,8568.078,3007.1714,6235.0523,12376.388,2376.9913,1373.7987,21237.8909,8282.3824,13905.5585,11867.0574,3004.0696,3069.5873,3021.0453,2528.616,4029.1903,112.4417,5873.7425,3176.4926,3454.4407,1227.781,9877.9338,1337.2999,8024.2315,1549.6314,16411.6686,8105.0839,3549.1968,3885.4516,4480.3528,9962.831,10206.9955,1342.5201,2546.1361,20592.1908,8463.4885,12584.1751,2833.9366,3186.2429,9989.9844,3171.8489,11346.1448,471.5796,3010.2639,7524.0326,1273.9619,14320.3507,5931.6385,3830.6805,106913.8621,6221.0669,31024.5529,6275.4939,255687.5413,59904.5896,2118.7157,48184.8161,11953.5837,2101.6392,5381.4512,55360.7173,7116.9893,43180.9993,3499.405,81373.7203,31109.0968,23877.7228,1120.7524,66999.4033,37035.8876,1036.0627,82922.317,114072.3343,55797.7358,33496.7516,8749.8115,19712.5126,1623.0112
SMP_CF5CF838CF9A0C566988,1,513770.6043,41336.0548,145496.1293,43958.8606,28029.069,871024.8439,3979.7483,73437.3805,543389.2434,7155.908,3027.6139,3516.5578,5262.2582,29124.5021,2143.1678,14490.6859,16780.9781,7456.6614,25256.603,80675.8048,12534.3978,65822.1814,38070.7675,235129.1657,152034.4992,28115.1378,33379.1705,11483.9874,6112.3548,2032.132,646.1115,8469.3227,1849.5299,65074.8438,7057.8956,13373.0137,812.196,1860402.986,147356.5442,24662.2541,1668320.374,346079.9243,46603.552,19834.1528,32522.6917,12397.98,2815.5898,10670.3964,49079.6962,22315.1413,4082.8381,9747.7368,1090.9911,81587.7327,11684.6416,7972.7269,4539.9303,1854.6262,533.4212,17538.269,4403.1555,22361.0822,12842.9145,41773.8535,24175.0205,2375.0106,222750.465,5397.7357,10038.2084,102813.8317,46404.1809,48253.6522,694.3423,611.7598,3861.2273,1134.7149,3614.8258,4050.6412,3962.4838,5550.851,29680.0302,28076.335,8055.4601,5890.8212,4930.0274,186068.5239,272935.9462,6990.8564,4825.2985,7388.2963,12777.7766,4078.0343,108430.0566,210815.1304,68020.777,83000.2747,36965.2579,179844.8642,2716.8571,165168.3681,3276.0003,4960.3377,16651.8577,59323.3206,90536.6162,24490.0407,61574.8679,104701.2262,5288.6449,10386.0982,1638.8975,1585.0298,61074.6551,5961.3733,7500.4046,5742.9107,9264.2711,4803.8387,9103.6752,18025.3419,1322.6018,2356.7532,31384.4392,13639.2408,13696.2757,17666.1435,6171.6662,6215.6301,3280.1259,3548.8276,4138.4027,565.5511,7239.7094,4007.8535,5240.2698,1004.6345,17723.4052,1528.688,14011.4834,1563.2178,31554.5952,24340.3695,6401.2033,6872.9283,8050.5916,19008.4278,27361.2488,14674.6196,4484.6781,48571.5196,28494.8705,38470.3996,4738.5506,8203.1171,36438.5529,15827.2126,14692.0196,2145.4965,1697.5337,5630.1225,1845.6366,25748.1985,3030.233,4199.3643,104757.2815,3725.3528,26720.7142,9470.6136,278179.343,69777.6685,6033.7644,42923.6067,11050.8373,2173.1294,2537.5131,40587.2505,4704.9565,22873.8739,1210.3192,73883.1824,30839.0891,17256.2185,1296.3175,49910.3438,21068.5524,2696.3275,97679.1732,151434.1133,55290.9151,40882.6183,5256.9752,15135.0727,2732.7791
SMP_EB7DD03431EE2272BF5C,1,497195.1499,41338.3736,147125.3151,46917.8511,26007.9603,917867.3248,4389.2078,68739.7686,489995.2528,7500.2194,3822.8769,2990.0057,2237.0695,28063.0477,2854.6438,19750.0988,22768.5363,10984.2422,8876.699,101017.5889,11530.4619,79119.8304,14701.6089,243563.7349,119463.9651,37623.3956,37205.6747,10918.2913,6450.4554,8998.455,2870.4674,17201.3047,2293.9078,76098.0256,8621.9735,13649.7548,828.8005,1827945.115,142704.0812,24825.6636,1446368.86,226520.2192,20068.2319,23126.2163,27924.1453,5973.3282,2960.7304,7680.2802,28490.3878,11009.5561,4543.2038,8949.6738,210.6744,45332.8949,8749.2528,6010.0474,3275.0418,1132.0686,3429.2803,13122.3783,4967.7974,25336.4854,13591.9521,33190.4731,22202.4845,2226.3046,154984.1167,4380.665,5117.3904,56452.9972,36952.5339,30823.4104,307.6803,2.1258,3550.2854,215.5775,3048.2138,2988.2665,2209.6635,3631.8851,26742.0358,38139.6299,12601.0583,6505.5356,4819.8157,208401.2018,258672.5375,4507.601,5511.8396,8454.9612,13820.0092,4549.478,96273.7536,169147.7877,74331.6611,101786.4787,35943.4046,158798.6293,1463.4247,144593.9996,2965.1891,4756.2668,8378.0131,61970.5185,62238.6044,17791.078,42015.1499,82005.7904,3929.5425,6970.2574,2265.4652,965.3368,43717.0409,4430.1439,4390.3865,5082.9843,8810.6429,3676.4469,7416.5591,10303.0669,2256.5709,1357.3388,19911.1297,8515.667,11862.0551,12192.7313,3037.8972,3372.7937,3135.2248,3150.2892,3850.6333,322.8639,5715.9014,2205.8553,2773.1436,753.7051,9093.4657,1068.0221,7690.5555,1157.9838,14149.654,9963.2746,3576.0834,4143.9758,4856.8445,11591.6536,13389.8911,5449.7218,3058.3692,26558.367,9620.2173,18245.2677,2967.044,4052.0233,15474.6442,5830.6085,12862.4537,673.857,1228.3222,3183.5795,613.4206,21323.1009,3931.551,3057.0633,99900.049,5955.5675,34044.5833,6859.0873,268827.3551,81487.4007,4479.2506,56119.5161,15869.2189,2505.7433,4800.4402,51116.9544,8435.0696,31018.9079,3119.9329,80904.4529,29600.8452,28649.6624,1432.5562,54038.9208,32229.195,1451.6159,88936.3481,122792.1183,59784.1012,43000.7953,6401.5533,16366.4836,1641.5838
SMP_DEC2132D7A439372657C,1,507423.5768,46350.0364,150097.6839,49008.4018,27694.766,955647.0545,4973.1516,68477.3424,476054.9221,9085.1672,1925.6166,2185.2703,1982.3934,17662.7056,1491.123,10257.5652,11389.143,6233.9139,4325.3193,45857.9537,5527.8797,40766.5305,9434.9264,101015.7335,73301.896,20871.7132,19025.4984,4177.567,11278.0334,2080.7528,56.6337,7035.854,1705.7675,45597.8371,7476.9438,10618.2214,960.4306,1634056.314,97204.6311,20280.7059,985589.2003,225587.8655,25312.6455,22664.5131,19951.1442,4118.6154,1706.0627,5316.8728,19400.0571,9572.6252,4431.6541,7149.3428,120.7978,30324.3255,8860.3414,4639.103,2845.0843,1911.5606,442.6043,5533.391,3311.0434,16712.8747,11137.9457,20296.7144,21061.3987,2298.0538,130215.0503,2771.9163,5314.6841,58113.566,25866.1806,28146.6492,455.0878,218.1651,1512.8694,177.0011,2956.5456,2664.1242,1462.8866,3013.2076,24930.5384,24595.5535,9923.6493,5127.8426,4407.5635,160721.0567,227006.2486,10399.3109,2547.781,6978.0905,14076.9011,2400.6948,82423.9504,171816.6085,67760.6355,71478.682,34961.8479,109412.0338,2115.4822,99318.9453,3230.7355,3834.9451,9391.6903,50675.1238,60460.9126,15682.6739,42387.2544,75054.1603,4158.1223,9971.9549,1856.0838,1505.9168,56629.2651,2502.2016,5551.1922,4628.9253,7634.2753,3035.3059,5230.0894,12266.6302,2614.6021,1715.0931,15577.5145,7985.1689,8402.9375,10531.0808,2808.6776,3952.6428,2809.3986,2767.8365,3343.892,104.6735,4084.9473,1337.3489,2801.9401,795.9164,9436.0173,1052.8068,4690.3549,1349.8974,9832.5151,10173.6594,2165.8777,4088.6632,3345.2622,9057.2694,11016.2473,4373.5195,1318.6323,19700.0873,7457.7114,11696.138,2342.4158,3872.099,13831.9026,5896.5328,9988.0711,1542.308,753.9219,858.3063,590.9945,16971.942,2298.8275,1432.6319,58516.0932,2674.6244,23043.3479,4681.9536,221428.9466,55537.4628,1036.1543,38530.0212,8097.3972,1906.9725,3874.78,41160.5597,9300.7853,23628.7858,3202.7449,55980.4079,29807.6985,27752.9931,990.7924,39462.4561,27769.9138,607.7597,48628.1303,120365.9358,49324.8775,46258.504,4113.3685,13736.0072,1951.1547
SMP_3FD50F084E3125A54384,1,547322.2526,41137.4077,157496.2588,52388.3821,28785.7593,947846.0913,4105.9457,68415.5379,520732.8719,8748.2014,2516.3242,3461.6076,1468.8976,26860.9809,2209.0738,20675.2001,22056.9121,11581.2706,4409.0983,87920.5974,11600.3844,76315.6148,9319.1175,200589.0787,138861.68,36642.0285,25554.8819,6611.5373,103.5656,2312.029,552.1191,7215.4332,1249.1455,52810.0473,6568.5199,10923.2666,721.0284,1745871.667,90117.6075,24211.642,1218237.439,292362.927,28751.2886,24254.5161,25244.4334,7744.7531,2299.0942,8128.3365,35931.7266,6566.7183,4194.6892,10093.7286,673.9434,54371.7119,9232.2292,7289.7517,2954.8337,1099.429,932.182,11620.2499,5481.3085,28012.3999,17893.5042,35828.093,27830.7752,2152.8607,198379.3916,4126.0055,8559.3158,95256.2476,42608.6134,47395.6462,640.7917,550.6977,3972.2916,1272.731,3163.4312,4766.7009,2894.8603,4273.3465,21863.62,19733.495,8596.1613,5280.4966,5520.0685,180924.0473,238255.9109,23163.7253,3175.6033,8425.1342,14623.6597,278.1841,91638.6659,188289.4294,69986.8669,76403.206,43273.5268,139127.2576,1174.4047,77559.3952,3026.3105,4920.4857,13945.8327,65089.4205,77040.6505,24307.4511,28091.2441,95340.4103,5473.969,11419.8222,2244.2635,855.2738,59135.5668,4719.8164,6412.7066,4594.6437,9194.4026,6082.0614,5649.1402,16442.3435,3942.4829,4173.0964,26245.9206,12777.1535,14726.5265,16314.5903,4912.4862,5837.1657,4615.6672,4353.6258,5530.9027,621.9955,7930.6006,2401.8374,4148.4994,399.7571,12802.9552,1473.4643,8334.8884,1636.8672,17820.6232,12834.9399,3070.9322,6211.6785,5488.7505,12862.5331,21517.0256,3457.6505,2676.1423,35973.6156,21626.1667,19197.8481,2743.9352,5930.5024,21904.2478,10338.0146,10497.4965,897.0875,2780.3576,6354.7735,1331.3293,13601.2921,2497.7246,2213.0239,67407.9229,3894.3412,22905.1995,5103.4101,253979.1472,60753.2875,1553.5052,44377.6173,12612.2709,2075.5088,4123.4957,46038.0714,8653.5895,28633.7555,2963.9323,73338.9989,28413.7495,25454.3498,843.3987,60845.3982,36122.9583,375.5885,84242.3466,142260.1458,58404.4125,49149.5868,5760.8121,15382.416,2207.5906
SMP_B81E632C32B40068F736,1,549487.1241,42544.6808,154636.7161,48221.3652,28738.9333,938999.0834,4122.2202,59537.6016,506492.5265,8613.2573,5009.9097,4132.475,3334.2308,33274.6271,2770.2339,21602.7778,21120.0485,13413.63,6051.325,97561.2424,12106.1722,90537.8046,11284.8059,238037.63,113634.9065,31266.648,43845.2073,11818.9502,6642.8398,3247.6646,559.8222,7630.2264,1592.6436,55651.3694,7702.7671,10706.1402,984.6122,1695979.29,92134.0024,28040.7354,1180254.477,214460.2253,18945.8108,26072.4143,27498.429,10089.7225,2246.7943,8237.9169,37659.9398,10838.5363,5310.068,5209.4323,743.8067,43358.7593,9675.2728,6175.7285,3085.114,1910.9613,328.5561,13555.4752,5657.8501,23379.1474,18893.5507,28568.8252,20971.0562,1516.1538,133437.7011,2810.3361,5704.0468,61923.4027,36951.2723,37755.6735,280.6997,567.4305,2693.7076,529.32,3092.5044,4427.8287,2059.9883,3356.2398,27503.6505,22340.88,7743.4223,7217.4919,4858.7602,178639.8951,260492.1965,8137.8183,3052.0555,9462.0309,13976.1326,3002.9671,100081.7454,162016.2798,82000.4708,72724.7916,46454.5337,128382.0159,1994.6501,121030.4641,3183.0059,4209.7605,15337.7424,41127.6474,56315.7438,18599.4282,37862.1462,67217.2666,2084.6784,7244.5701,1512.2328,734.8223,37003.662,3259.9371,3964.808,6232.8051,10239.0044,6181.7644,8355.7602,16526.5003,4122.1931,3124.251,19238.2124,11236.8099,13291.4456,12163.7765,4694.9425,4040.0617,3343.3407,3519.2867,4376.6493,510.1033,4037.4884,1853.2077,3270.6535,868.9619,10038.7918,1871.7925,7545.5472,1250.9307,11544.8613,7906.1688,5291.1355,9005.0718,10643.4113,24078.5271,15752.5739,7326.8297,4783.2388,37337.8358,16688.9216,18374.9487,4845.492,8935.5034,26611.2129,8596.7195,8013.677,869.6881,3001.1615,4532.3816,1544.0502,15056.6477,4337.4719,3839.2789,108053.9201,4053.2519,37458.8023,7123.7921,269518.6688,66549.6821,2537.2795,59115.1948,13292.8476,2846.8503,5311.7826,49829.8737,7698.3652,36204.3899,4921.2172,78602.3447,36900.3481,24889.8154,1778.5971,59184.4183,37145.9309,230.6054,72904.9441,115417.3496,51064.1962,39704.8152,5922.9208,14801.1947,1935.4042
SMP_0418ADDC6BEDD8151B6A,1,507105.7804,45985.6482,157562.5191,49286.5816,29721.2987,950511.1788,4493.3364,85003.9359,531900.4926,9231.3595,2732.0707,3084.9223,2313.4657,26769.0479,1221.4949,15249.5294,19247.9179,11511.6114,7928.7439,87570.6226,10937.3342,88662.9947,11163.6734,257671.1075,131775.1763,40696.5672,51422.2755,11950.6213,3282.7074,2875.6315,1001.8502,10082.4614,1488.4497,66564.1473,7381.0861,11606.7034,835.0069,1762916.436,102474.1263,25955.2141,1307178.449,284033.3855,35264.1917,23681.8646,36753.4998,8254.7597,2307.8202,6801.9768,35159.2968,25303.1751,4033.2605,11088.59,478.3303,83603.559,9560.4391,8109.59,3396.0931,1405.9451,142.8329,20516.8583,6810.9695,28370.0749,17818.7592,32960.6588,28574.2342,3944.9396,209953.6697,4287.9876,9229.3631,102042.031,52643.2179,50065.4712,695.0961,266.8594,3046.3822,1336.7838,5567.332,5025.8416,3592.4845,7648.0367,28797.491,25045.8699,12645.2996,8299.5925,5663.3542,179516.8466,241835.5113,6657.6436,4362.9058,10543.2133,14933.8921,3916.1816,93372.0749,171058.6132,65334.252,63378.055,42151.0146,120562.1459,3158.7474,156597.5427,3530.8637,5306.5277,11121.6215,41279.1215,57314.7834,22583.3715,56655.4896,115224.8153,2347.0338,10046.58,1542.4213,254.0235,63401.9167,6503.217,7009.6519,5626.7055,10267.4177,3707.1635,7513.5934,15769.3205,2517.7915,2490.0327,16630.3997,9259.1164,8737.3947,10666.5933,4217.4639,6022.543,2236.7613,3280.5431,3114.4061,244.7301,5108.8511,1749.4449,3306.5458,373.6898,9336.0012,862.0226,6704.4393,1576.0684,10933.3008,15017.8998,5075.984,7753.3058,7825.3461,17676.8509,18666.3636,13878.0827,2940.3409,37417.2657,16870.6566,29906.6592,5072.5721,5829.5614,36603.5727,13481.3687,12914.1546,554.382,2331.8892,3592.212,1115.9616,28876.4615,4516.742,4126.8873,97231.4007,5887.0108,36789.1101,9123.4612,297499.6558,67500.0744,2416.7848,48118.2136,13884.1478,2847.1267,6146.4671,55632.6527,10909.5767,34296.6544,4119.9056,82437.1004,36441.9236,28310.0235,1355.8522,65678.8533,36696.3721,806.5773,95579.7365,160656.2582,65986.566,50824.9636,8445.6688,26088.581,3093.7908
SMP_3E9E7952A0A2B5B917D9,1,501250.8968,43216.3838,141580.2526,44492.5473,26308.0469,928284.9615,4766.9922,93775.8028,533087.2445,9147.6863,1087.8026,2556.8218,2021.0348,21867.7171,1009.0636,9875.822,10903.5281,4801.1461,5522.5167,56850.3632,6030.5534,44673.9719,9407.8639,165652.2233,131492.5845,21672.3233,14757.9111,6031.5972,8041.0457,394.1908,505.3993,4394.016,1496.7904,27465.4376,2597.5411,5542.7118,290.6835,1544150.126,42423.0178,16305.7819,569939.6581,142649.7371,18585.6072,23090.5214,14104.7493,5912.9583,1205.127,4856.6197,18234.5684,11874.9007,3871.1854,8019.8966,210.0104,49013.2283,8222.6321,5753.3118,3560.024,1383.5052,172.9917,2877.7538,1700.6977,14415.4857,9238.4719,24512.8673,23254.2873,1569.8343,94148.9834,2105.6939,2810.4155,27887.5687,17525.3732,15745.4529,261.1873,195.37,1286.369,531.8112,1580.3946,1940.2642,1416.0414,3510.9231,21606.991,30669.2109,6048.293,5541.0179,2257.1833,185250.2911,213624.4679,5203.4309,2104.4364,6246.7128,7554.3645,2147.336,82337.1338,139775.0862,50465.1433,74455.0241,16108.503,114476.7291,1193.5575,138582.373,1141.7253,3931.6532,7377.2046,44855.9542,56072.2437,20532.6348,47651.3481,107486.824,4452.0868,13701.2828,2409.9616,1207.496,67067.8709,3043.226,4803.251,3825.0406,6864.6202,4817.1673,4245.6385,9304.7171,1448.0314,2140.8442,20663.618,8220.7256,7786.2522,12580.1605,3566.5252,7212.856,2051.0733,2215.7323,2272.9249,200.5179,3319.568,1886.7128,2778.1202,723.5731,8605.7306,1113.2145,4738.051,955.0024,9455.946,13556.073,3675.2311,2362.905,4040.0981,7751.0119,14435.9241,7752.3143,1320.6582,25104.5853,11342.7541,17239.5135,1997.6497,3485.0815,21522.6919,11243.5343,16697.0594,1456.0575,488.7863,2948.1103,555.5334,27138.1729,619.5009,1531.2515,34742.8816,2364.3444,15921.0457,3841.3733,208888.9686,44980.6993,2090.9461,29464.5517,5988.5463,550.8176,2096.0943,31629.9986,4626.6316,12261.0451,583.0093,51730.933,22713.0113,16899.041,849.7511,31833.1406,15778.2347,958.6922,57150.8977,137905.7445,38975.8919,45878.9146,1889.9417,8422.9737,1951.5596
SMP_831E17B71EF9D2085A3D,1,467816.5156,43102.406,136404.6067,41009.7647,24397.4028,815211.9774,3815.702,75593.3751,459043.0285,7361.429,2740.3056,1831.7813,4596.8131,28941.7092,1851.3495,13022.9327,10718.0358,4393.0027,13551.6793,46934.1185,8052.0455,39757.3881,25038.311,155068.4772,112797.9136,19130.9981,18727.9313,6023.5902,4990.4213,2660.3523,759.0177,7053.3976,1164.9067,54311.1265,8562.3922,8191.4047,918.0914,1589438.314,248334.6676,17164.0502,1443446.708,184907.6171,15547.8125,17877.5763,30715.38,5894.3261,4023.6091,6743.2675,30819.4524,8928.6095,3903.3146,5559.5882,711.5643,54627.1599,8513.4369,7158.5106,3177.2349,1545.0117,362.7121,5035.7694,3903.1989,11883.0012,7220.4305,18399.6753,21378.5912,2175.2018,142869.1994,5570.8976,4207.9819,49839.7086,35306.3476,17076.8141,465.4098,108.0993,2030.4789,355.1929,3130.1953,2869.857,2112.8841,4189.8358,32805.6765,65060.7922,9196.1887,7973.179,3001.6719,229215.544,229419.5058,54655.3893,3037.8357,7916.1431,11676.7155,521.3828,118809.187,154821.6278,72455.3219,81058.2431,22579.4599,107797.7708,735.9616,111560.5684,1908.0982,3318.9245,9457.5047,50964.1563,50348.1254,18858.9761,38539.9419,94532.7916,4572.6921,8138.9808,3689.4416,1937.9484,58472.8029,7596.4967,4377.8828,3893.4753,8147.5119,1992.8892,4268.9953,6434.9468,283.0551,737.4688,13164.1079,6410.1846,5908.275,9909.6872,1957.4583,2818.0846,1575.2537,2263.0382,2725.7013,108.2275,3915.816,5527.6657,7329.4901,1274.1831,22609.8618,3488.239,13627.1583,792.5894,20379.9736,29410.6674,3082.4348,2367.8081,2885.8091,7413.1592,5764.8162,1370.6793,956.9505,11289.4525,4928.9097,9598.0235,1752.4127,1925.3169,8339.4997,5269.627,9535.017,487.9806,2298.0956,6542.5203,1338.6234,30166.7216,1395.1331,2049.3123,46159.5985,3219.219,13791.6444,4788.418,222130.1866,47442.3507,3903.5661,28523.4224,5329.8392,985.0575,1741.8342,27537.9547,4187.4056,12455.0047,373.0659,48042.6642,23516.7293,11562.2791,654.7831,29085.7304,13556.1392,2196.253,61494.1464,133930.3747,35245.1454,35157.4241,2868.4309,10764.8562,1958.6664
SMP_849D998D25BD891B4AB3,1,471249.9475,39935.2929,137625.7895,45410.4614,25664.1692,932000.0151,3813.2063,74952.1815,519296.4051,6096.0384,2421.4811,3339.0792,4415.3978,29577.4087,2324.506,11558.4897,14497.4494,5660.7925,4864.873,66828.349,5473.392,64131.7649,10363.2189,204533.9818,126062.3852,29083.143,23704.1166,7393.0082,4377.417,518.2593,811.1621,4212.5324,793.3485,22435.5178,2152.5629,5590.1224,504.8788,1299409.134,28783.495,16614.508,621744.1704,166092.2596,14624.5768,21760.3592,23720.7025,5917.7401,1085.4499,4393.1381,22666.165,4911.8617,4527.6919,12699.5448,354.6517,24341.1564,8109.9905,5639.9306,3175.9426,1391.4232,460.0564,18112.8743,4455.8044,25806.5025,16530.4652,30890.8548,29490.1875,1521.0993,155127.5022,3979.3909,6594.6365,74433.4824,62178.0438,116369.6164,897.7005,324.0558,4744.6748,969.1769,3027.1979,12144.73,4032.08,1935.6158,28588.4856,19566.4983,6269.0727,5619.8585,4639.4719,174919.5434,282798.7794,30215.8862,1835.7023,8189.9945,17594.3114,2605.8154,100468.0151,197625.7085,104871.1367,81714.9544,87315.5528,133656.8164,5431.5418,94763.7818,3830.9566,4160.9575,10179.0262,48055.0419,57496.5493,12924.4587,28011.2431,54032.0245,3731.428,5452.1224,1617.2514,594.9316,35730.5635,3999.3246,6893.5736,6418.3231,10535.562,6658.5508,7460.4466,20983.1664,3526.7666,3338.4705,17262.0404,10707.9097,12074.2027,10232.4369,5792.3124,2577.0779,2673.3097,2957.6125,4203.7167,415.999,5430.5298,3667.2972,5540.4804,851.4105,17486.6373,4874.0888,9409.1585,1614.3444,14787.0779,5117.7795,5482.7877,8461.1367,10626.9304,23941.1903,13993.1366,5339.6991,4657.7912,36910.4396,11852.2253,14514.02,4612.6376,5447.2622,19857.6089,6352.8955,17152.8694,1590.9078,2343.9956,4757.7226,800.2498,13736.0869,1485.0397,1976.5243,56552.1026,4067.461,23342.5064,8657.8103,277512.3224,68863.1739,1867.1838,49521.3334,11356.8899,2313.4729,3060.2668,44343.5712,8803.8944,22605.0085,2167.6014,67841.6463,24244.795,25640.9746,1627.1956,56582.0579,33483.2373,1463.5935,86271.2659,155856.8969,62786.5992,50691.5801,5109.8909,14335.8202,3475.2015
SMP_0117935D2BF9A7B2257A,1,506446.9614,42020.5828,138430.6643,42855.0329,24275.3844,840914.8493,4274.2099,88060.0834,515719.2133,7054.5576,1268.1425,1586.3923,2172.928,21806.985,584.8856,4945.0745,4531.7314,2619.8243,4028.4976,22055.2048,3086.6298,19070.3669,12501.5738,86102.0919,49079.9459,4643.2613,6343.3263,3608.6252,5460.6781,3827.4815,1477.9566,11139.2116,968.8037,53950.4814,9493.9102,8619.5219,876.9329,1917801.269,231712.3451,20349.0473,1463235.155,270727.4896,42939.89,23662.7304,30915.733,8814.2893,4125.1775,6685.6951,24387.4796,2711.156,4800.2317,6581.417,1585.6286,37429.4641,9304.4788,8820.7333,3376.1679,1327.4111,977.3645,9408.5449,4621.7727,21341.4883,13083.208,36940.3936,35840.1858,1143.2184,76072.8482,4536.7867,2593.0217,27237.2776,26259.6674,16308.9953,335.893,188.7369,852.5515,374.3931,2211.7222,2753.9298,1045.1583,1878.6434,44917.4712,91637.7957,12609.7785,7194.8164,2505.7483,217935.1147,246258.9437,120749.4579,2428.5715,7127.1628,10055.9151,313.0566,108881.7721,166686.3607,82129.969,83186.753,30932.8224,78686.883,2842.8155,37376.4166,3039.1713,2172.3314,10307.6569,37678.7808,38146.7869,14550.0889,12659.729,47304.9261,5396.4065,6969.503,2343.6947,707.8339,31102.5316,2784.941,4881.2072,8348.1204,17571.0163,4650.9347,9739.6259,13697.3015,5394.3846,2819.3979,19829.3824,7758.5219,11439.2577,19997.217,3239.6623,3472.0401,3654.6119,4402.1509,5567.2774,519.1032,10130.7855,2131.725,4063.7483,872.5672,11421.5233,3043.8172,5435.897,1238.4813,7406.4255,6301.7408,3508.1442,3655.7389,4971.7863,11577.6732,6541.3169,549.8226,1336.1263,12054.8171,7283.447,10108.4571,1544.3688,3829.0713,9068.0196,4706.266,15839.4111,2098.1857,1777.4219,2654.3437,907.6832,15910.0594,1895.0591,1843.792,58980.8693,1284.3619,15800.5765,6592.4571,275669.3448,23687.0023,1952.5897,26883.6503,2138.9946,647.0681,983.1861,26967.5912,1417.4782,12924.0451,433.8073,46790.2916,24715.4461,9344.6677,412.7688,28617.4116,10057.1032,583.1796,59857.0589,141123.5294,34382.4517,23845.1823,1045.636,6099.5916,2272.135
SMP_78007962EEB0DC1570C3,1,507021.3951,42515.1355,141827.1693,44013.2811,27242.2413,877982.2408,3929.61,79702.5513,536008.9758,7773.2261,3510.9231,3293.7771,3114.4684,26965.4968,1801.6794,16897.3581,20496.1094,10804.837,7384.288,68988.9845,9377.4407,63363.5842,16449.0709,172912.7059,100789.0019,22374.0875,30523.4727,7413.1113,12423.7659,2731.0105,526.5843,9152.3468,1859.5084,66250.7158,10814.7072,12165.8907,687.9975,1720919.735,137255.5929,21816.12,1099414.576,168868.8908,15352.3746,23951.83,20058.7689,4761.8459,4549.4582,6868.4293,34603.176,6699.7962,3945.1133,9796.8423,358.7477,47264.0531,8698.3243,5064.022,3541.6379,1460.3584,685.9159,7015.6545,3951.0841,16190.3591,11577.8165,22674.7868,15867.264,2155.5063,153487.4521,4673.8719,4930.9612,58187.4158,31606.5108,22585.6683,186.5228,247.206,2516.9217,474.272,2583.0921,2303.8655,2136.5787,2550.5971,27202.6595,36452.4986,8360.7708,7732.0781,5123.053,211640.4653,243167.8518,56946.3179,3435.8183,9411.8882,14337.9018,3431.9066,121652.6376,159451.5726,79369.3202,95422.7036,39448.224,130826.5974,1975.23,71252.8625,3284.5113,4294.78,10848.229,63544.9492,57246.0226,17448.865,25051.8456,92019.8555,5560.3237,7129.5994,4665.5756,2310.2639,51955.6443,6047.6631,5383.2796,4583.8849,8424.3295,3642.1937,5732.4524,11288.0432,3024.8684,787.0471,20419.7226,7558.8582,12684.8313,12158.7671,3106.3257,4798.777,3337.778,3720.3098,4231.6863,101.5451,5797.1252,3717.5005,4781.4557,1211.2671,15345.194,1824.5563,11287.7957,700.4441,14644.9639,15970.8815,4549.5261,6023.4904,5633.5039,13057.382,13049.1392,1694.3171,3545.2962,26780.1495,9048.9617,15004.1876,3092.2063,3683.4414,15039.1156,5303.6094,11366.3038,1379.9632,2666.4818,5488.1446,898.6905,22713.4699,1916.4779,2038.1752,65316.1011,3954.405,25000.4694,4403.794,228645.7152,44704.5309,2183.3758,35623.3478,7492.2065,1684.1962,3652.4127,41298.8049,5438.6603,27299.4403,2129.3322,62605.4749,25865.2421,16594.7471,944.8255,46225.5458,22896.5213,1255.7573,64666.623,118769.3687,41176.4186,29212.8979,4900.8681,12337.2385,2045.8868
SMP_5864E3F028DB0F7B59AC,1,489616.1252,45540.0845,139008.7307,45752.7824,23300.052,865870.8442,3297.8508,80341.9785,533564.7054,5955.283,1987.5879,2069.3567,2026.9498,16247.7298,2103.1416,5626.5336,11540.9708,7953.8143,4100.021,95851.6181,8047.2778,65690.4272,14367.7572,373331.3114,87818.9875,50874.0655,44754.4902,10001.1971,4776.3986,2555.086,778.1804,5288.1911,1774.6983,45892.0571,5996.3113,8499.1266,662.9916,1427868.931,96001.2447,21061.4604,1200388.333,354178.0617,31755.1436,17941.4829,54262.1868,10958.9736,2232.5369,9398.3363,27707.3841,8516.0851,4863.087,25424.2496,1128.2818,55000.9203,10189.0527,13251.5464,3277.4518,1202.9497,576.8529,17988.0422,4556.295,38251.7041,10872.2293,47639.641,15772.3088,3034.6927,161752.4101,7356.6495,4919.9794,59691.9527,56032.6179,68071.7986,967.6357,420.1646,5531.3849,1242.2608,4329.7565,6558.3133,4496.4711,5323.1704,31422.9961,41507.2832,14578.9314,6284.9885,4613.2892,205046.2337,255180.1875,17023.7856,9399.1064,7242.0726,12769.8848,3438.0963,77969.5835,164359.0711,70408.6832,93860.1532,37809.8177,162454.8721,2393.4381,126129.4788,2475.4148,3943.0899,10099.3529,56114.4617,66122.775,17741.276,33768.0724,75463.3148,4741.2564,6760.9503,1440.722,574.0129,40838.7907,4334.0025,5530.8109,4273.9482,8773.2529,5689.6342,6834.8114,19241.9257,2473.1626,2633.0006,19791.0873,11696.3086,10637.8952,13697.2561,4806.6492,2615.7362,2911.6421,2788.4791,3740.2517,480.9134,4842.6118,3386.939,5262.3577,473.8501,12876.4402,1844.3679,12089.324,934.4669,14579.3948,12535.584,3275.2707,4555.8138,3789.2228,11747.2735,13305.6679,3966.0334,2769.1359,25577.3854,11163.43,14665.2041,3151.2296,4077.5924,14176.1908,6540.7913,15721.1755,1190.9193,1737.1379,4105.6624,1071.256,11176.104,2717.0726,1829.3385,77249.6488,5427.1793,25127.369,5030.4277,265478.1722,74206.7985,678.2098,33906.7534,9155.5423,1724.1303,3046.766,53903.9869,7328.4954,34802.8953,2312.9692,109989.0875,25696.432,42547.6715,937.8527,55513.8773,29335.2305,1088.8202,133291.0785,100712.1442,94405.9943,41425.6132,8542.2794,9390.4728,1569.6815
SMP_AAA9DCF5AF469A00C655,1,516141.9914,44977.6712,140884.0049,46082.6872,26350.4721,863547.2002,4064.9981,81198.3602,515406.6442,6676.3419,3009.2118,3432.0612,2985.9295,36120.5319,1560.3412,19098.3334,22575.1254,11794.2931,7005.7426,102768.1494,12662.483,89982.6524,15318.3574,270563.7284,141552.5937,43160.6903,33864.6337,7192.59,106.4907,1994.3971,447.0657,4338.161,978.5333,35708.8201,4150.4164,10390.881,350.4946,1448611.28,95988.4996,17454.9914,830661.8686,142015.2543,12452.7756,19362.6773,19561.6594,4434.4025,3017.9751,5532.7462,45052.8964,6377.9968,4396.1335,5121.6823,527.2319,21762.8415,8838.8684,6637.1912,3284.6313,1386.0511,473.7453,10904.8889,6094.6628,28952.3175,16979.5907,37763.4591,28708.5204,1683.8705,212240.4137,6838.3582,5534.487,61492.1567,57240.5072,47616.1263,645.0572,445.0715,4539.4302,958.4806,5135.5443,6950.7639,4983.1447,3736.1998,28930.663,39198.0025,5310.7478,6288.0556,3205.5907,230306.2493,255538.6924,10269.4441,2270.6432,7770.9043,12062.4262,2820.1705,88657.5121,142323.7179,70350.8981,92479.8467,33555.9437,157034.7929,1270.9369,111249.2466,2725.3799,3056.1967,9161.2591,47887.9622,46798.7628,16295.1282,22561.5966,65678.7447,4446.7756,5768.1191,1893.3307,154.6616,26509.6159,3316.0239,3454.3646,5167.2872,8728.3005,3835.9531,7554.9433,10874.9458,2285.4904,1052.1748,19659.1133,10823.0382,11688.8139,13110.4859,3874.3667,2397.1776,3577.7538,3084.0496,4090.9945,277.1781,5867.4178,1655.9528,5543.253,1304.8578,11899.5359,1150.7643,10750.056,825.5119,12296.933,7580.3894,3378.2353,4292.6678,4265.5346,9646.6449,14211.4031,3024.3254,2506.9382,24933.0591,9310.2896,12422.4619,3347.6728,4613.1406,13625.7363,4203.2535,10233.3223,1320.6824,3359.1269,4702.8992,652.7918,19692.174,3016.9309,2359.6285,74819.143,1784.9595,22369.3435,5382.4244,260905.2798,51877.3773,2823.02,50862.2769,8202.5157,1291.0162,3209.2459,49233.7218,6141.7277,26689.4571,2488.5342,72392.962,28036.8682,23140.8299,921.9401,48221.0277,23663.0931,757.5985,76209.8503,120589.1739,51040.6073,35422.5908,4010.2395,9486.5882,1211.5296
SMP_E1C25B054982AFB2D211,1,510862.4276,46124.0292,140385.8499,41551.352,24854.3969,870334.1619,3568.8632,83551.8508,527853.8959,6400.674,3446.484,3222.9009,3441.6227,29832.5398,2103.5903,18006.869,20189.4535,11149.6811,18503.1141,93611.3336,13187.8652,81128.4201,27490.9533,256797.0193,157495.1551,36114.6068,42736.2907,11306.8744,4477.7037,2681.9193,995.6279,8597.3059,2360.1978,56456.8916,4034.0922,11879.1747,628.096,1709799.328,103976.5976,20909.6363,945857.2255,264015.344,27762.2261,25631.1989,31920.1413,14392.5425,1976.3029,12926.616,29654.2631,26029.2539,5637.3437,11915.7259,7483.2219,101525.8644,11151.3112,14320.7391,3665.7776,1565.7207,591.9484,9031.8154,4521.2803,25633.1708,12971.4144,29747.0343,20417.109,1967.5295,168011.5676,3987.6728,5130.9433,64528.565,27577.0834,40876.0978,268.6831,404.9784,3201.5616,624.4587,2381.759,4396.7251,2094.6675,3407.4175,26073.0766,29723.6847,11332.6336,4185.1586,5926.8835,171953.6751,271857.2072,4732.3468,3046.4575,5669.8868,13493.3059,2612.0926,80083.5602,172752.8051,74621.1457,89652.7369,41730.0007,124091.1508,1806.5846,157188.7106,2647.8588,3877.3173,11411.0014,59468.1704,56928.4674,13823.1736,46475.6315,72198.3991,3805.6028,6021.6092,1670.7407,1379.1705,43261.6627,4358.1399,6148.8095,4291.1992,6557.1503,3804.7898,3509.6001,10189.1423,2279.7178,2599.122,15279.2566,6256.9855,10279.0834,11638.1776,2589.0312,2959.8574,2637.5292,2475.8776,3080.7263,253.6938,4668.5115,3200.156,6416.2225,475.2572,20413.209,2665.2981,10985.5472,925.8501,15630.6412,14228.9048,5917.3516,6332.1252,4371.5446,13386.4586,10537.3295,3902.147,2021.4745,19832.1089,9588.3873,14894.8744,1782.4836,3459.2752,13514.9105,8359.7402,18973.9127,816.3913,757.2394,3812.6473,1045.3389,17718.0877,2605.4359,2921.2205,62939.0789,3099.7617,21056.2487,5401.1565,222242.1191,46839.4589,2599.5679,44586.0237,6748.9901,1922.9883,3240.3784,44841.0186,6413.9791,27285.2975,2156.5898,77022.8589,29187.6938,26568.3168,1340.6472,52100.5615,24264.518,2100.635,79579.6245,125516.2984,52954.5243,40696.5867,5534.2751,14744.7475,2425.0655
SMP_0D52879C677AE0E5D752,1,512375.9166,45147.5431,135147.7416,45343.6998,24335.4138,881196.3714,3858.1165,80737.2615,497328.8186,7944.7366,3471.7662,2630.6851,3255.6539,24775.0156,1952.8399,12899.4024,16235.0728,10318.7509,8156.0382,87104.0813,7841.2636,82085.5638,12307.3651,225306.5297,92070.5025,34129.5184,36168.3464,9204.717,7406.2505,2084.7179,768.2049,6716.6003,1275.5385,50361.5195,5096.2265,11095.7635,570.506,1277686.57,87209.3221,20447.3864,941228.2616,206884.2857,21957.0366,16409.4414,21894.1046,4651.3108,1543.7374,5653.6347,26513.0251,8897.6433,4114.3593,7719.4603,298.6025,36695.7169,7427.2774,4879.5332,3000.5886,1315.7894,881.0672,13147.2411,3665.0927,21025.2319,14151.9595,22994.28,15758.5651,2545.0748,145461.7817,3477.3425,5428.7522,57187.8697,30596.4897,40135.8504,402.1628,235.5644,3209.1595,711.7359,2917.6265,3830.0593,1889.3447,3056.4211,22683.7371,24422.5107,10117.5875,6536.8408,6384.1477,159695.3084,244460.446,52647.5601,3629.7882,8055.2824,15015.6318,4107.4588,78178.8463,156254.903,67993.7092,79626.0521,44974.524,118622.0627,1659.7356,87900.8085,2966.5249,4101.7485,8477.3732,51143.9015,55647.9011,15922.0209,28203.7444,70362.9552,3099.6973,7289.0707,1762.5229,1050.0873,44306.2999,3439.0465,4878.8914,4868.7414,8393.3654,6205.3614,5833.4182,20598.463,1615.6709,2096.1832,19614.4697,12946.7842,10712.7884,11434.4702,5811.9736,5152.2315,2553.85,2432.479,3326.3728,267.7593,3514.189,1809.4844,3097.4952,1190.9588,9503.4349,1325.8039,6163.1529,1216.0778,9256.0077,8859.5031,4386.2613,8706.6517,8013.613,24447.4268,22781.0998,5874.3801,5119.0732,63008.3786,18193.3317,19715.9652,3666.5208,6114.8465,29953.051,8390.157,12779.6982,1934.6682,1284.3984,4561.0935,602.9333,18437.0789,2941.0157,3316.9861,77417.0436,4547.4798,26382.9987,6884.623,258166.5126,54533.38,2271.709,46108.383,9649.6723,2226.1176,5199.3754,50091.4039,8922.7045,35137.1016,4285.0181,84973.1153,29394.0442,31285.3055,1226.8619,68776.2384,38340.0636,679.2076,85725.4969,122620.1207,63690.9413,40766.6881,7593.9387,16363.4792,2959.4487
SMP_84EF2D870FD04B245121,1,507366.4701,44567.1264,138833.0705,44141.6101,25448.4288,868212.0201,3577.7796,88149.4576,528571.2018,7549.366,3363.6086,2526.786,3143.5987,24866.222,1564.4109,11470.1831,13215.5769,6679.0889,9163.9131,62950.7476,10531.15,50440.3213,17736.6444,178070.2047,125956.7811,24501.0878,26327.7372,8061.0925,7458.832,1364.2068,474.5867,4830.4436,1658.9762,37940.3466,4765.5016,8075.9327,747.1872,1451618.665,90143.6128,17140.1144,664707.7552,200905.4789,20131.6648,20385.5405,20049.2552,5077.7485,1685.1103,5992.8785,30812.2831,20407.0596,4097.2914,9836.5191,440.8421,49450.7815,8573.0779,7273.1763,3111.2808,1313.4493,719.6745,7981.1618,2985.5653,14389.2073,7994.2529,22182.8021,18041.3988,1880.7204,169822.0114,3027.3201,5179.7841,58181.2217,24627.0668,27381.8127,1097.1059,320.0109,2403.7251,436.7014,2266.2049,1980.7597,2186.9446,3226.5265,33328.1355,21109.4829,5057.672,3760.8737,3259.2405,161395.2493,237838.1451,8537.8706,2317.5189,5330.3222,10464.5077,2688.5712,70156.2393,150703.5086,54903.9247,75822.518,29221.8815,135324.3675,869.6639,152386.7446,2782.305,4218.2574,7603.6428,49891.7379,64076.7302,14019.5908,52709.0084,84958.2,3504.8188,7960.3299,2273.6743,1013.9585,56871.3119,3618.3687,4824.0414,5334.2032,7405.5856,3668.5667,5690.3071,13730.0979,1320.3298,1146.0474,19226.2699,7993.8016,8345.8755,11756.1844,3858.5141,5226.5166,2242.9195,2569.5105,2128.309,793.3794,4588.5925,1928.0067,3340.5358,235.6791,7945.2772,699.7972,6127.5024,924.9772,11566.4124,12894.2392,4249.7969,3607.8065,4344.0243,9548.359,13689.5358,8358.6053,2166.321,25118.8786,10897.8743,19042.7114,3336.4583,3828.4979,21153.3639,7574.3626,13831.2821,2046.4067,1259.2093,4436.9323,594.736,25615.0169,1871.4074,2461.3121,73984.3057,2477.8106,21535.1052,7313.9435,241806.0818,50914.7714,3978.0789,41943.41,6543.9381,1313.4327,3234.4738,39320.7132,5982.0394,21059.4529,2190.6248,61200.7959,34527.1527,21399.8283,1768.5218,41263.0185,19157.6772,1677.2061,72715.3281,142145.8917,47756.7027,41729.5691,3765.0351,11913.3756,2519.8659
SMP_FDC502B20D8A509FCA89,1,492394.6832,43926.7771,126201.0026,38849.4992,24770.7956,814486.3618,4089.194,75438.0805,457439.3743,6990.5893,1079.2932,1487.1394,6419.1772,19778.1786,1452.2638,7546.9331,6516.1287,2421.6361,7451.8836,33191.3374,5252.5981,19503.552,17666.1695,137691.2174,105633.2495,15526.1474,9919.9191,4490.7176,11634.3523,3297.9002,838.558,11160.0359,2874.9776,183903.6744,41708.8325,15703.1038,2622.777,3294089.377,1536409.62,33027.4866,4336356.93,662595.7053,79611.6757,21941.0634,147633.5003,21509.3933,11439.9385,19990.9235,64760.6368,46793.7726,3952.172,18989.3168,1352.2435,242889.316,8537.988,9964.3707,3324.9606,1767.9188,487.4845,8366.07,3354.5442,18280.9203,7974.0099,45984.7795,45539.1019,1602.7436,110770.1332,12472.9801,3922.5164,45331.6654,48813.6239,21926.9935,892.7977,201.3266,2140.6708,1624.5813,2130.5274,2394.3797,2896.4679,7668.6217,29676.4092,103919.9339,17750.1595,8589.6627,1605.9759,234540.742,206689.1236,9980.748,4212.0065,7243.5598,9272.0018,281.1156,146540.965,159365.5046,60947.2146,70451.6025,987.9774,111664.7865,1192.4708,159431.6203,2120.2854,3269.12,9818.3863,53367.2186,60966.4449,38642.695,72107.447,111078.1389,8637.4869,22869.1608,4244.7049,1165.877,85449.4689,7990.3969,4976.5543,6047.5364,13848.5349,1505.9226,10794.6064,13392.7065,922.889,1161.7683,17133.4723,8306.6802,7260.9752,14272.8198,2449.262,2810.9171,1827.6387,3063.4647,4346.0296,387.0804,7103.3793,1634.8099,2399.3218,1259.8192,5056.7217,638.2436,5553.1661,1102.7034,9990.7959,14101.9256,3768.7066,2712.4909,3734.9853,6793.5784,13105.873,4750.3739,1964.7441,24638.8882,11680.4586,19927.0325,3078.3614,3957.1876,14228.1681,8910.3895,14780.4165,2239.0622,1506.6626,3607.9912,660.8257,34344.0533,1551.6162,3350.4227,51789.4317,3251.5075,11187.3159,7456.3026,270703.0655,64337.8342,3846.0155,27956.8803,6529.4745,616.944,969.3243,27021.7407,4311.3043,9333.8085,232.1716,47039.8896,23189.1912,10511.5517,1298.2782,24032.9496,10476.0962,1676.795,84497.4566,166115.7736,54316.7746,41745.7589,2295.4516,7476.2139,3755.2873
SMP_A77F577FDA6DE5B61E64,1,495242.9473,42798.5327,141769.1662,41666.7197,25833.4443,832506.7823,3898.9942,80805.5103,507536.0454,7199.082,2981.8669,4665.0416,4900.8417,44183.8872,2992.937,20159.9901,20060.1979,11928.6117,12883.5999,85309.9307,9036.135,69453.6098,21048.0363,192572.3629,125190.3342,28409.2521,27384.0286,6999.3375,6352.8793,2763.0181,842.5189,9154.2668,1271.7092,61756.4162,9477.7159,11296.8912,1120.3647,1558449.697,188986.8452,20223.4837,1422939.602,325334.7963,23846.7773,19824.9144,23990.9859,5690.7352,4182.5518,4360.4689,27680.8009,3812.2545,4600.9563,6720.2976,376.1007,25521.8703,8752.7781,8721.9611,3730.9909,1317.2327,278.9262,17444.9535,4371.981,27633.4991,16874.2871,38099.847,32526.0309,1392.0796,109552.6486,2833.1512,4079.569,48084.7326,29477.4444,22876.7571,591.9014,2.4766,1623.4284,312.3304,1586.0005,3074.3251,2373.317,2435.8126,39580.6558,27407.0903,7743.6182,7769.6974,4462.4811,197239.3466,255066.5986,30571.6526,2112.8917,9458.3251,14541.688,3067.3408,104103.8618,177237.6054,82236.6514,77521.709,35818.7825,128623.3629,1691.7417,34923.2509,2604.9031,4562.5029,11353.4355,49072.7896,60282.5842,12721.8609,12248.1764,52734.1073,6084.974,4629.1593,3108.5907,1061.8528,34464.7441,4537.1675,3749.7813,8056.7492,13474.6238,4696.3405,6518.6754,15419.8872,3784.1317,2196.5361,28800.7795,13129.8613,17149.8187,17575.7484,4308.5859,5376.4225,4423.2433,3745.2395,5223.4536,246.8995,6607.5218,4073.5319,9047.4835,459.6616,21199.2115,3642.5677,13772.0909,1328.1628,21412.2089,16365.1962,3388.6769,5495.6402,5143.4291,13137.8811,14716.7764,1363.522,2155.0164,25072.9104,9378.6199,11923.0627,2778.0549,4100.2156,12660.578,4572.5526,16544.4757,2041.4906,2553.9672,3941.9565,883.6979,18676.5216,2688.3273,3611.0482,71735.2494,3958.1394,43015.9514,7707.3161,287725.0417,64149.7227,2245.4854,37938.9064,8449.463,2128.6893,3008.5216,35244.5434,6333.3012,25314.9485,1466.233,65221.2494,22655.9409,21424.8689,1258.0348,46415.7161,25359.4041,985.3404,71238.6976,126875.7905,54094.2471,42201.3109,4806.4356,14869.9548,1710.0602
SMP_A0F71B387DA9E028280C,1,475242.569,38431.646,126847.0084,40155.6398,19757.7429,769177.9723,4028.3753,75255.2004,468860.1065,6527.1993,2736.2823,3208.2996,4761.288,25420.2576,1562.8819,16572.2939,17067.3679,8167.7456,26321.6037,76327.1816,8236.622,61120.6676,47141.2584,239067.5225,98738.6104,27759.9794,19748.0497,7489.3067,7864.757,1465.2465,863.6921,10351.3229,2781.252,104025.8969,9717.2269,13678.9416,1371.5274,2531685.044,211121.5375,34330.8456,2503501.523,646604.8537,63052.894,28432.5049,74600.5372,19311.5011,4301.2705,18352.6372,54566.6467,23762.121,5957.3212,11109.5361,1536.6801,119201.0672,10468.5404,8317.7411,3318.3585,1344.759,471.453,8023.3387,4409.8526,19293.382,9646.1932,28468.6092,14387.8422,2372.9815,155201.3378,5181.581,7279.4621,69880.1733,38296.0536,41195.3935,378.8518,844.9274,3427.7313,968.5582,2397.8189,3916.9572,2573.6915,3958.21,25512.809,38724.5919,12388.6477,4091.0472,3768.6693,192576.0843,247445.5034,18104.743,4786.4283,5460.3297,10221.426,3385.8686,98624.1797,170656.3774,71477.6967,78776.6548,39269.243,137638.885,2143.5452,132110.7595,2259.8217,2974.9991,12336.2114,57840.8698,65223.7099,23503.0422,44134.8194,85022.3909,5518.7486,12554.6421,2763.559,822.9255,51910.7179,3694.8105,5143.8198,4226.526,7405.9633,5836.7534,5236.2958,18847.5265,3903.8857,1653.7675,19098.8653,9768.3134,8736.2047,12241.8862,3412.9643,4181.274,2255.8324,2527.6838,2525.1375,229.0197,1700.1261,1222.1109,3098.1205,1276.4246,9419.2454,777.5265,6186.5414,1269.2354,10287.1603,8792.4274,3983.2524,6349.4579,5095.2331,13017.5032,19272.259,8633.8116,2674.3272,36628.8656,14388.9132,22556.3735,2358.4777,6338.8401,25180.0888,7404.0328,11383.2843,896.3375,874.7325,4046.0075,1456.2644,18074.2643,2472.4359,2893.9393,63260.2219,3274.3184,19231.2297,6554.2015,227098.7812,49381.2216,3834.2796,36341.3526,8266.092,1095.4777,2204.5296,45989.7043,6535.6723,23828.717,605.9,73499.359,25278.9003,20847.9909,545.3291,40846.7669,19932.0968,1931.644,89827.2799,110914.6103,52082.6728,31591.9981,3451.4709,6177.3,1852.5126
SMP_66EA3C5D6491A67CDA0B,1,488304.9315,46673.8781,137787.3358,45145.0659,21228.4904,855572.6462,4288.427,81164.8188,508700.275,7447.2367,2449.239,2601.0189,2650.8226,27372.499,1605.059,14175.3753,18994.3605,12000.714,5629.0995,90557.8836,16109.8853,86522.5591,11717.5992,233785.5554,138621.2832,36495.9092,29168.0784,7370.1036,6411.2113,966.4091,339.4834,6256.0802,1998.1639,65122.4581,7942.4147,16027.0169,1948.6226,2134002.27,136044.6383,22008.1391,1184441.725,168883.4505,15243.8396,29844.9742,24970.0855,7397.3472,4136.0326,8089.8394,38830.4163,17416.9101,4764.38,23896.7136,976.4602,66163.8498,12095.3995,5771.2066,4235.2156,1912.4444,441.5746,7665.8519,2885.9877,18998.6451,12489.0542,31189.1083,20729.9504,3003.8647,190790.1417,4742.3038,6301.5754,63734.9625,35484.6056,28150.2979,193.2567,387.1433,3132.1488,661.5833,2701.8032,1936.5586,2505.0356,2869.9215,27905.4909,35927.7117,9495.7468,6323.7355,5356.6968,203057.8426,235023.8144,10523.0814,6166.2507,6789.7406,10967.1607,4021.5405,83967.9929,143968.3798,61788.6231,91680.9486,24821.5001,170744.1012,688.1478,155670.7377,2809.4543,3998.4393,10878.7372,51749.7291,65725.3313,19437.7992,50311.5203,95297.7079,4934.2156,7512.9961,2959.283,1505.5033,45144.7475,3079.3446,6641.2527,4687.6129,7735.6223,3091.7658,6069.3813,9438.4812,1457.0624,452.8246,19679.3836,8104.1668,9618.2136,12785.8949,3084.5359,3863.4541,3291.2464,2897.8155,2618.1055,124.3041,4610.6426,1446.4218,1603.9719,560.3352,7990.46,349.2934,6233.2793,882.9774,11252.198,11424.3558,4452.9992,3752.9053,4117.4222,9901.9464,11988.4043,5175.6488,1919.1242,25948.6515,10932.2172,14871.4878,2786.7785,3643.6422,14302.9267,5902.5263,7845.9095,1197.7791,2061.5778,7047.5689,1128.1726,16563.2014,1812.1495,1886.1004,56168.4065,2592.11,17033.2518,2922.1938,215870.3925,42352.6682,798.4481,32547.6228,5266.3728,673.332,2555.3197,31804.4344,3884.4689,19090.9866,2137.1609,48264.5506,22892.5782,17264.5765,755.973,28317.2756,19651.1554,302.0506,44389.0075,93843.1527,36955.1623,31216.9295,2039.1875,4435.1855,621.8707
SMP_1216FC70E24CC3BE0284,1,474530.3728,44641.3595,139598.9926,42852.5184,20479.2633,802218.6834,3840.7106,74279.0225,513801.325,6796.2505,3439.5552,3305.0241,3943.3421,31360.5709,2511.2244,10461.576,18258.1611,12449.5672,15394.8896,116266.2746,8964.5529,79066.4136,21397.3251,298462.1062,90156.7751,46447.6798,46303.6258,9109.3114,125.4431,1801.1967,514.1088,5598.8143,690.6367,53735.3724,6163.5468,12540.7635,731.75,1876897.151,100250.5745,23975.436,1201015.976,271910.0701,17185.0098,29129.8812,25749.1903,6567.4987,2685.0494,7919.0705,39544.7289,5756.6586,4765.8481,6234.4422,686.0046,22092.4121,8436.2379,5768.7553,3385.9278,1223.5998,303.302,13564.4894,6738.4908,40846.101,19014.9107,48600.4975,31798.4043,1810.8756,197695.3236,3968.2034,8564.4196,84976.7553,39101.2744,39503.7474,817.0285,488.8499,3584.6686,540.0163,4073.8695,3178.7761,2788.0197,2936.3785,30734.5587,24592.2844,7803.7315,5725.6134,5796.0881,180729.0616,253628.6226,38660.6375,3100.859,6612.5858,15254.8166,4166.6115,78676.8359,168801.3908,84285.6005,90834.3333,43733.7107,158297.153,1313.7867,58408.4541,3241.7664,5128.506,10281.02,54730.8285,71465.7294,20604.8206,16802.1197,69902.6103,4488.8206,7537.6202,2954.5211,1395.0394,37464.8722,4391.5012,4600.1348,6218.5602,10980.3125,5037.0653,5458.6832,13018.6475,4158.685,2915.6082,24201.2914,8828.77,15671.163,15153.2025,3931.1878,3484.713,5774.2041,4367.6124,7319.2736,853.4515,9518.5862,3661.3967,8387.3913,1165.1368,18350.5637,2448.4152,16152.8366,1115.9943,20980.09,17008.0987,1303.348,4179.7645,3849.9795,8651.2102,10317.7874,1022.3346,2049.9162,21986.642,9813.9367,10279.6619,3962.1072,4004.4058,11433.9525,4340.7274,16578.8322,1708.6438,3075.6131,5607.3594,1499.1495,18204.175,2818.7067,3806.4579,75004.597,3915.8228,22330.1758,8426.8865,266633.3676,56007.7976,1663.5048,40225.7573,8738.9011,1487.928,3338.7425,57892.1408,7072.9541,34943.6928,2177.5408,99997.9814,24460.6732,34419.1197,1270.6282,59567.983,31041.1099,1605.3436,116934.1249,112102.9527,66768.2762,37439.0445,8147.8834,10806.5634,1456.7478
SMP_AC7A9831032C4B112842,1,500724.8265,47361.1103,138156.9979,48277.3361,19605.0822,935916.943,3379.7013,71666.1622,539286.9103,8857.2246,2768.6734,2810.9192,2713.7212,19290.7803,1677.8066,14146.6171,21152.2599,14067.2715,7320.4644,92318.5631,10744.9593,85952.9426,14113.4484,202190.9457,86902.4266,29310.0212,33645.1003,8648.0106,2911.1194,822.2547,822.9772,6098.5967,1008.4374,38844.2009,2710.7815,11603.8016,1057.5198,1843705.142,22911.9582,21376.0771,356060.2644,88344.4959,9349.0519,30348.4067,8750.1263,2826.3528,1775.2243,5276.0272,16105.8789,5095.4338,5656.0639,3962.5807,362.1929,14863.4182,9808.5493,3060.9583,4215.8738,1630.5886,754.5696,8543.9035,3807.9741,19425.7317,12544.9952,21701.6478,14570.7214,3850.8752,179961.5262,5060.401,7711.3066,75779.1295,34722.1288,37885.1226,294.338,340.107,3471.013,490.2571,2528.9556,4906.8035,2218.4675,1505.2247,21820.5835,43435.5053,8915.8682,7358.1788,4731.8286,188563.7843,225472.2611,46452.3709,3628.9818,7253.3256,12130.391,210.9962,105256.5674,166098.8466,78802.7404,95052.9354,42646.8838,113169.9547,2444.7968,52917.423,3158.1078,3496.5874,14853.7598,66836.6642,54948.0252,15585.592,21109.752,59797.2362,6304.2894,8553.1004,2166.7018,1596.9657,37675.7158,2372.5817,4539.5605,3879.5923,6438.9633,6606.4159,3773.2455,10733.6232,1589.033,3162.5252,18780.503,6915.5272,11539.0166,11053.201,2324.0945,3088.5173,2990.085,3240.7509,3365.8408,163.4647,4888.4087,3379.5517,6593.5975,1287.4668,21439.1163,3074.6096,5448.7831,1303.5566,11786.6818,7097.1626,2333.0895,4931.0967,3825.5695,11206.1256,15017.0439,2312.6121,2708.0079,22822.6164,12107.1719,11578.3439,1738.9299,4028.2153,9226.785,4831.6878,16941.9283,1954.344,1888.2057,5999.0269,1016.8736,12865.2607,3557.331,2270.6154,75808.9423,3162.735,24633.6506,4777.7016,223184.8347,44183.0648,2797.8292,44577.1044,7699.7397,1432.855,4337.8051,48675.8087,6543.3541,34159.9622,3014.26,80703.4173,28527.8506,21462.0412,1005.0589,55080.1139,30593.8777,1857.4026,68642.8895,101705.9516,44705.0426,28942.741,5976.1627,11884.0124,1281.8804
SMP_2A3AA768961A6ACEB758,1,494160.883,41863.1757,140622.0101,44006.4534,20708.7048,814977.1041,3658.9572,69267.3415,497128.1,6952.9258,3899.0531,3508.4093,4282.4061,30796.2132,2013.182,22327.4542,27223.8594,17274.2528,16836.3558,111133.5859,15772.0814,103905.9998,21476.1925,249598.1875,142971.2045,37148.7596,39197.9466,9733.952,3911.0033,741.2665,526.3288,5263.617,559.5006,61391.8726,7046.9077,12478.2931,709.3048,1796320.117,151796.5473,24779.6115,1564467.349,237483.8218,20819.9168,18723.7455,30476.5764,6652.3444,2742.2465,10047.2764,33519.5165,6155.847,3931.4766,5399.9301,651.4484,40645.7906,8421.4704,6936.1859,2894.2503,1699.5031,429.7335,14062.08,5613.8368,20828.9986,13894.2723,28953.5878,18978.5882,2976.2168,176505.2773,5072.8251,4855.0001,56974.689,44016.6643,30105.9692,574.6538,159.9099,3745.726,328.3897,3083.5137,3465.2824,2700.6931,3695.9109,28481.5354,51045.8704,12828.7897,7666.1908,5122.3305,246361.6116,270006.4286,27536.801,5537.9267,9585.0594,14060.6255,3617.4682,112152.1395,159958.5268,65814.1807,110074.031,27278.3651,157946.4256,1097.9962,80238.3336,3048.324,5083.3252,10513.9501,62748.8694,58259.3022,16730.1758,19442.8089,95458.4166,5068.8349,7112.5481,3095.3912,349.8121,49364.2773,5732.7219,6216.4349,3803.6172,7352.516,3171.61,5659.4352,10301.1822,2162.9953,1245.2503,15979.0678,6701.8147,10927.6629,9661.4547,2778.4444,3710.6097,2644.2819,2747.1968,2959.1034,2.4886,4266.0399,5264.4276,7946.3699,1323.0672,23908.6377,2708.8055,20257.2673,1186.7205,21383.3829,18403.4425,3535.2592,4121.5278,3506.7931,8902.9565,12512.5242,1999.436,2983.8647,22362.2165,8472.4208,12833.6146,2226.2002,3324.7673,13689.9863,4871.369,14907.1318,3169.2894,1307.6385,6754.4636,1227.3792,19985.8447,2917.0035,2940.0886,81538.37,3885.534,24300.7129,5123.7861,222890.4542,58456.028,3761.8719,51878.1053,11258.8014,1385.0131,4863.0135,50016.5901,6185.5517,33946.2684,2531.6653,78985.6624,34839.7599,21425.0004,886.6495,59309.9409,28228.0842,1665.0487,70891.2085,119870.0944,44143.2126,36761.9156,5257.3033,13942.5887,1705.8142
SMP_885BCE823B8C352521DA,1,495063.1298,42395.8755,140168.6765,45344.6674,21606.9534,856001.411,4823.5738,81677.0452,478216.9547,6750.7391,1623.1925,1932.7395,1765.6783,17761.5065,1660.5215,5609.9307,6456.5684,4018.1264,1839.1139,47050.8033,3306.2601,43184.1461,4898.6382,181210.0411,73900.6977,30817.2819,5826.3918,5226.0422,2268.9063,1095.8015,489.6073,10734.0434,1150.2853,80788.6373,13918.0958,10640.0472,888.2586,2101145.076,258153.384,24869.2024,1994816.084,691351.1394,47544.9814,21257.7109,36095.3728,17633.9359,3079.8852,11293.8161,30816.1145,7870.424,4918.3438,5722.1774,1763.4837,45169.2703,12212.9899,4823.8506,3779.9054,1500.2846,91.4864,4142.7343,3257.9768,19166.6867,8993.2074,32888.7855,23924.8089,1981.9765,112583.9041,4928.0639,2887.3254,33108.3438,29840.6846,22614.6949,295.1335,538.1788,2162.524,657.1931,1607.0372,5213.9435,1750.3131,2668.4426,31063.484,74656.4656,12639.7715,3769.2489,1756.8592,213504.7592,253840.2798,42427.2026,3702.1116,3367.5977,6936.9566,570.4883,95221.1169,166360.1458,74812.583,88803.4901,32614.2228,106442.705,2071.7685,95975.2198,1908.2445,1447.5562,9831,41398.8155,42330.0414,14915.3759,27900.5237,67122.4701,6732.6457,8222.9247,1785.6411,1651.7598,36316.857,2469.5074,3602.586,4470.4569,9049.0832,4835.8918,7907.6791,18057.2828,3993.274,1979.5066,15134.3488,5811.7153,7144.2971,10757.9558,2833.2418,2483.0707,1746.105,2622.0293,3418.7673,567.3033,4444.7364,2080.5738,5921.8974,1314.7085,11975.3884,2194.1353,7423.3045,1094.9648,7750.9722,6056.1052,1766.6016,3467.6595,2583.8156,9610.0108,7134.8152,1327.6884,804.0226,15839.2205,5936.6682,7940.3424,1611.8119,2669.6043,9396.887,3380.397,29171.7394,2766.7869,1468.6422,2320.8738,630.0492,21240.9531,1751.8097,768.3604,39521.5189,2261.9461,13155.682,4261.0365,222381.6696,43637.7191,357.9074,27378.952,4092.4281,1369.6498,912.6376,27964.1666,3144.2634,13754.455,866.1936,53299.4885,16116.4621,20772.8747,420.2626,30235.0263,17049.3,0.9086,54962.8059,101113.7108,51239.9653,35667.097,950.5949,2493.357,1245.0729
SMP_065A04DC3602A2C3DB68,1,484694.8386,41731.4504,131797.9791,42443.4603,19607.9114,824256.9732,3324.1546,73460.9328,533704.9506,6683.6201,2853.6959,3089.4742,2786.6483,28250.3714,2209.7615,14163.9949,19459.8493,9039.0502,16575.7772,105797.1512,7296.2563,74980.1514,17566.3716,227192.4559,93273.8334,46276.9096,29407.9015,9083.0744,9885.6924,1182.7521,640.0604,4542.6029,1230.3587,40409.9032,3388.5435,10021.0918,633.2891,1601495.576,58022.2344,23788.7485,1250096.962,364896.8488,31583.7406,25250.8,25085.7602,7403.7948,2296.1239,6064.4023,29286.7402,3361.1883,5554.6542,5987.1101,216.4324,28040.8501,8793.9062,5526.6315,3223.8913,1234.6451,262.5616,13322.2863,3721.5692,27853.5804,11179.6271,21319.9267,15028.1174,696.694,124328.8392,1956.7508,5317.6794,54979.556,21183.4559,29166.0372,484.1024,139.3132,2892.1621,503.7085,1922.9962,2721.7253,1381.1578,2086.8489,21974.1628,14159.275,7840.7727,3406.4989,5317.6107,172268.0279,274106.3058,43330.1712,3081.4706,6583.3264,15321.1356,378.7156,83456.3545,198053.6249,82145.4469,104102.1676,43518.3682,153463.321,2270.291,65690.842,2939.5485,4789.7858,11446.3373,64110.5587,74457.1227,18876.8975,22215.7508,86885.3588,5445.098,8921.7927,2211.524,1957.6551,54716.0719,4921.8205,6592.364,4166.2693,6922.1081,4988.039,3502.7383,12438.0325,3807.7421,3089.7352,17297.7903,7416.0339,12767.0734,12410.4256,3233.7977,2021.4536,3405.5759,3999.1688,4474.9227,338.6431,3633.3533,3200.5907,5372.3961,1125.4148,16025.9952,2117.2716,10431.8829,1867.0783,19789.1302,11518.302,2878.8789,6034.5258,5116.4974,15468.1516,13184.6896,902.9606,2318.437,26901.784,11028.1886,14180.5524,3404.1566,4406.8106,14817.9984,5573.2752,19202.0725,2042.6087,1525.0949,5428.5359,1496.1321,14825.1725,2407.7389,1765.7878,69660.0738,4631.89,22620.5776,4841.6473,236889.6674,69546.2439,1970.0694,39193.6888,11772.4912,3915.0871,2767.3488,46279.6844,9173.016,29988.8985,3877.2759,93716.1987,19650.2532,45846.2127,1033.2537,55062.3539,31571.6692,1083.9148,83205.7968,98849.3078,71080.9202,34475.252,5097.1562,7890.6318,1712.661
SMP_D846D8743FBA63FDA1EB,1,497411.1491,44760.7296,129902.0105,44484.9894,19078.0445,837635.946,3842.6863,68861.2285,528107.9461,6882.798,2878.6375,2414.977,5199.9848,18086.1265,2068.4536,13052.6318,18420.546,12766.1808,11118.163,81668.2882,13902.414,90050.3563,16595.0805,210304.9866,131586.0838,36396.9578,28458.5726,8076.7711,12062.403,2462.6264,747.6639,12373.1064,1929.7855,93853.8276,11723.4867,13063.1185,956.4438,1828048.273,158340.1955,24160.2982,1374079.828,250550.8078,40331.1074,23392.7336,28357.8589,8877.517,2988.0606,9552.1983,44287.2591,20127.1921,4354.192,12331.5949,1243.1462,74859.1665,11847.2595,6295.557,5161.2057,1599.1158,214.478,7273.4848,3952.5468,15156.1434,10404.5158,20900.776,19139.2699,3425.4717,218314.8038,8394.2211,8651.1559,97539.07,58780.5134,51037.8814,921.9948,954.4768,4145.222,1957.3297,4527.9136,4440.6068,3642.8704,5937.7131,31759.5569,45033.6818,8957.3885,6038.842,3922.819,212051.7596,241553.7366,3870.6601,4493.3746,8150.6989,12369.235,3771.2169,126513.3478,191301.7487,70108.6025,82795.9545,28334.3822,159954.8212,1604.8479,157397.536,3483.5221,5006.7242,14613.8288,60436.859,78669.3167,31715.102,60881.8789,111291.0065,4632.0281,13771.8577,2551.6179,1801.0158,67331.4234,4726.3665,6888.1914,4108.6292,6861.9351,4160.7278,4272.7854,12368.6463,972.9017,1157.3089,20301.4025,10128.0375,8141.7804,13533.5515,3517.9938,4637.8677,1450.1989,1969.664,1529.7179,128.1079,2794.8158,5712.3565,7365.9178,982.7999,24834.9667,3868.6137,15728.2231,809.8087,33669.1605,34855.2471,6769.7146,5127.2289,8445.8769,11464.2442,21183.7668,10349.3683,3316.7427,42868.4647,22836.7893,20473.411,3159.4697,5747.5792,21297.111,11035.5655,11047.817,1025.7693,1444.4327,4154.6117,718.8339,23955.6126,3714.3953,1536.6629,65877.3703,5439.1551,17542.2209,3972.4667,201029.2224,59163.0099,1544.8173,31744.4526,9202.0115,1383.4345,3179.9955,37926.0186,5663.8758,25273.3499,1778.5245,58777.4547,30045.0757,17594.8548,949.138,43107.466,26210.2385,489.2645,51105.7899,113433.7801,37615.1975,37063.272,3194.7647,10988.9055,1062.9618
SMP_315691F7AA03ED60AE22,1,474733.2757,40104.8609,138040.8103,45961.1593,19731.7726,877870.2183,4295.0529,73370.646,529432.7848,7595.7222,3434.069,2797.8639,2153.8666,22216.4223,1755.6173,13162.9878,19009.0703,12810.503,5040.6783,86249.0873,9066.1725,77254.2809,12346.1987,214689.7414,92933.4388,37761.448,34375.7737,8525.4425,8151.6531,212.0611,256.3288,6050.8968,926.8035,42126.153,4286.5246,9937.5731,621.6047,1389261.914,52405.064,20558.7892,666740.2175,166452.0614,17647.7894,23009.6305,15049.5815,5882.5122,2617.4605,6472.8069,36727.3847,8366.1264,5134.3882,4299.1314,163.537,24171.8168,9771.0403,4269.0444,3667.6862,1624.11,693.4724,11540.755,3450.4227,16617.3853,10777.4916,23400.7323,14566.1538,3356.0896,175833.5509,3680.0161,7153.04,76464.6551,40587.1414,48556.986,357.3733,298.4654,3844.5572,869.1452,3105.1564,5095.6195,2687.8477,3328.7203,23262.3403,30449.2157,11523.7753,5930.8168,6333.9613,186600.2753,245218.3677,93589.959,5940.8171,7735.0619,14148.1614,3329.5356,101956.2751,184234.6554,79309.113,88045.1885,51658.7459,127700.6907,2439.3277,101745.2808,4205.4573,3670.1118,12519.915,56344.2077,60513.4474,15586.2006,31866.9343,68499.1585,4961.2403,8007.2085,3063.0528,2138.866,39385.3712,3609.1799,5820.4749,4072.5614,7066.98,4379.3076,6809.0646,12294.1665,1975.5063,1281.1292,15735.1839,8889.3852,9060.4527,9111.1127,2541.937,2754.8411,2403.4988,2523.6307,3115.8238,189.1844,5333.0831,3701.8924,6002.8351,709.7819,18903.7888,3526.0984,10238.9444,1380.348,17367.2285,13271.7089,4196.1751,5881.8458,5769.1186,11691.9274,13265.2328,3943.0654,2986.6633,22517.7481,10413.0321,14305.3583,3294.1776,4968.5842,12754.1548,4864.4013,11642.7623,1266.6254,2972.0165,5833.1451,1037.1542,17917.7075,3713.4649,3170.3994,80099.3369,4614.3391,24356.4525,5491.8506,242485.2486,50058.4356,1305.6194,44274.6569,8746.5305,1717.1686,3550.2769,49914.3758,6580.7434,35134.332,4264.951,73364.2437,29942.6386,28462.8458,1258.8605,52928.3846,34319.2129,874.5394,70521.986,112005.5936,56301.7992,35437.1773,5635.0733,10983.8995,1953.2606
SMP_D1873188F97A326B1452,1,467138.3859,44129.8771,126002.415,39475.3547,19269.9339,831402.4302,4411.9156,75628.2317,515180.7012,8254.3466,2802.7252,2636.6318,2749.2286,26376.6974,1748.8244,18117.5094,18217.6768,8618.958,9162.1161,76160.3207,7818.8989,63827.6719,17320.6915,199469.4432,100818.5617,27993.0187,32111.2285,8796.3913,6020.8823,848.8194,439.3146,4078.6684,696.2655,36652.228,2823.8243,8118.52,254.8978,1197666.076,54577.2501,15687.4677,723182.5862,152180.259,13473.5323,15454.7671,13700.7321,4151.834,1565.0304,4131.503,16399.509,4090.5688,3596.6482,4661.818,154.2393,21731.0102,7244.2922,3706.9128,3174.3213,1178.2776,305.8624,5841.2094,4072.1978,19068.9629,10453.4651,24204.0407,18548.2227,1786.0106,133030.571,3064.6813,4306.997,48482.6155,30834.0098,32190.5862,363.2008,110.4277,3232.8154,771.7014,2343.3052,3206.1319,2610.5825,3364.9561,20160.4878,22659.3249,6157.7707,6276.7248,4451.4013,187012.4325,229067.6173,12885.5372,3404.0297,7458.0256,10883.9307,3295.5642,91671.428,156506.4056,66845.6313,83908.2594,8829.3512,141852.0534,798.3392,82481.6447,2637.4048,4070.6645,10118.166,53956.8749,64427.1415,17870.7301,27393.1438,88399.4873,5288.4047,9112.8208,2929.0024,1047.2911,52511.7264,3302.7283,4523.1983,3800.0853,7469.2515,4624.7517,5758.0862,9685.3011,1063.6289,1232.9312,22705.2566,9405.7029,12349.6576,12514.0725,3376.5629,6019.539,3792.0806,3390.8756,4518.0265,218.6083,6093.4255,3420.3131,5508.1634,977.4416,14176.2528,1692.3605,9975.1045,1153.96,16937.3541,15843.0762,3400.7755,5051.8423,3914.1527,9159.5189,18334.5148,3779.3242,2329.9714,30277.1553,14399.1262,14308.3476,2157.6909,3143.9604,14871.5616,6113.4472,9679.1651,703.0314,832.4822,4588.7,218.8737,14737.4761,1647.0503,1944.5831,56533.4611,2214.7923,22162.2905,5309.6442,228594.1358,52669.3933,4487.2035,48834.0647,10550.5511,2131.8956,3930.4886,50471.7338,7710.8686,25697.9091,1831.2746,75856.1278,25992.781,23292.0496,743.6316,49554.4704,27013.1322,2013.5932,74988.0591,118543.8838,46189.4346,39022.3605,5451.9085,13798.1929,1903.5529
SMP_CEB0BC85C33D535B035A,1,485227.273,40571.0324,133234.2691,45153.8178,21595.4029,859219.0948,3280.5393,77856.8937,544307.8656,9408.6562,2755.8615,3788.2685,3722.4967,25609.1886,2206.0035,17723.3777,20482.641,13165.0184,11937.7521,83870.5871,11314.1946,87863.2677,18161.348,210368.4386,109636.1831,29255.4657,51494.6864,10327.9567,8389.8133,931.1833,798.0694,5156.6787,1611.8537,46393.5125,5528.0275,12207.2239,784.8839,1643992.206,74745.6283,22726.5086,997036.5464,201479.2616,17576.6356,24264.7888,19875.8518,4944.7865,1722.2946,5154.4347,37911.77,10098.2483,4275.2808,4817.3529,278.0251,40853.6077,9185.5611,4682.4199,4115.527,1365.9244,241.4915,11954.8822,2695.8162,17567.6399,12629.3726,22066.0851,17012.5422,2243.8427,138289.3242,2525.9582,7239.4458,72262.997,29055.0773,31068.6851,410.4182,2.2643,2499.0939,482.9291,1992.0908,2140.0171,2046.3761,2519.8355,20945.9441,14790.6417,8512.2166,5192.4144,5131.6947,153271.1182,227646.6318,5218.7711,3646.3914,7247.4018,12861.0637,4161.2337,95475.56,177857.0295,61958.8011,66444.916,31847.6277,133560.6423,1398.3028,109094.0899,3020.5842,5355.1304,12237.6326,55899.4525,78466.3652,16857.8716,43684.2281,79363.8932,3774.3179,8566.6375,1671.7053,1019.4794,58857.4795,2839.9784,4239.6149,4376.7756,6815.494,6286.8009,5092.8472,12529.7817,2326.7182,1812.7658,21962.1704,10575.7789,9921.3327,11954.1022,3960.2907,5852.5275,2215.6127,2390.6362,2444.7968,66.1453,3689.0776,1358.0822,1747.8555,638.7834,7684.6048,852.232,4475.1738,1251.384,10683.9329,8053.5555,4104.4013,5685.9176,6854.1613,13015.461,18396.0205,6493.7914,3256.4347,37826.5166,16287.9391,19293.4454,3100.3648,4855.8116,23414.2264,7981.9776,7527.1735,470.7928,1240.8722,5532.6975,1259.9089,12504.6148,3600.6431,2969.7787,75668.9837,4654.9469,31536.722,7021.6378,245688.3185,61231.5165,3815.1294,47935.5885,12798.0946,2358.8524,5420.692,50613.0898,8882.3758,36384.5209,3303.0364,74770.6133,32526.7326,24645.3728,1514.3468,62748.6202,35000.207,688.2168,75728.4284,119017.2803,51008.9027,40300.6741,8303.9997,19590.3184,2163.4749
SMP_E4B26D68062EA263FE2B,1,465606.9863,38723.8193,127794.4218,40126.5901,19048.0796,762721.503,3658.6913,75096.8435,527043.9021,5993.3422,868.7709,1844.9018,2761.196,16808.1996,1280.6543,6936.615,7072.4199,3563.9432,6668.1769,41001.2069,4248.3471,37627.24,17386.1421,174381.8871,83817.1032,23495.1656,12496.1418,5611.4581,11213.237,1919.1425,681.7531,8005.9185,1649.2034,65387.4458,8480.874,11530.3957,1097.7817,1628501.134,184510.9002,20401.4015,1410058.771,312923.4252,35453.1256,18447.9585,28820.8997,9159.6423,3455.1998,7724.8702,41964.4114,16645.1035,3851.781,9790.8188,971.8846,83867.8426,9045.8502,7371.7671,3514.2907,1262.5118,396.5343,6935.5078,3629.8703,19744.8014,9233.8228,35302.0412,21667.6434,2305.909,185373.1061,5875.5981,4852.6058,59075.6682,44999.4541,32938.8965,397.3336,324.1168,2699.0171,1434.4545,3714.5442,2423.4161,2375.397,3870.1904,29709.4553,46063.6085,9943.4668,6306.3397,3338.012,229031.2182,240667.6894,2690.9592,6085.4432,8086.247,9693.4861,3294.0763,98664.7957,156652.4641,63947.6162,77291.298,31746.7312,165043.4059,2082.9545,151949.7902,2258.0722,3859.172,10010.7802,40774.379,63702.1176,30386.5697,41048.3761,114171.489,5823.2958,14233.4763,2407.3721,2292.0761,63526.3714,4018.2056,6617.8658,5161.4092,9912.8971,4666.1204,6647.9801,17528.975,3240.955,2102.9679,21097.4864,13518.0137,11068.3531,13410.164,6296.1345,5327.5992,2815.7186,3021.5292,4170.5021,495.1213,6601.1465,2183.1444,3841.1815,796.4235,9310.1357,572.1303,9773.3597,728.3191,13787.6937,18503.3305,4278.825,7051.4091,6779.64,18102.0256,17225.9756,5631.1572,2826.5894,44609.6258,15410.3803,22060.5589,3049.8311,5975.4453,29965.8501,8417.8047,12413.461,1404.1797,906.5668,3789.8443,810.0665,20200.8061,1243.452,1270.8647,48828.8102,3518.3545,17210.281,4989.5967,225865.046,49496.079,2552.7243,32924.2307,6934.8204,1325.2252,2472.6582,31678.2007,4285.8264,15921.2572,798.4897,57977.4181,17600.1702,18195.4042,430.0502,38918.3482,19788.5473,901.195,87897.6299,127600.4814,57110.0861,39764.0387,2778.1638,5861.1415,2174.2932
SMP_9431BEB9B2B1EB22FD35,1,462168.7248,43571.8276,137257.2817,44079.0469,21757.0832,879551.5532,3975.3035,89835.231,519937.3616,9002.4276,1913.2732,1948.2764,2619.9143,20259.6749,1516.7673,10575.7403,9700.0042,3902.1106,4596.5552,47911.9969,4454.7282,41050.3842,8789.7444,142307.4583,90133.9332,17750.3981,20165.3335,7331.2214,14277.5831,1551.9468,481.2464,4452.7813,1007.675,34511.6464,4900.1614,7395.1764,920.3964,1292836.999,82135.8984,16198.823,622383.7997,186788.8526,17731.0145,19683.466,18214.2668,5138.5962,1257.8397,7015.1739,25627.3176,22747.9879,3719.6614,7497.9955,239.0262,96426.8823,8470.2182,6459.17,2978.2831,1446.1366,488.5561,4784.9526,4417.403,20109.6001,13968.0512,32749.3971,31809.7464,2931.446,155181.5663,4181.4597,4184.8016,49208.5635,32424.921,29926.8549,207.1992,512.4387,2612.3101,564.2275,2845.4739,1499.9729,1294.2635,3218.8472,22976.241,33128.3734,8605.8866,6075.9246,3227.5042,165448.4171,208306.672,8611.3849,3195.3852,6240.8402,8578.7056,590.2517,74763.2646,139074.946,53418.9825,68450.932,25019.1131,116687.603,1677.6544,145551.7064,2027.668,4014.4586,6995.6543,46438.9716,52014.2331,15422.5257,54483.6525,85618.3907,2854.1233,8263.4898,2322.4664,1103.6128,57889.3585,4486.7953,5210.0027,4714.9066,7904.0163,4136.6588,6252.0162,12713.996,2042.1361,1987.5934,18122.3937,6885.1954,7520.5923,10073.377,2768.1078,6744.8708,2652.5892,3049.4535,3637.9522,461.7979,5447.0139,1651.6692,1934.3965,624.0339,4884.4939,266.495,4121.2779,1033.0965,7168.1874,9441.8729,2573.1946,2905.1081,2121.0672,6810.8537,10607.8002,5151.928,942.2832,14754.7913,7110.4815,14448.4692,2038.9665,2398.1384,11354.1932,5379.0721,11055.2515,1204.0593,1573.6977,2665.1935,920.0729,18791.0786,1810.3605,2336.997,49470.3098,3723.0008,19206.2732,5553.0441,237096.1843,50557.4409,2777.8804,41547.0798,6787.9336,1465.9175,3295.0417,40943.0942,6842.8007,18033.8527,1937.749,61796.1457,26642.8539,22332.1597,1590.5597,41940.7698,22845.7268,601.8578,72904.7322,139502.8139,50690.3932,49890.5278,4017.7338,12560.5968,2681.6551
SMP_2754954EE68760A916DE,1,500915.3383,42269.2011,137671.5007,44272.0497,20288.7629,898328.3285,4149.8297,68356.5974,539365.1503,7137.1499,3441.1118,3001.4896,4239.0794,28950.9637,1989.1567,18971.6802,22405.2771,12959.5074,21943.633,100491.8328,15858.6737,95075.4479,27197.2964,248297.7726,161616.6342,33070.8582,36531.7122,10217.1204,4579.5013,1827.8796,712.5487,4306.517,799.8241,46110.7642,5218.4392,10254.1102,669.8603,1528082.727,104895.0937,20154.7792,996177.0869,162265.3007,15454.0723,22114.4894,22714.7343,5345.1325,3048.6904,8934.5206,26662.9545,8300.0887,3855.7656,11817.9936,734.3706,43941.4183,8913.5171,6211.9879,4737.4873,1486.8351,210.6207,11880.4068,3655.4599,19087.5829,12041.2341,27805.6385,18196.1813,2361.6125,178415.2605,6481.1391,6619.2314,80679.638,52138.2512,38031.8301,708.7192,529.5104,5350.2597,1102.6551,2258.4367,2698.3753,2693.2433,2999.4161,25278.4182,44311.3021,10609.0465,6519.5509,3672.6211,224284.1477,244168.1699,6029.8358,6693.1264,8109.6348,12264.3898,3578.9162,116426.2229,174773.9847,76771.6078,101966.6702,39520.0611,162883.9641,2418.7975,100497.2446,2590.731,4348.2354,12721.0321,68654.9084,72920.3715,24745.4184,29801.0838,98707.0852,7156.9913,10501.8542,3248.4016,2057.8966,59739.5056,7814.4004,7798.7576,3976.6083,6901.2887,5252.6533,4941.8765,11880.4703,3291.5385,1644.2926,22284.6401,10029.7899,11251.9247,13628.381,3795.1224,4923.4585,2599.1105,2371.8957,3309.5137,148.4517,5048.3357,2758.7458,3895.5461,1145.1813,12584.3252,1416.3,9286.9893,1075.1612,18192.3317,11756.8706,5730.8846,5322.0561,7451.882,12421.7689,19789.0799,3185.652,4798.9232,45313.0068,18253.6343,17049.0215,4753.7486,4252.9954,18421.4163,7239.4121,10060.8306,1021.6003,2718.6735,6146.9821,870.0301,16179.0531,3057.4978,2568.893,75928.7124,3854.0759,19696.5503,4322.7713,223515.5247,54505.0002,2764.8868,37989.927,11576.8426,1602.9896,3324.2006,40409.7338,5356.2167,27558.2489,1356.0767,66132.4559,29510.6692,15464.1548,743.2764,48267.1493,23755.0518,1359.6953,72112.8289,129662.9712,41766.2679,35677.6241,5326.4448,12530.3391,2402.2412
SMP_A3CA462CD1080F533EBA,1,523797.65,42383.1387,136081.0285,44993.9042,22616.4048,912311.7391,4386.1156,74740.2478,526057.6491,7253.7711,1504.1639,2590.7452,3018.1243,16732.9958,1141.7634,9451.3151,13073.5174,8017.8089,5609.1172,56565.2796,7423.5908,64388.3525,12101.7636,151934.0133,92751.3562,21198.4472,23810.0887,6474.967,7811.0242,763.2691,424.8487,4202.4307,1722.2855,36217.7421,3681.1848,9130.3258,462.1769,1351117.133,59626.9248,17339.6631,629242.0407,138853.0306,10226.3611,22864.8814,16916.1096,4829.6658,1131.3011,4247.6076,18878.8035,4778.1878,4205.4807,10673.2239,66.95,24450.7894,7450.5636,4873.8515,3413.4434,1351.6739,323.4892,6676.7108,3845.2967,20652.9681,14043.0053,24792.752,19187.8805,1984.1096,127303.9264,3047.095,4833.938,55601.3168,30230.5045,32966.5195,461.3109,149.7195,1936.2701,568.3959,2425.4859,3220.5408,2182.3955,1934.3813,22894.2302,26395.9959,8470.0355,7182.9825,6296.0817,181846.0951,244153.4711,19743.5167,2833.3978,8272.8086,14147.1762,3036.0001,99658.9663,179133.13,77799.2567,74566.4695,47404.5492,131492.7862,1903.9938,71816.6845,3687.0466,3799.5996,14383.7365,47289.0171,59043.3996,17003.4416,23813.0202,82893.4208,4905.4297,8642.163,2753.7342,1127.0813,50814.0826,3948.3538,5755.1714,3655.411,9812.2186,7984.018,7864.5214,18497.5093,2944.3813,3438.3726,20018.9641,12105.6809,9631.9499,13697.3372,3753.2658,3669.8266,2255.3901,2306.5903,2607.4232,368.7479,3034.7615,2821.1329,4494.1067,357.7236,15104.4731,2412.7205,9065.0809,774.3793,13643.6413,11311.5977,3845.6532,9047.756,5987.5393,16069.4453,18634.4978,4268.4107,3134.6175,33437.535,16034.338,14052.7378,2721.2998,4803.4698,16371.2352,7513.9893,10745.612,557.7607,2450.9598,5523.3372,848.825,17620.0531,2388.6231,2437.5022,56516.4886,3129.1666,20972.4888,5690.2525,233737.6902,49202.7933,2324.2104,33130.7848,6484.9081,1617.3545,3493.345,38261.5855,5768.9668,24543.9776,3148.1195,57917.8643,26422.8124,17818.5158,1055.5172,49391.2633,26244.2456,851.4159,58110.5721,118127.4376,39463.5536,36053.1788,3910.7636,11587.5336,1660.6819
SMP_7A8F7D5B9EF388CBB198,1,482575.0442,40078.2086,135909.6899,46374.7966,22984.9097,863060.3397,4269.7659,76443.9333,525854.9308,6800.9322,2829.5505,2587.5064,3898.6142,31628.4717,2572.1436,12772.6352,17476.6108,7230.2627,6202.9989,90465.7198,8123.2981,58961.8151,10619.4078,239474.7772,121137.3026,37671.813,30749.3285,10657.8882,8167.1701,5.8645,410.8642,8491.3079,952.5667,39891.3033,3099.5677,8983.391,693.7153,1825029.534,54732.6675,21995.2963,1026727.072,412270.1425,38786.1744,28989.5372,25423.6563,8656.2639,966.4981,7017.8276,29097.0193,4457.1343,4981.742,15244.2651,501.1775,26990.3401,9033.4956,6164.6119,3417.4063,1703.6766,353.951,16224.1058,3733.3218,30190.2686,13037.7337,31493.0744,27225.6037,2028.3309,164919.0423,3077.3573,9386.9616,95162.897,36007.3254,66490.1394,1159.1198,786.0375,4111.1348,1161.4368,2765.1347,5070.1796,2415.9334,3310.4592,22385.4673,12114.6658,9319.1399,2961.5983,4131.9445,134120.9387,249000.9171,37652.1289,2187.9981,5277.6697,14129.103,222.6877,70427.3691,198177.9043,93893.9714,90355.148,66642.2764,108126.5993,4317.7539,50469.6612,3221.4981,3909.8757,11255.6351,53981.0048,62093.6056,19517.751,19501.8196,81221.3736,3385.4898,9549.0262,456.7764,1695.6978,55313.1409,6073.6944,5673.753,5103.2299,9128.5969,5474.1364,5950.3537,19362.1607,4011.1056,3302.7835,14219.9363,7595.543,10965.564,12282.9616,3375.5637,3235.538,2575.0263,3560.6434,4166.8569,346.2849,5856.6687,958.2772,3773.4387,1094.5459,12662.0655,1755.4974,5483.962,1367.8119,14249.1091,8452.7902,2934.3426,6590.8301,4362.3855,19616.7237,8679.9087,1009.8929,3059.1723,22810.8758,9371.9082,11894.2234,3456.5425,4164.2157,17197.4954,6818.6466,17155.1092,1463.0552,1491.0497,4155.9658,1251.4096,12264.3113,2975.661,3020.392,58093.7644,3551.0259,19826.2313,8337.2355,268539.3415,60153.9403,658.5736,42363.1747,9547.1244,3065.3652,3005.6083,44905.6397,10090.7213,21603.214,2540.896,78808.131,25886.535,37686.8019,2334.0326,46403.4345,26237.3936,346.56,83496.5075,131019.9845,67366.713,53919.9449,5443.646,14682.6091,3078.7959
SMP_76DEA96F9DDF15F742FB,1,488468.5899,34468.7424,126834.4468,44718.9274,20483.0651,825871.0405,3471.482,67316.7584,501785.9319,6776.3473,4373.7169,3715.6702,2535.1841,25259.7501,1628.5551,18788.4949,23495.6409,15954.2427,6167.8255,95567.6842,14557.2779,107301.6331,13457.5178,259527.9629,122985.2121,36949.2534,48343.7511,10560.6018,150.2413,2157.5776,643.5965,10117.2243,1611.604,104814.1895,13910.605,15088.303,1168.2454,2267242.082,228676.182,30565.8523,1804371.471,299151.9136,28925.1695,33202.1537,36906.5256,9804.4892,3201.8585,10256.9594,44953.6601,11110.6689,5485.0499,22594.6486,875.9788,46601.2965,10754.7333,8853.4047,3831.44,1141.8859,316.6444,21824.2934,7698.6806,35742.218,27222.4697,48002.1633,33979.9998,1701.3234,181061.4006,4566.0527,8190.1194,81351.2256,48445.6592,39778.8884,131.3246,860.7176,3070.7395,615.0264,3809.8022,3741.0404,3163.9038,3732.173,27230.3656,29506.6376,7738.7861,8022.453,5290.9674,212364.8696,273573.4388,7229.2869,2703.0994,11130.6611,16161.8712,3197.4147,114424.1243,180111.4656,94705.3963,87170.5125,46031.1447,145819.6755,1153.8075,89995.8166,3297.4699,4760.8511,15983.2777,47984.8342,56192.1254,22016.8282,23485.618,86536.9999,3818.5735,6343.0737,1755.8483,1099.8314,36932.5383,7645.9172,6274.9549,6758.4635,12216.0214,5916.3903,8915.6464,18068.6143,3879.2748,2887.617,21971.9148,10227.9284,16237.4268,14029.8078,4660.6837,3945.5241,4343.7634,4180.5985,5591.0366,343.4632,8159.6186,4434.4823,7813.6032,1015.0135,18318.0671,3613.4145,18496.1417,1454.4369,23925.072,20850.394,3898.8773,4873.6584,7969.8887,17421.1302,11150.2884,2110.6649,4104.4202,29014.8119,12202.1354,14391.7242,4410.6084,6522.6606,17447.6844,5961.7778,13792.1461,1631.2504,4643.5847,4358.1482,1317.4172,29764.0151,4760.4807,4690.2875,120733.4908,3584.5887,35523.7666,7961.3311,280663.2299,63402.9187,2095.4463,56813.5284,12712.2296,1944.0764,5515.968,56428.5934,6662.845,44245.5653,4709.8139,83832.9051,42039.9337,21668.683,1566.9117,75377.2302,39788.3331,653.6152,90082.338,139511.0441,61617.0624,41233.2539,7082.7046,16144.2177,2727.7516
SMP_3C76E56137DDBAB8D88E,1,486130.6786,37474.5614,129201.1966,40189.2331,21951.8916,809379.7272,3380.3575,67792.5042,500228.4092,6739.7808,3220.0822,3098.7833,3202.5436,27318.7657,2674.5339,12536.6405,14306.5042,9997.415,4718.9553,82884.8122,9104.8379,81905.5735,10450.486,243961.8838,108098.5924,39573.8278,34226.0152,9283.5947,8223.692,1515.8159,623.6423,9755.2703,894.9387,78557.9123,10335.4281,11785.5791,871.7497,2140067.893,174255.9829,28758.3562,1667434.547,285031.4753,25188.2211,32157.2968,30539.1625,8381.5152,4245.9201,8230.7311,32097.8613,6479.099,13961.2468,11271.1285,708.8594,34532.0473,8602.1808,5798.1101,3244.1072,1450.4468,792.1543,11855.3806,4395.738,19636.8064,12562.0018,29952.0211,20404.6657,2017.6336,163379.4485,5574.0064,6938.1932,72595.1888,57415.3507,41596.223,521.8299,289.6261,3355.0878,1002.6561,3389.6962,4956.4329,3791.6042,2260.3727,26308.7581,38835.6513,9365.3503,7068.2864,3446.4292,220519.1807,258051.6039,21669.6676,4784.7217,10386.2978,14070.5429,3388.5077,116743.4191,175620.4249,85265.3422,80096.9456,53041.4568,155449.7536,2360.6429,72906.9505,3298.3978,4530.7264,11827.7172,48860.2622,58194.4873,22783.9859,22428.7261,69655.4616,7545.0768,8502.9964,3375.3781,1238.5164,35387.9195,5152.203,6641.4409,4933.0808,9464.6256,7096.6338,8482.6793,17838.7058,4049.7698,3101.6228,18684.9359,12616.5181,10877.8426,12948.2491,4557.2897,2933.6322,3040.1869,2813.122,3784.4542,346.7287,6254.2648,5455.08,9132.92,1894.2537,16494.5494,2893.3962,23436.1767,1530.8379,18578.5312,13212.2932,3183.1922,8014.4134,6327.5481,21991.8339,18608.786,2750.246,4260.8651,38570.5145,14568.3821,11939.1677,5402.9039,5349.6241,13733.5506,4219.8878,12029.7628,1171.4486,2859.1627,5688.5087,948.4593,15218.2448,2569.6803,2698.0217,70674.1047,3603.4774,24626.0238,5975.8201,262651.6329,66421.8878,1556.8301,41080.1766,9157.1421,1606.2984,2652.4051,38902.7074,5725.5591,25254.6153,2458.8023,67046.398,25293.3093,22241.4591,651.7926,49960.5807,30921.8053,639.5888,74955.5313,113410.768,57633.2533,38533.1769,5439.0883,12739.4721,1998.8813
SMP_5E194704D1C06873BC82,1,501712.7651,39649.2801,144095.228,47139.816,20578.0032,872623.6461,3759.5667,78244.7092,548222.3787,7790.8032,3055.7539,3312.2936,3252.3143,32265.7297,1694.5939,15129.9604,18181.3146,9997.469,6469.3167,89540.4531,11407.2323,72551.0425,12336.6336,255627.0886,129664.3573,40273.1715,33703.327,7913.0005,6155.0106,647.4927,307.1029,6938.6848,434.5014,54713.6773,8033.7041,10136.8067,942.6219,1807429.604,131222.0065,21250.7244,1243459.097,286372.8194,29061.6914,25257.7758,21963.5001,6197.1447,3359.8959,7225.8276,32225.0543,6716.199,4808.4403,5524.9207,489.0971,28852.2509,9346.1644,6523.7338,3661.2192,1570.6722,738.1813,9006.7983,4270.0728,27740.1344,16541.8605,37874.7551,31539.3499,1969.8351,190968.6754,6202.0609,5765.7722,63191.5711,40174.111,33731.3735,304.5991,263.7115,4278.6544,652.0527,3914.1675,5159.947,3104.7723,3537.5272,22644.8124,42831.9561,9177.5978,6405.6041,4654.5614,205595.6468,252559.1001,16269.4953,3088.4904,7564.0358,11215.1233,2868.8143,88874.7177,159079.8074,63855.8354,94690.3469,30165.6937,123350.3416,1361.327,83875.3232,2455.3402,3354.6594,9245.1216,58835.907,53394.4248,21592.6399,22011.6594,75489.2693,6013.3006,10306.3562,2189.5517,1631.5533,40082.8405,3626.5535,4780.7881,5174.3314,8610.9029,5763.6314,4613.5611,9441.9995,3728.7414,2228.8909,23399.1293,6526.302,14509.0403,13335.1119,2660.3498,3443.5842,4089.2027,3970.5923,4484.9786,48.6385,6000.0018,3820.1637,9137.0328,439.0419,18052.4014,1788.4911,13518.8685,666.8311,16663.928,14250.3037,2634.7115,3681.0363,3003.679,9130.7993,9619.8498,1605.4925,2171.7921,18544.9708,8005.1917,10137.8356,2770.3038,3137.5463,9424.8727,3585.5762,15467.1367,2263.4822,1830.289,4563.778,1035.0132,18991.5182,2649.6023,2559.4099,68270.525,3589.4209,22033.3459,4115.9311,237461.631,51185.3519,1587.9832,40243.9598,6560.8853,1513.2733,3038.8235,44126.5568,5308.0253,25894.8842,2765.4871,73780.2883,27970.8044,24746.8608,973.4057,48965.8927,25994.2296,1000.9295,84852.3064,125520.1917,56538.0688,38345.7442,4782.268,11375.7828,1184.6008
SMP_73AF48BA0D4096252D87,1,490823.7082,40787.0539,139138.0428,44173.5136,19855.6165,799905.9192,3673.0169,76055.3289,508554.4757,6780.8118,2568.7646,2632.4174,2284.0141,26411.852,1637.2763,13684.6068,17499.7897,9111.1853,4899.4825,83926.5407,10174.3841,71726.1973,12245.5494,250880.1884,132324.8649,32983.3783,25175.4827,7708.0905,11572.3713,454.7692,804.2175,4969.9047,680.3467,41171.9565,5617.1231,8048.5549,553.0052,1812335.538,131631.8489,19612.4866,1518062.414,390934.1194,23637.5246,23267.1899,35866.5788,11412.769,2650.5893,8353.8284,46567.5015,5904.694,3858.8488,5725.0493,826.6839,29315.2733,6227.7132,5764.5614,3162.4135,1218.7205,688.0233,14485.1773,3545.219,18570.16,10664.9387,24184.4019,21070.0579,1690.3935,157269.1507,3657.7009,5675.9784,62666.6188,33649.1735,37930.2585,677.1567,331.9854,3111.444,474.4519,2334.826,4008.3202,2774.8475,2498.5302,26099.0994,25172.6992,9332.2148,4470.2279,4559.3763,166334.1229,253397.1442,46370.5273,3486.4492,5547.4024,11634.76,3203.8714,76776.5211,163682.7551,79943.2368,92167.5181,44399.1992,144220.4293,1819.2961,73575.6887,2560.0806,3781.0495,10445.6975,53983.7036,61624.4379,19795.9246,18763.3976,69532.9043,3813.8184,7263.4289,1324.5298,1407.2147,34900.5413,4178.0854,5398.8961,4884.2431,8176.4218,9244.1239,6819.4123,23575.732,3589.4383,3271.3789,20200.351,12672.5583,11600.4406,13508.877,4628.6668,3352.408,3223.6096,3748.3476,5257.7781,908.7695,7317.7605,2823.0986,6809.9742,858.0296,16958.5276,1975.8331,13914.0707,1477.9787,18503.4025,12263.9281,2665.1314,5493.3788,4091.0666,12310.3994,13140.1088,1221.9738,1906.0323,23479.5844,11330.8796,12309.3144,2937.2224,3484.6182,10259.0269,4603.299,12131.7718,1291.4509,1368.4276,5972.2589,1326.6825,11452.5397,2416.5199,2783.6334,69807.442,3109.3324,23044.2133,7517.0761,279412.1942,58519.9771,2501.0476,51707.4196,11758.3799,2210.3607,3620.0104,47446.9888,7233.0952,26645.5713,1825.4958,82620.5426,31465.5313,25745.4003,1633.4043,59502.8406,28197.7342,1053.4182,105634.5437,146247.7793,61252.7256,49011.4577,5290.5495,12749.6381,1704.0534
SMP_DA8818EE5315A1148238,1,471126.154,40747.3637,123096.2533,42734.5788,18602.6436,864280.9408,3644.4279,57768.0186,509176.426,3314.1775,3086.3498,3303.0671,5095.1564,30079.032,2353.2904,15181.6547,31022.9203,24729.4655,14961.3843,140982.382,33092.5284,164980.5764,18630.981,387561.5452,282050.4812,69613.1074,24253.7476,9268.1702,15211.8789,1874.2011,941.7903,10147.9253,826.9295,61426.0283,9600.6346,9848.0782,1007.4982,1911393.991,166848.1287,23014.0134,1558139.84,476630.3074,72895.4134,29661.4055,44139.1708,16500.7658,3643.8745,16113.9773,46110.4554,10390.191,6429.3495,14493.3592,2071.9134,79349.8506,16403.4682,13060.1167,7171.7735,2207.7762,373.8154,12660.0528,4241.7968,16985.1943,10421.3919,20852.2183,17301.6065,2440.7422,204426.0108,10487.5781,13056.1965,138989.5708,93654.625,75425.3497,1191.3858,1393.3113,6528.6955,1766.2415,4633.5544,10123.6954,4404.7152,6382.4725,25994.781,53285.9378,16826.1859,4316.4191,3948.6308,222367.4662,285700.0513,65069.6928,6227.1092,6404.8159,12079.8937,325.0875,148484.816,259651.0979,136384.923,97695.71,74552.2422,139191.0834,9147.2141,73053.1977,3540.5086,2712.0193,15404.1277,67037.1013,74354.7934,33055.0744,24189.8663,99241.6621,10816.0041,12349.6122,4277.2681,3353.4223,73621.6165,14388.7645,7372.8593,3848.3602,5462.315,5354.5906,4375.8784,20176.5531,3153.9666,3536.5624,16563.986,9075.4819,9579.0442,12429.4911,3413.2074,2813.1389,2502.1621,2137.6929,3185.5294,93.0445,4785.7943,8279.943,7088.6458,1234.1822,35010.9717,9520.7847,10608.9139,2155.8652,33330.9691,11229.9472,6904.1568,8848.3759,8326.5905,19687.5985,19008.8654,3503.6021,2603.4809,35244.5401,18994.7816,21481.1306,4452.2756,3930.9956,20905.7632,11252.1801,24796.8965,3403.8008,1338.0553,4149.2114,2072.1999,25378.391,2314.9905,1704.4403,64046.4108,2965.8736,14089.57,4134.4389,203183.1067,50382.9366,134.5642,18356.0018,6789.8389,830.7964,929.4628,28855.9538,3331.4884,19156.8342,1178.8485,55250.0797,29087.212,11918.3635,1081.8646,34003.1053,19120.8885,280.0373,47926.1416,111840.746,36535.6018,30817.5033,1574.2263,3663.751,669.4268
SMP_8B2F4167C154E5B9C2CD,1,493856.3934,43909.2229,134408.4983,44144.5817,24276.7375,914045.8773,4152.8531,76980.847,581091.0634,7147.2061,3437.9603,3576.8304,2728.1477,29650.4767,2825.4206,15373.0633,17497.0226,11387.6859,6337.0516,91006.0216,11837.0356,80107.1974,13813.339,257086.4611,130006.2032,39239.6004,46027.5715,9170.359,7201.2686,959.6019,331.5191,5035.0177,1005.0708,41652.0859,3486.3594,8455.1848,423.9903,1323890.595,58079.5862,19654.2366,782256.0265,170759.573,24186.2003,18970.6001,14872.4804,4333.0282,2064.5163,4561.249,22667.3461,9701.5632,3910.4743,4674.1409,380.8652,20080.5179,8854.5087,5996.9478,3110.6739,1147.932,3.8553,10480.9661,3655.2536,17658.1394,11313.7512,27253.7136,17893.8823,2702.1287,180301.1546,4487.6839,5870.119,64252.7335,42741.5803,36334.5746,535.1449,222.8975,3556.9852,736.8017,3699.6067,3218.8311,3513.6407,3537.4034,25756.9837,31017.317,9147.1719,6718.4011,4670.39,201951.6255,241611.862,3344.6336,7438.7065,7576.0226,10977.011,981.7883,89139.2712,151090.8599,67741.2685,90228.524,14221.7587,172789.5359,2447.9073,151106.6072,1253.9141,4837.6123,8488.1217,51336.0038,74079.9713,26085.6629,52409.2675,85931.2089,6303.1377,9818.9411,2505.2535,1110.486,40735.1638,4281.3025,5582.2512,4846.8064,7255.1404,5006.249,5724.1126,14579.0381,2546.8907,2439.1186,20793.3635,9307.9473,13465.3945,13117.3934,4028.0883,3378.4945,2292.4354,3067.8075,2829.6032,267.0506,4388.2683,3886.8046,6040.7481,1417.9174,17156.7191,2028.0968,17125.8898,1240.6699,24331.3751,20698.4265,3482.0562,4483.2667,4811.6635,10417.4972,14152.9366,5862.9427,3167.2703,30088.9487,12242.9766,14886.4626,3153.8397,4733.6694,14618.3978,5593.514,10678.9383,1192.6416,2424.5709,5694.1729,1182.9704,13477.7175,3679.0173,3364.7607,75288.2565,5207.1933,23558.8067,5019.625,243439.413,69140.352,2054.5012,48063.1511,11574.8388,2247.2031,4691.4497,44762.0035,6921.7318,31867.4425,2869.27,78794.8357,31449.2745,28273.8802,1471.9123,61521.1567,33605.271,1094.5235,92174.0476,133735.8474,67186.2485,45462.2334,7726.6748,18325.4929,2058.3306
SMP_E09544F4F70B4EF87DEC,1,499711.2602,45622.0188,131007.56,45286.8462,26595.1635,920444.2997,4294.462,73477.5902,536137.6505,7195.2252,2644.228,3970.7934,6557.0745,38916.1679,2347.879,17742.2813,24045.9644,12389.9153,13711.0178,77950.7881,8857.2227,73540.4501,21640.7376,159976.98,131430.4057,26161.0929,27000.9958,5222.9787,6422.561,393.2269,145.1204,3769.6284,935.7834,33397.5037,3093.0819,8309.0453,504.8115,1466434.515,60625.6768,19040.4066,846765.7026,359154.2413,22341.5018,23024.6427,18804.9399,8237.4134,1478.9242,6156.8129,22455.44,3715.6788,4305.9882,9026.8372,359.384,22720.2288,8173.6221,4235.6294,3565.0461,1615.0155,345.6935,25834.9814,4872.3406,33105.3186,21163.9424,38178.1849,27933.8248,2154.7449,118925.7154,3028.622,6856.4239,68342.5867,23772.5847,38093.9946,656.5602,235.1761,2479.7653,386.3151,3111.5282,5402.5536,3533.552,2545.3052,26576.2329,23568.9469,10699.1681,4084.8488,6180.3321,147186.6722,255404.714,41349.7305,2932.26,5523.8245,16503.2383,4218.7036,83063.7102,210066.5789,87630.2574,90055.9055,52667.4017,119207.6649,2545.1526,48458.3177,4420.4852,3895.1093,16794.7827,68019.7813,75276.3262,13138.6392,18122.0016,55487.133,4530.7114,5637.3983,882.6899,1042.0661,38902.9676,4845.6372,5968.4833,3904.081,8221.8888,7355.6047,4069.0183,19995.0574,3703.9856,3498.7575,17008.0789,9439.8166,10905.9134,11753.4347,3076.2351,2487.3307,2637.2467,1849.7144,3306.3813,254.9644,3697.287,4448.8595,14412.7902,400.6037,34316.2949,6386.7347,24472.7796,1549.7326,44075.034,17127.2032,2494.5062,6599.2232,3208.7748,15331.5543,11020.8266,1431.7766,2333.107,22130.3598,8101.9937,8831.9826,1601.0026,2517.7012,9189.3055,4111.2304,19171.2583,2039.1164,1523.7225,4753.1222,1399.6663,10049.5763,2826.8834,4226.8555,60952.415,3734.126,27059.216,11940.0294,256355.1236,56691.6132,2726.5963,40401.1968,9242.6336,1801.4211,3600.2908,43213.6465,7702.5579,26622.2805,2080.9821,66301.7903,24165.6719,24750.1622,1933.1583,55539.9595,28429.5578,2270.9727,67364.0409,133301.5891,53181.3663,46107.4864,4594.4483,17516.8225,1839.6466
SMP_3C53E07A0B3993A40B23,1,495142.8657,39964.9595,127056.4715,44200.6611,22643.8535,854178.9528,3951.7257,64537.8596,559633.8671,6949.3848,2460.651,2939.184,3061.6696,24556.4458,1976.3548,15173.3397,17924.0607,10146.853,9720.1048,76585.1432,10384.728,79379.17,14753.5889,197113.8274,123910.0229,29829.2598,32317.1118,8435.4214,9923.1854,1335.8736,439.9772,4785.4592,933.7652,36089.5486,4923.5099,7796.8811,534.6497,1426288.039,78064.6655,19924.5979,922051.5246,170513.8024,15640.6089,17845.6138,17264.7095,5256.0207,3100.2449,6550.9166,26193.6533,4720.5562,3586.6003,3961.7309,297.6831,41524.6954,7144.4329,5555.0222,3260.3802,965.8756,653.8112,12419.4966,3200.9848,18633.6924,16023.8082,27862.9757,19394.229,2820.0055,170387.2052,4296.5448,5423.6947,62988.0227,35676.8475,23002.8082,499.2254,619.8179,3169.0368,595.9336,3396.3778,2973.6123,3028.7219,3559.2862,23414.9661,42115.5103,8402.3476,7557.5839,4335.8605,218460.6173,245034.9879,4957.7058,5526.4347,7939.5408,11855.0431,4866.7163,117641.0826,166471.882,68369.0887,111376.2865,32369.3825,168170.0211,1498.9246,97744.3945,3116.5748,5060.0751,11884.7278,71104.1074,74850.2698,25220.8425,28705.1973,102082.7332,8482.9352,10479.9608,2967.0487,2110.8819,60720.7347,6112.4136,6696.1191,3724.8315,6732.9194,3344.9875,4212.2961,8233.7338,3568.5273,1795.5361,19416.1538,8701.1277,13196.3917,11833.5878,2804.4127,2944.786,3685.4128,3949.9577,5020.0232,113.3527,5600.8143,4912.984,5573.8014,1276.6112,14417.9669,1871.5912,15181.9266,1015.6644,22236.4571,17072.1892,2964.4529,3849.4608,4338.2486,10364.1793,13615.6774,2101.9082,2506.0429,26450.4706,10802.8489,12036.8073,2904.7988,4216.3973,12384.2842,5631.9954,19484.2404,2659.837,1311.8357,5124.139,2206.8538,26478.2772,2886.6048,2799.5646,66058.1362,4341.0036,23463.5838,4313.3304,226193.0227,57715.8342,2473.5131,34434.7261,9462.6813,1612.0009,3345.3928,36525.3529,4857.9401,24963.7614,1931.1453,65993.9284,25743.9875,18883.1941,1079.1762,56861.2372,30444.9768,1366.3801,74442.1763,118601.5545,48577.1666,36413.6108,5995.6613,13292.3527,1804.0298
SMP_92CE90AE61DE9F32397A,1,463270.9544,44172.1768,126748.6287,41324.4467,21655.6437,886499.663,3807.9134,68588.7823,520874.1451,6745.7836,3035.7048,2918.2365,3438.2243,25076.9592,2321.7722,19485.2603,20262.0023,12201.3324,16483.122,87090.7582,10933.9733,89007.577,23502.5022,223241.3613,113156.5408,32408.2278,29869.4565,7539.8994,6889.4387,384.2591,2.2863,4701.7869,1028.5067,38578.0857,4119.4825,7765.489,730.6177,1561920.716,104956.1131,21410.7401,1092519.569,198544.6411,17253.9873,23158.5841,24520.8141,6340.8859,1656.5517,8089.5962,27746.7236,6221.2492,4238.1412,5173.7324,347.7463,39354.9838,7664.9391,4603.8592,3558.7244,1450.6132,330.9318,17599.3801,5219.1423,24805.1367,16554.7912,30477.34,22546.3419,2097.6492,141576.2853,3604.6552,5126.716,55706.8731,26542.585,26649.7248,141.1075,83.3448,3539.7108,580.8241,2411.0075,3041.1467,2158.0838,2799.5835,25927.8443,36104.5029,10506.5704,5973.0292,5875.0874,192880.8558,289009.5412,15640.5289,4220.8195,6463.497,14627.0032,4099.4882,100316.7041,182993.1155,69503.2267,108673.2387,37257.1311,155064.3083,1637.5571,117090.6516,3546.245,4515.4077,13531.5051,69266.3861,68130.8032,20002.9992,35898.8739,89793.7678,4492.4844,9798.8343,1797.4073,1506.3726,56216.4506,4573.5166,5704.1178,3924.0535,7065.4264,4027.9056,3888.6969,9441.4498,2376.1284,1497.1167,18120.3973,5601.6151,10067.898,11046.1825,2106.7007,3681.3572,2010.1408,1800.8985,3124.1022,161.671,3547.095,4147.1673,6297.8042,1028.1235,18226.8409,2319.5711,15112.3532,1634.7912,20791.7338,14937.0594,2950.3011,3935.0431,3644.4749,8997.3345,12813.3281,2718.9331,2884.5055,25600.2748,10714.9671,16188.5435,3826.5541,4111.6465,13595.5682,5918.0067,20274.1204,537.7864,1897.2499,5376.3906,1123.4564,22291.7316,3667.367,3141.0949,83401.1445,5702.9711,27715.6035,5491.0013,241941.1794,78602.6391,2813.7799,44359.9275,14660.8125,2002.4961,4476.8698,47534.7108,8228.4544,35879.7406,2408.6303,85641.6631,32006.4818,28411.8884,1189.4663,69614.4165,39020.533,1802.2285,92476.5633,128815.953,60119.1401,46089.1494,4981.191,12883.1524,1815.7849
SMP_2F6CAB17B2585ACBE62C,1,481940.6926,43428.6609,126501.9182,41845.8133,20387.8201,890161.0619,4125.1448,71056.9691,504434.1977,6547.1748,2430.8115,2846.646,2709.4606,28852.5505,2080.1614,15479.9242,21781.8273,12362.4486,5950.8654,88904.9033,13168.5338,94678.5631,10851.4062,228604.4944,154746.5142,37567.752,29119.4868,6493.6327,8620.5083,177.2807,166.926,5173.8625,840.0357,49993.272,5458.5305,10862.2853,757.7984,1562552.68,86750.5887,24791.399,1335923.705,299267.7121,46105.3154,25769.7791,39817.0733,8460.628,2280.851,7235.5835,25252.1418,6030.7369,5823.0103,25068.3278,842.7766,40850.9565,11008.2356,12203.1263,4167.3889,1666.4231,409.9698,12324.7847,4241.3695,26058.7777,17546.4404,31532.6575,22193.036,1739.28,123819.8332,3294.7696,4212.1599,48171.392,29425.4062,34338.2488,1.6881,96.7616,2036.2025,498.3816,1749.7346,3276.6395,1768.7162,2278.8012,22737.9029,30372.2721,10708.1084,6775.6032,6751.7102,197981.8009,262447.7692,79743.6345,2979.2794,8591.7383,17338.8867,3184.7261,84846.2106,182040.4085,79228.7959,83428.0149,38059.9307,118651.2067,3410.9137,82067.0536,4015.2114,4010.8807,8246.9478,47475.814,50031.2284,16419.5861,20936.035,82402.5863,2958.001,7551.0034,2467.776,940.4741,46331.7971,4036.0562,5504.6312,4098.4886,6564.5928,3991.8242,3470.2198,7276.0766,3245.9254,1514.8184,16957.3669,6936.0378,11444.3204,10712.4303,2315.348,3404.607,2640.1548,3939.6497,4337.3066,237.1556,4825.6044,2471.7765,4767.3997,1150.6294,13210.1401,2295.6544,7268.3964,1189.0429,12016.0496,6798.7375,2731.65,3890.3285,3526.7214,9391.2588,10445.5478,2282.2891,1657.6994,16504.8889,6655.912,11750.7211,2530.0131,3210.7461,11207.8673,4729.1898,12534.0032,1790.6616,1036.7723,5304.3495,1005.0298,14664.9334,2303.6527,1344.0672,48724.2662,3622.1706,18756.1269,3687.1378,207350.8463,46016.5902,1183.2448,34208.3768,6714.5551,1682.4635,4247.8539,42940.5257,6426.8555,26106.6586,2617.5857,66445.4186,25015.6965,21240.1907,1042.0805,51370.1353,28151.4091,308.7737,63694.423,115068.5118,47915.8054,37802.7503,3766.1434,11242.9481,1272.4311
SMP_B61A57D23DEACC981716,1,523464.374,45458.3639,131663.8458,46107.6615,24324.9679,977674.7304,4311.5305,74963.4648,551371.4836,10646.0171,2273.5278,3142.3668,2060.5889,24743.5716,1520.7561,11423.8309,12803.34,6701.9433,3058.4222,58055.365,6401.8526,46930.2825,6461.5372,147426.427,88426.5741,20011.9448,32618.5109,5974.6946,13164.4218,525.8178,194.7573,2804.2234,512.8022,18767.4499,995.9274,5429.1322,352.0696,1074744.517,22059.0016,13399.8497,288160.9162,83274.7972,7640.1348,19362.1365,5843.4073,2494.2789,1000.3222,3732.0587,25098.4432,4672.7625,2935.5994,5893.89,134.1368,16653.5537,6495.7802,4326.1746,2443.542,1301.6405,185.4654,6230.2399,5336.8547,29693.0334,16368.5924,31016.1504,24857.359,2829.9601,146049.3077,3638.5207,6094.6668,65362.191,32555.5018,32687.1111,383.158,279.5183,4020.3711,467.4105,2779.8686,2710.4349,2288.8394,2896.994,22867.2174,22729.8237,7782.1099,5744.1715,4097.8326,165025.8425,190261.6212,25907.692,4153.1186,6379.7945,11524.8256,3590.0291,85929.9514,140542.7072,54095.3767,85167.6809,25590.301,113558.9025,1163.9472,64384.1099,2479.0389,4944.4582,12466.97,60732.9704,66133.9232,17174.815,27130.9548,72734.3301,5857.6023,10398.218,2950.7186,1962.3977,55487.5175,5154.41,4757.0237,5713.3938,8375.2204,5449.1758,3743.0502,9413.8041,4513.3121,3626.4847,28274.6754,7886.8908,17796.5713,18177.5181,2895.4123,7047.9592,4519.1105,4876.0651,6559.9519,1152.5773,5847.6801,784.4404,1581.344,327.566,3473.9107,504.9958,1726.0383,1067.2882,3921.0961,2414.608,1979.6679,2501.9788,2439.8087,7414.4949,8618.5762,1237.425,1360.9095,19300.2536,6711.8353,8515.9415,2138.6752,2305.7373,10093.0189,3687.2872,9870.6873,1737.6516,1008.2459,4999.7264,236.0773,9823.1402,1743.5475,2421.4933,57550.112,3483.2756,25751.9325,5677.3117,238651.1737,44124.2469,1057.3006,35046.0375,6490.3474,1503.7773,3966.121,43485.1472,6339.2277,26037.6673,2364.2561,68188.8905,25953.6895,23159.6813,1828.6228,46905.9118,26852.443,405.6502,72012.5206,118848.3994,49183.5981,38415.9576,6847.6482,17081.0751,2024.0673
SMP_7B7EAECDEB96FCA313FC,1,482417.0526,41914.8608,130083.0528,42174.3331,22586.7603,873121.1772,4191.4868,74631.73,513280.7435,7268.059,3676.5786,3543.5665,4577.7759,32610.2025,1804.9108,14794.1489,18327.9694,8310.6525,7984.4861,60335.1823,10659.5462,50197.9567,13645.1338,158896.1464,99022.0988,25849.7654,35647.1875,11955.3978,5783.2831,916.044,414.3758,3572.9209,913.5677,24267.348,2882.5566,8793.0374,839.4977,1094518.369,61222.4201,15152.2955,435457.092,145680.4485,14459.8839,20052.3491,11748.5113,3968.1855,1059.9439,4574.6861,21332.7082,9458.7947,5225.2281,5354.5419,333.7701,47849.475,15444.7743,5660.1619,5887.1057,2181.2761,379.2182,11882.3015,2636.9228,11650.904,6019.7426,16909.6713,13739.0451,2019.2446,154138.675,4597.6112,5604.4876,59387.3484,25636.8842,35508.8113,439.0026,90.1311,2016.4761,853.8011,2230.2164,2857.9116,1757.8481,4160.2945,21727.2514,21088.3306,9998.2967,4542.8889,4299.9031,149215.756,240135.5284,14519.8289,3270.966,6517.8247,14373.5028,3261.3148,66139.1359,159293.5324,63402.3636,60937.0156,37799.9001,118607.3643,2440.3049,121631.7302,2472.2123,5019.0405,7564.3661,48101.5823,66993.4657,17700.4791,47980.5495,105268.4509,2598.0255,8937.7096,2249.2321,479.3659,70257.8196,6263.0827,6027.8137,3390.509,5537.9425,2777.6727,5038.5276,14077.52,1007.5297,2098.3667,13080.8044,6735.9807,6063.3284,8838.0846,2496.4578,4311.0027,1049.167,2057.8549,2212.4647,77.7101,2928.7715,1566.186,2616.1264,482.3646,8864.5358,1290.3575,5253.6082,1205.6063,11322.4079,10817.4794,3964.2711,4690.2005,2889.1907,8630.7364,11143.378,4488.713,1203.1357,19597.8912,8352.142,18240.7694,2811.7215,3240.8279,15989.7303,8639.3466,9683.4518,993.6306,1299.6242,3748.3483,804.2845,17634.7749,2604.5664,2910.6612,67525.8362,3651.4852,21211.0079,6178.47,217691.3187,51684.2706,2887.9165,35421.2571,9274.3892,1958.7648,4784.7833,46286.0038,8257.6878,26958.4643,2771.2034,67506.4822,33613.9314,24632.1565,2239.7744,48120.2844,26398.7718,1642.7192,74929.6592,130504.6188,52853.1093,45630.1515,7528.0022,20127.6951,3260.2392
SMP_B166C0261A88EAA0F81B,1,488561.8007,43807.9624,133873.2729,41410.4138,23624.5755,975964.3197,3916.429,71135.2997,514395.581,5784.0923,2251.001,2723.6424,3330.3009,26862.9909,2182.763,15084.1045,19377.9123,11462.2767,7635.5168,98337.459,8848.928,80835.5536,11057.5902,207618.5593,100130.2398,43484.176,20184.0647,5819.871,166.1719,682.3253,372.6554,3223.4195,780.0636,28107.6455,2748.0993,7593.1694,1031.1114,1230460.858,46043.117,17741.1755,718753.3773,288195.8452,25508.8827,18644.5486,14381.6911,6001.6816,1267.8161,4414.1132,19173.8892,3985.6008,3508.9767,3901.8093,300.4646,26423.5804,9286.599,4681.8146,3583.5659,1664.06,542.2168,13571.0706,4480.5797,28921.142,16861.3532,35611.9602,18538.5286,1450.5844,153940.9066,2348.7559,7393.1149,77471.3134,26466.6012,43020.0072,571.319,318.1265,1793.7616,476.5011,3178.4819,5381.0663,2552.7588,3256.3633,22012.0784,14366.101,7397.293,3038.2691,4579.7769,154139.6048,270903.5317,41068.2986,1962.3948,5035.6366,12486.4054,1865.8505,80501.3564,193865.9503,74495.4692,95943.3618,50115.4698,109640.8084,2191.3501,41373.9342,2994.7174,2806.3053,10715.769,46812.9104,56601.7113,18076.3009,14793.6567,74901.7075,4886.6829,8805.9125,1116.7757,2865.5257,47165.3695,4925.6906,6110.7688,4242.5511,8109.4056,9403.9814,3842.8027,14991.6839,4743.2136,4791.9095,17405.315,6775.3735,10488.8475,11718.046,4167.359,3500.4741,2646.9618,2970.5778,3021.225,251.7423,3655.5597,3487.8124,8642.7895,991.8934,25013.3427,2592.2054,11752.519,1151.4749,19996.1501,14245.7483,3944.9675,9786.7087,5336.1674,20734.9553,15990.6117,2450.0152,2007.8947,30825.3113,16008.1123,18122.7783,2376.9757,6204.737,20617.642,8822.2171,27780.7502,4461.693,1784.9057,3517.559,1959.7883,23212.8933,1732.2064,2000.1268,52853.2248,3225.2001,20441.7642,5297.2509,223149.3903,55602.6253,1878.5623,36023.3043,10502.863,3591.8059,2905.1364,43720.516,7782.6365,26060.9189,2721.1791,73323.7446,19867.7702,32685.8137,1556.5752,52082.204,30225.6116,936.7602,71855.1176,96638.5326,56652.8703,35660.775,4489.052,6801.5594,1322.3611
SMP_6D9D773515B5E38BFE89,1,497550.7901,43418.1367,127576.9677,46861.7402,21146.874,848059.3645,3827.1388,65021.7838,544561.5849,8681.8384,2711.8544,3314.7343,5049.1793,30027.9298,2551.4099,15867.2456,19756.4008,11618.8055,14431.6739,97149.6444,9445.464,105930.8678,19540.4626,273704.7303,159056.6062,45581.9358,51942.8807,13816.9713,151.9828,159.6816,401.3508,7426.1759,996.6611,65643.6187,8497.9542,13349.7153,1005.1189,1451108.691,134505.4265,24994.479,1353847.731,238124.9415,24032.1521,18761.0446,26423.5944,8696.3975,2887.9851,9660.3039,43729.0755,38318.9558,4196.8201,4121.0832,336.4817,115073.5269,8303.155,6571.7738,3494.9749,1637.2099,196.1427,21271.7144,5044.0899,31803.8929,25311.6932,41514.741,36379.8752,3826.7187,209578.2757,6104.9638,10211.8466,102724.6535,45148.4617,35197.5745,1224.8427,754.3057,2961.4208,1183.2563,4380.8921,1505.6319,1802.4864,3528.976,37228.0024,31822.1458,8981.0434,7911.0894,4436.0621,179883.6268,233257.7365,3753.8398,3497.88,9807.9684,11404.9822,5561.0809,95074.9012,155087.425,53812.7168,73907.3697,25260.2849,152431.9346,850.5241,182319.4928,3386.3086,5596.5765,12578.3062,51688.7282,71412.7467,23277.8547,79005.1815,128954.0837,2839.753,8600.5303,1213.1354,1278.1007,69728.5679,8056.6817,5123.2855,6461.4441,10050.4101,3163.3824,7576.2193,9673.7964,2400.4023,1503.4544,21534.1365,8907.6215,13519.2972,11422.4295,3923.5122,5396.55,3246.0378,2456.1747,4990.7235,250.5267,7248.8039,1040.0816,1557.957,1070.4798,3688.8764,356.6126,4561.8604,1399.7733,7965.7415,12686.5603,5220.8523,4053.5879,5554.5313,9589.7435,13754.754,11628.8422,2520.3682,25563.1798,13620.6509,28663.4728,3495.137,4462.2593,26761.0278,12266.2988,12286.6037,1068.7084,1846.7594,5784.2999,2605.5317,28495.672,3509.0475,4586.1935,80672.1933,6876.3258,34008.5758,10825.0881,277520.5052,72539.0393,3055.1568,46694.8072,18505.3498,2845.5663,5940.267,51127.6487,10193.3813,33606.8306,3840.8154,82257.705,31352.8163,28907.9995,1877.2071,79086.3268,51920.4962,1893.4451,106944.1888,161637.2032,79156.5682,56754.4198,8883.227,22928.1045,3685.5644
SMP_F238DD07ED22DFF4C1E7,1,452469.8484,39071.3838,118293.5288,40005.1587,21143.6747,801364.4396,3224.306,69806.2276,477386.2593,5000.1611,2155.8436,2417.6867,3515.5564,20173.3659,1486.6974,10214.2518,10751.0981,5634.2624,5654.7214,51231.3711,6753.4902,38801.5085,21192.8973,156891.9988,73339.3027,22470.2647,8865.9529,5797.36,9450.7976,1509.7027,808.0557,10916.0559,1705.0458,73914.0092,10637.7858,8722.1278,1170.5791,1682796.051,213425.4962,21500.9205,1587351.748,323978.5671,34209.8102,18121.6768,47830.7922,14762.6244,5414.2632,14041.0714,35770.1919,23683.7278,3747.7061,9096.3805,1378.1278,97392.1495,8504.3929,8189.8851,3449.2251,1345.4367,1211.9964,8668.6265,3895.0403,17897.9845,10283.3143,35506.2379,19396.4307,2632.6268,180162.7214,8656.6309,6933.5727,82281.1607,50598.8091,36748.4566,430.7303,843.0373,3166.3588,1035.9672,4772.531,4664.0706,2782.9051,4524.0144,29152.0269,67554.5471,13122.9603,4862.7987,2827.4996,223068.7968,242871.2137,20411.7931,4583.8809,6427.399,10023.0662,416.7773,129465.5122,190279.93,74851.8338,90962.9913,33847.241,118361.3798,1891.8943,129340.712,3136.9682,2820.5854,14343.3274,61406.6845,54348.5263,29567.3341,47954.0943,92637.15,6436.3496,14791.49,2642.428,818.4857,62974.6476,5979.3862,5643.6962,4356.8048,8811.9736,3970.2495,6150.825,15672.8571,2951.0904,902.0369,14866.8953,6767.4255,8143.5419,10351.64,2451.4207,3508.5504,2399.5309,2577.8549,2792.6968,247.1787,5388.1652,3898.2628,5271.8337,1117.6494,13499.0455,2147.8541,11434.0613,1187.1964,16256.4566,15019.833,3662.7438,4219.007,4786.773,11106.5497,9508.0305,4561.5535,2164.9669,19252.4161,11348.0608,18953.6891,3082.662,4934.6789,18148.4119,7394.3366,14375.2901,2174.6945,1793.1289,3668.7602,1255.3546,28144.8439,1858.3619,2035.3364,79164.912,3513.5006,19576.8321,4964.1905,227400.7787,55632.3146,1158.8466,26280.7068,5994.1029,1162.7095,997.6651,33780.6049,3232.874,20367.1866,932.4161,57180.0514,26584.4099,13114.8393,496.3348,34859.055,16779.5257,1746.6258,75583.7127,109731.596,51180.6599,27107.4319,1630.4293,3869.2067,2117.5115
SMP_C62A2164019D3146F18D,1,489764.5426,44143.1546,128906.4889,45161.6459,21190.7755,878155.2781,3886.6892,63601.17,509995.4836,6375.7352,2604.2885,2675.4199,3187.7576,22683.194,1730.854,14031.2654,19822.8821,10273.7263,11323.0812,74880.1316,12893.2148,71142.346,17645.7517,224761.2277,126462.7938,29523.6073,38686.6829,6276.2272,5456.4093,240.5908,341.1842,5342.5199,1259.4585,44187.4562,5862.1886,8589.5104,907.8334,1559020.953,149228.938,19906.8457,1538083.795,277053.2874,32378.3023,19143.4649,32886.3669,7157.8973,3168.1511,9812.1962,32159.0381,10179.4009,3226.8357,6476.9095,932.9627,42901.8055,7069.7735,6297.3166,3562.5318,1543.3821,197.6919,8578.5857,4516.8336,20481.807,14043.3054,29876.2959,20132.6891,2289.1568,201370.5225,6580.3158,8464.4984,85245.1162,46891.9079,42007.894,507.3851,506.5748,5566.9255,634.21,3447.1484,3849.6597,2813.1871,3546.5707,20878.9351,39057.6556,9850.0491,4542.5253,5059.9854,183952.3567,235685.5955,19699.151,4320.878,5371.7795,10819.1043,2991.1786,94097.759,163873.5132,67025.5264,96409.2795,4425.7477,137240.5118,2242.4951,107738.9386,2988.6789,4067.0627,9315.0628,69208.8491,67452.4647,22578.9242,37158.2667,96690.2295,5622.5386,10324.6318,3356.6646,2405.8668,56386.7731,6865.4726,4845.1092,3810.003,6313.3795,3610.7964,4237.018,11466.504,1675.642,1800.6244,18991.3717,8345.2418,10281.5348,12277.4478,3132.8283,3667.9893,2285.4646,2471.5802,2672.3017,233.095,4209.1539,2568.718,3946.9234,1068.4018,9934.8366,1220.5173,10233.6668,1120.9085,16318.9074,10107.4582,3455.874,4378.458,4044.3129,9105.0151,16282.9831,4264.4585,2916.4348,30361.0438,13136.2248,16165.9049,2413.7401,3459.9109,15986.2798,6252.364,18870.3994,2106.1994,1309.4326,3244.1529,619.2417,24735.7157,2787.9923,2999.3867,68553.9106,3858.4629,23131.6979,4965.1418,216698.6053,50098.2262,2024.0516,34146.4361,9195.2148,1538.2605,3116.2597,45549.4319,6523.2581,26990.3393,2392.5377,67709.2419,31722.0633,20302.2115,950.652,53799.4839,27034.555,1210.9247,87408.186,124405.1755,51450.7084,41785.6258,5612.1118,16206.2931,2048.9944
SMP_36A17AE45B3E6AB6FCBF,1,488461.4178,41952.982,124091.1118,43549.873,22212.9692,927371.5974,3866.6435,70637.1053,520217.3349,7060.8731,3713.8836,3657.8092,2480.2865,27732.6026,2543.0052,11037.3855,13350.4536,8509.9244,5041.962,65970.2254,8621.9748,74103.0747,7965.1279,206000.7263,115986.688,30277.4288,32365.4907,8649.84,5754.4514,1035.7414,567.7004,5035.8921,852.7512,35139.6194,6507.0514,6455.973,678.4828,983728.7567,76319.2325,15783.3819,719883.7705,148173.912,18048.2489,16536.7219,17402.2041,4327.8668,1974.6166,4979.6956,33321.8034,14984.0964,3087.7111,5247.2757,198.4019,28388.179,5981.46,4007.8693,2708.2868,1235.0007,250,13315.7103,3269.2045,19150.4331,14338.5643,24547.3977,27463.6649,3959.6407,198826.0529,4825.9641,7648.7397,86021.3116,54075.2058,54907.9484,1092.5196,672.1964,4452.3545,1363.543,3819.614,3631.6398,2301.7362,3887.1932,27842.3117,23422.1425,8935.5805,5784.326,4588.4336,160700.3274,222346.263,14168.0748,3810.2521,7515.3846,13618.0522,4633.1431,77876.1669,147209.3505,64642.377,77199.3118,37820.5737,128364.4161,1663.8892,128795.9302,2426.9253,4074.7792,10740.2429,49756.5626,57603.7992,16510.8549,49806.7899,65869.2701,4024.8558,7254.7689,1655.5171,1117.1604,41228.6903,4585.1396,5181.9986,5137.238,8038.3351,4364.8234,6087.3461,10966.9168,2805.595,2308.2041,19286.2577,7794.3629,11700.4621,12914.1824,3379.4917,4292.168,2946.3094,3707.1114,3599.2581,164.6655,4434.985,2163.3422,3361.4092,556.4647,9469.7539,1090.1134,6863.3995,1075.9275,10646.8993,10076.5981,3881.5098,4488.4691,3809.0173,9325.9188,9555.9753,5816.4453,1797.1626,16347.3885,8672.4217,15772.0775,2099.2588,3788.033,13643.3035,6102.9733,12728.7016,542.1814,2478.5771,2803.5494,1302.8923,17658.9717,3467.8944,3264.2114,71183.0498,5658.7016,30678.8642,6964.9251,242975.7459,67568.2707,1316.0451,35473.6182,8918.2115,1811.2663,3896.9737,37880.9477,7207.6682,27335.6798,3377.947,60741.0551,30485.9248,25116.4779,1932.8275,59762.7007,38653.018,882.7789,75257.8616,132891.6143,60721.5299,51023.1225,5387.0167,14622.7324,2086.4221
SMP_22FBDE87B9027CBF3551,1,478634.7019,37971.3588,119234.7945,41634.7619,20463.1403,833272.8131,3366.4939,63411.8008,501163.0552,8227.3788,2816.0402,3068.2405,3153.7043,25717.8849,1839.5305,16931.333,15366.2208,6643.1237,5712.4559,62393.2112,7304.8839,57715.5039,8954.6543,159688.7129,106392.4359,20917.8656,29877.4357,7845.0126,10977.3257,854.9127,639.9219,7095.4413,1034.1889,66074.3429,10147.7236,12388.1521,1180.408,1512560.223,152573.662,24299.5923,1507613.981,276117.1937,28619.5234,17932.261,34461.4791,8494.2862,2369.8869,8181.4358,31920.7118,20778.8724,2986.2331,6758.7766,583.2575,91524.5387,6154.3529,6107.879,3288.9255,1146.6444,1091.6538,10763.256,3917.1549,17355.1947,14814.774,27733.031,24027.4482,2041.7448,120617.9813,3303.9084,6189.1419,63175.4286,29811.2292,24139.4692,819.3758,147.4398,1851.3339,441.6677,2512.8583,2237.8856,1281.8822,3027.8817,25137.1944,25549.0399,6321.8162,6604.9606,4232.5655,172777.9445,211576.8227,17165.6698,2238.3107,8977.6037,13820.7967,2737.7407,92049.9771,155830.7827,57740.0047,61403.7037,30003.5896,102091.7376,1685.7425,116734.3605,3642.2506,4408.6496,11606.1548,50315.5128,53730.9416,21005.7136,49878.3982,89343.3438,4301.5045,12499.938,1488.1002,1444.5872,63965.5942,4484.1233,5208.3776,5102.7993,8994.0127,4832.5498,6522.8113,14869.9388,2259.1334,2935.7143,19130.1044,8181.8454,10494.3205,11758.4727,2969.1944,4971.1732,2594.477,3072.7525,3486.5233,162.9837,5936.8615,1944.3177,2165.0604,291.9367,6770.1925,901.5327,4478.4143,752.7998,9650.381,9380.6931,3643.4968,3637.4584,3968.1606,9088.8023,11259.1955,4494.3029,2549.0384,19051.2772,8289.441,12453.4767,2366.6132,3410.6191,14122.8472,5273.5782,10400.1097,914.6916,1925.2369,5393.4851,754.4189,26115.1917,2480.6086,3079.8984,59686.8265,4407.2187,23558.1083,6692.5156,241258.3425,50480.3325,2268.5595,37126.7475,10073.4475,1243.3971,3611.9604,39664.8234,6726.5929,24259.8533,2447.0396,60487.7483,28002.5562,20428.0604,1034.7268,50909.8193,30586.6195,302.5095,72510.9474,133438.213,49590.8189,40245.2809,5462.9319,17526.1439,3243.8829
SMP_09B22350D452BA93E987,1,494309.039,41608.2493,118165.4757,38781.7543,21440.7759,860924.187,3940.9253,66316.6891,494980.7495,5937.9206,2946.4202,2628.294,3482.9807,23291.3679,2671.5498,14063.3936,15816.7978,7491.3417,4322.8259,75363.4193,9177.0702,64871.5794,9682.5934,233426.4204,110898.6009,34142.5708,30097.6763,7892.2983,8810.7489,722.9987,386.3114,7837.4528,1315.8012,78570.2463,13938.4313,11784.3028,1049.526,1859010.613,232548.4255,25583.1591,2062968.933,306825.9974,39816.4943,20895.0488,33777.353,8497.8948,4699.7118,6852.4452,35048.1549,6902.5508,3827.9613,7255.4984,435.5551,34465.9651,8570.9924,5503.9659,3475.9098,1415.5957,682.6178,10600.4201,3478.4465,17660.5586,10549.7051,27438.8491,21740.6502,3560.0171,173744.7281,6437.1135,6679.4626,67714.0489,57672.7557,37072.8514,641.9648,160.2924,4078.9993,1021.3825,3224.8723,5104.4973,4298.2371,3273.8628,25466.2488,37081.8026,10560.5378,7903.5462,4158.8957,216351.5906,234673.61,19203.3978,5407.2862,9183.6595,11839.4769,1514.6086,112259.5855,160127.3654,75036.8613,83451.6854,34246.1629,164731.7879,2895.7435,89853.8717,2777.0091,4644.6221,10129.9497,50354.4001,60065.412,25609.6823,24926.5199,74201.359,8771.3298,10363.6679,3734.1172,1479.6054,42500.1497,5669.7572,5446.6188,3260.2316,6597.8904,3391.0953,7273.377,13855.9685,1798.0448,1551.6897,15340.639,10112.0362,11339.3037,11551.4475,3480.3947,946.4795,2728.1508,2678.2766,3883.7863,187.1837,5441.914,2719.6295,3990.5055,1307.8964,10635.9785,1655.6906,11119.8365,1257.7303,14858.7212,8541.476,3384.3807,4923.211,5314.2319,13386.5866,13140.029,1957.2911,2192.6593,26900.8194,11760.8593,9323.318,2983.4556,3544.5136,9698.6736,3819.9898,10811.5324,309.7021,3006.9446,4533.0628,1551.721,13850.4935,2826.3519,3016.6207,85160.7232,4859.176,25146.6684,4433.7575,236693.4984,67752.9134,1644.8324,37609.4731,12721.5328,1781.6084,2864.4777,39938.5291,6009.511,25505.4848,2525.6561,63274.3713,27578.3636,19015.6245,489.8022,47721.5587,29658.7292,374.3433,78188.6433,136948.9976,60888.8814,43491.664,4842.9214,15155.9107,1824.6101
SMP_5BD5AAF9A8DFB2F1CC52,1,503313.6826,40238.2643,123519.8045,39371.6773,20366.877,834516.0422,3578.9001,58328.2827,471919.4962,6019.2502,2319.7624,2285.9832,3559.3317,24119.9028,2215.8754,18266.7713,21998.1028,8427.9251,8267.93,82376.7147,13891.4948,63568.6055,12680.8743,251783.3777,151176.3498,37038.3854,22485.884,7468.7711,6194.2715,979.0597,772.8189,6179.0087,1365.0327,74162.3351,9345.1171,9609.1786,931.1758,1989825.9,219674.6476,25071.2751,2191162.634,307556.6862,37958.8145,20719.46,59626.3397,11828.6679,4410.6941,10767.6526,35533.5284,11528.3788,4018.8908,8797.0285,1264.2317,59018.3298,7796.743,7731.9256,2997.7786,1635.3358,197.3927,8436.8295,3804.0257,18351.8993,10111.9281,31356.1987,22577.0263,2868.8509,200474.4427,9938.7294,8370.5859,90560.6212,63187.3365,31057.5438,704.5601,825.4775,4072.596,1162.7238,3724.3828,4349.7324,3951.5185,3606.3503,21597.5475,68187.3878,9908.9314,6224.8522,3193.3867,250005.8715,245127.5014,18388.345,5768.3758,6920.7692,8653.8505,2457.0871,146825.7852,180631.4719,83820.7216,93753.9201,9196.5972,130296.2681,3026.8946,112940.3452,1721.0221,2780.606,10142.6035,64203.4134,58595.6306,28375.8825,38667.9761,95202.7233,7941.785,13171.3934,3982.0341,1051.2394,61359.6387,7668.541,5774.6231,3456.321,7518.6624,4908.5106,4135.814,9412.4852,785.9677,2530.5517,21302.5624,7219.7725,9569.4439,12864.355,2939.4945,3308.5973,2179.4795,2524.7779,3327.6414,106.3918,4585.6837,8705.9454,8567.4159,1341.2646,21684.2249,3625.112,23125.5981,1205.2591,25997.1205,23971.2229,3130.8094,4658.7229,4710.8198,11237.9309,15157.4942,3291.2592,2988.1654,28000.8899,12649.5624,14295.9749,2761.0512,3147.374,11986.8574,6360.2318,15634.3787,1208.8716,3254.0291,5430.7909,1697.9626,25644.8005,2303.356,1890.7997,47767.9369,3537.6902,12519.8928,2841.2106,186353.7741,46737.598,1386.7403,27360.4987,9228.0995,1009.5402,2060.4068,34312.088,4626.2597,18943.3711,526.5482,58225.4474,24654.1313,13431.6841,368.4184,40015.6517,21013.2703,764.2479,80864.5145,125036.172,49354.4767,35204.0094,3501.8655,10906.3692,1583.9329
SMP_FBE57EE4B5CB19C5176B,1,521259.4297,43475.4242,123446.3225,43374.3378,21515.4742,878502.3198,4114.6963,66550.464,530959.5376,6647.4182,1988.5929,2866.1134,2958.877,21567.5914,2034.5941,12314.0706,15318.7806,9591.799,4835.7132,74918.4264,10014.1224,81057.0764,10336.5295,226552.2328,103713.3757,35332.9215,29182.0605,7736.4489,6301.5346,859.8875,165.832,4755.5092,596.7488,41263.1492,6528.0239,7887.8616,879.8247,1352190.125,128504.0171,19939.5082,1259178.853,199075.7037,20109.506,18986.0827,25393.9418,7233.2943,3155.6568,6788.2365,22194.4676,6450.392,3390.9661,5272.6123,436.4407,41934.1694,6849.6289,4801.3847,3479.0069,1379.4082,374.6273,16680.4741,5788.0012,27279.1794,16907.1709,31955.084,27092.0643,1878.522,137547.7127,5265.3594,5305.247,69091.4503,50700.2521,47466.808,381.1483,683.3866,4915.8051,1631.2618,3391.4461,4562.2588,3018.4783,4012.7412,20556.8979,35272.9306,6486.9297,6279.9893,3276.8749,188726.2903,225432.6922,12742.7947,2981.0366,8099.1938,11139.6872,2899.2662,95597.4614,163360.9815,68090.4862,73544.4545,34264.6722,147579.1825,1334.9535,98037.977,3186.9893,4211.5573,13686.4636,49396.8492,64596.1948,23227.05,31332.4805,86118.0867,4772.7836,9554.2494,2044.5046,1168.1999,45935.588,5647.6234,4993.4165,4295.6042,9820.8198,5798.9289,8289.8433,19017.16,3029.5284,3247.3624,22188.8702,14240.0354,11611.5073,13359.7024,5703.0252,4129.2022,3317.6428,2850.9341,3914.3767,146.3996,5239.993,2765.1444,5701.5144,1057.4141,14419.6247,1698.736,16043.5074,1314.3486,20935.7201,16451.1404,3947.4423,7169.9833,6656.6572,18891.4647,19211.2194,4776.2831,4210.2408,41480.9126,18329.87,14970.2023,4925.5959,5693.3334,19753.347,7407.3738,11548.6401,552.6077,2117.9908,4685.3593,1701.528,20673.4273,2925.3456,3188.4104,77909.788,4237.6458,27626.4239,6469.4011,254888.4856,60198.6434,2353.5826,39272.7613,10796.7606,1907.1144,3750.1145,39707.2704,6503.2999,29686.7084,2952.9901,70572.1169,29463.74,22907.127,1482.0016,55234.4751,34344.1816,0.9257,79380.6052,121546.5344,61888.9013,42509.5885,5118.6711,13997.575,2213.2208
SMP_9D510E953854BEAC9E24,1,479640.2205,41707.9363,119250.452,39729.8583,19667.6209,866176.4044,3350.9292,66812.0563,481115.9476,6782.4897,3064.0295,2716.3656,5996.9006,30363.1217,1789.8366,15323.3543,21125.003,12859.2442,26843.7424,122935.8316,12334.9945,99849.0147,30185.2748,266727.3818,139352.5151,32433.7766,34556.1535,10414.2344,160.7027,256.0006,231.6553,5245.4267,902.2587,56409.8911,7593.6415,11147.1328,849.6122,1254484.995,148235.9671,16796.0424,1268938.607,227005.5924,23463.8699,14983.7358,19673.6437,4421.2246,2088.7557,5358.471,27584.5666,4043.5937,3513.3632,5319.4127,218.8734,15985.9822,8511.263,5660.4252,5377.6497,1877.4606,3.9809,18967.7079,6101.3439,26701.2911,17331.0747,33586.7878,33718.8915,1567.3654,116640.3822,2982.9437,4661.271,51420.6073,24750.4368,21269.2191,295.9834,126.9374,1470.703,201.7272,2353.6083,3215.8328,1535.7902,1624.9353,27065.4762,34574.5255,7192.8216,5766.9339,3913.1064,178298.756,236750.9734,20696.7183,2134.5805,7498.4383,12664.0048,273.381,104616.9341,165098.7292,74121.5619,74977.0214,34259.9529,103075.6685,1747.7797,55593.2951,2557.2421,2926.4579,7739.4332,48648.2508,47643.0056,14430.2336,16100.6711,45268.9635,4959.5462,6447.8841,1855.4847,1281.7916,26849.7809,3387.097,4441.5197,6563.1434,10244.9558,5020.7374,5828.4644,12440.9179,4359.4829,2007.7246,20577.6608,7165.7246,13960.3157,12741.9807,2690.0501,1922.2656,4282.4215,3978.3506,5971.4616,213.4615,6409.661,5035.5538,7798.9841,1007.5644,22459.2435,3076.0624,13191.1849,895.4409,19767.3705,10807.2917,3791.0845,5620.7417,6205.248,17082.4769,10299.9412,1554.8312,3300.3577,22954.4906,8337.253,8808.7914,3005.513,3965.014,10561.8067,3183.8256,15087.7067,1816.2982,2425.1323,4217.319,1177.2362,15266.1606,3104.3262,3420.889,71348.5596,3979.7616,27177.0378,6686.6296,243877.0907,52817.866,2388.7051,41982.9176,9078.3302,1561.4835,2816.7625,37261.2721,5508.8216,20482.4851,2324.0593,57853.374,25842.2008,16695.4051,823.3965,40730.8504,21022.171,435.3472,62134.0419,115646.3156,42643.9462,32545.0374,3482.3517,11765.5794,1366.5123
SMP_DC2D91ECF0CBC97E8463,0,448839.9754,48874.713,153316.8359,47232.6749,26870.7601,971452.469,4939.3476,65315.2668,569402.9913,6620.9445,3989.898,3080.8674,3056.3808,28646.9826,2761.9947,14497.2639,20758.4334,11853.8061,23257.9632,93456.9586,14050.1079,81650.4237,24502.4499,259861.9773,127494.9975,43319.0451,44904.0119,10388.9037,5380.1991,3010.4584,926.0504,9485.1684,2402.1068,91651.7819,13227.9654,19352.7256,1593.6881,2090699.676,169427.6356,33519.0063,1648299.305,331220.7383,42045.2407,25309.5296,36451.0417,10745.5507,3461.2399,12797.0078,57138.8319,15636.0387,5611.8203,5884.8575,450.6573,79996.9248,13398.1404,7393.6632,4710.0111,1839.9346,975.3578,14449.4811,2512.3295,15557.8919,8222.1925,23729.3813,15147.6972,3729.261,266321.0472,6300.7752,9514.0372,101540.9834,47596.9541,38013.8536,991.1634,565.7258,4407.0015,822.5359,4473.637,5268.149,2585.5615,4625.9961,29087.8844,50933.752,19592.4616,8455.5864,1548.6646,219316.0744,265980.929,39089.4484,5762.0963,7889.2108,12199.985,3131.79,109019.8971,176657.4034,73463.3843,103882.6412,39138.592,133794.0307,2673.7465,108057.0499,3834.0151,3788.4199,15163.3338,53826.1892,49593.3903,27891.6015,33713.4015,104475.5366,5664.8496,12152.9432,2893.5782,1388.1034,54920.1039,3860.4898,3490.0592,5488.9105,8437.8264,4594.9505,5834.003,13740.8793,1338.2654,1741.0331,19082.9042,7378.5488,9295.3754,10321.7435,2307.3678,4034.1459,2592.9592,2790.8937,2558.6839,375.029,4760.1974,4378.5052,6854.0022,2666.113,19699.611,1940.4005,13742.6992,3366.4748,17868.8756,19783.8678,4946.5714,5450.8876,5462.3127,13628.0144,12260.1251,4972.2755,2585.9412,25252.3513,10537.3555,17666.6958,2621.8778,4623.7012,16450.7595,6874.4586,17046.8925,3087.1029,3764.517,9724.3189,1359.8872,24005.8585,5449.6625,4865.6041,95759.0267,6552.1221,34934.1103,9209.0757,243995.8366,77030.905,2540.0172,42399.5505,13191.5068,2091.813,5328.1136,51077.4449,7222.3459,39299.2701,3216.3617,84682.2834,38935.3037,27785.8054,1120.0517,69526.0574,36580.3893,916.6118,100854.3292,141041.557,69714.8577,47877.3928,7970.1828,18336.755,2996.7149
SMP_3F05BDBC1B9108ECD1FD,0,502404.0297,53870.4529,159938.238,50595.7281,28023.546,1075618.712,5125.4534,76932.0575,581729.9903,6117.1704,2800.1685,2341.1,2011.9193,21375.3696,2072.4969,8119.3282,13355.0699,8646.0222,5343.5467,83958.9449,7317.0198,68455.6816,8142.418,268583.7774,81832.5695,46472.136,26925.9903,7571.4375,6426.0187,2827.8505,1032.9879,11782.9129,2027.4713,28651.6018,2082.5526,9143.2657,428.6658,1264403.147,29622.1658,21542.3123,537905.928,327905.1733,21303.0027,23405.1843,10959.5413,5671.5873,810.7431,5249.6908,38695.8048,3758.0876,8426.174,6621.6309,3.2585,33723.89,18442.7291,5086.3106,6034.5033,2514.2547,709.9873,12164.7053,1846.2923,24038.2126,12548.545,30528.1841,16414.2537,2056.6866,176743.7621,2941.7516,8080.0647,90538.1422,35492.2243,64431.9343,453.3545,483.0844,4359.5477,786.5871,3177.03,5816.4136,4396.428,4432.0729,20975.5513,8149.4872,11930.1376,2909.2557,5321.7476,140356.7223,231274.6157,24388.3089,4590.0913,5292.2672,15451.433,3789.1707,67074.2006,171343.2727,92781.8691,98096.8092,63019.6368,154295.3292,3489.6726,41548.9982,3791.5961,5406.4585,10352.5862,51524.4658,83209.6751,19297.2448,22655.2624,73494.3453,6666.5015,7641.4733,2383.9948,2346.2144,43401.7196,9371.5461,4332.7062,5233.2324,8086.2688,5742.4952,4810.1616,14788.2201,4053.967,4264.3352,21094.3275,11051.6689,13981.9626,15709.4698,5165.2273,2944.937,3745.2454,3087.1208,4467.0944,890.3012,6333.4799,1121.3294,3407.9355,713.6034,11879.7682,2046.634,6918.6468,2949.1391,13259.3557,10271.6009,2196.008,4258.2336,4314.7344,13468.8826,13286.6076,3.1951,2181.903,37851.4071,11429.105,11258.7383,3524.1898,4611.4202,16875.9857,5209.4174,10238.7584,2554.896,1798.7811,8430.3044,1131.6342,8295.0739,3234.7998,2652.1292,62957.5765,4621.5011,23898.463,6269.5469,267414.038,70837.4061,550.5094,38383.6274,9841.0496,3973.4791,3215.7335,45853.0018,9410.832,29707.2828,3057.9346,95247.7364,22331.8765,42566.9143,2059.1683,57737.3645,35035.3965,512.0968,101260.4327,105459.3592,81117.5965,48665.7694,5755.2978,10177.1538,963.794
SMP_F657EC4A01C3B25FD903,0,517876.9954,49362.5113,157337.8783,53269.6556,29004.3924,1021233.624,4268.6931,73802.2164,599681.6393,6488.5713,3732.4915,3757.1368,2329.7463,23702.5252,2053.5608,9175.8673,19539.7235,18776.795,7429.319,87596.2515,11147.7065,95032.1754,6960.3558,201936.6271,76954.8843,38090.2008,35322.8476,8332.752,5952.1226,3734.0043,542.9064,8757.6007,1726.2917,70643.5911,9687.1799,14367.2008,901.9376,1698501.435,105111.2754,26475.4986,960372.8578,199127.4032,19990.9299,23356.3556,17819.5707,5501.6685,4020.5796,7233.6801,50818.0031,13096.5964,4506.9472,5903.1582,5.2539,44812.9382,11312.7859,4480.7961,3759.7945,1555.1214,883.6814,8356.6692,3578.1097,18210.2655,16467.1035,24364.6064,12404.1298,3552.4179,226585.5993,6429.023,8699.5956,88013.0544,61453.3689,73268.1074,992.0236,810.1029,5375.808,2184.8883,4769.9937,7272.952,4402.4532,5801.4505,24853.0333,29927.4939,14962.0815,9216.4614,8571.0223,190405.6708,244577.2732,25085.8166,5668.8247,10229.7519,18565.0845,4214.4124,99490.419,164771.0398,86020.8589,83829.3323,70898.9989,129920.8372,3314.8735,97592.514,4274.388,4901.6829,9736.2541,45329.6317,51345.3113,22951.2926,27919.8802,62118.8361,3600.1419,8153.8222,1301.5929,1420.2481,34779.6639,5651.3735,5959.0841,5158.3791,7909.9972,6162.3635,6713.5138,16269.654,476.389,1083.6446,16969.5245,8330.0554,11415.278,9886.6786,3419.908,2569.6407,3330.1279,2862.0161,2224.358,148.8605,3869.4171,3139.8295,6924.9674,1453.5926,14976.5038,3251.4359,14831.0131,2362.4019,15639.3035,16369.6059,3493.5266,6813.2518,5965.2128,15885.1834,14254.3825,2588.0747,2938.0562,26904.2958,12295.1481,9998.1742,3701.7573,5157.9866,12906.2093,3547.2234,16303.5413,3574.691,873.5981,5505.5158,622.9828,21856.8006,5528.1535,4339.8899,112030.8716,4450.0412,40123.7773,4943.812,263106.0195,53128.7434,583.0912,40308.2779,6233.4916,1329.6833,4785.1673,51073.3775,5995.1776,45385.6488,6060.386,74809.9118,29671.1312,26373.8724,1074.1157,56303.976,44837.0237,369.9771,64217.7314,87948.4861,50396.3418,28092.6012,6453.7365,9287.2611,715.1802
SMP_5B1FF608B8847A730185,0,498093.9037,48366.6743,151952.016,51414.6035,28448.1332,1002139.816,4182.1046,72314.36,563852.7382,7142.2216,4230.9866,4640.6583,4846.6966,28815.2097,2824.1509,14861.467,18114.6789,14839.4395,14916.7274,79766.9178,9081.243,91167.3506,15182.0428,221062.8632,97265.4362,39111.3765,43518.7348,9920.1046,4467.2648,3443.0838,874.2349,9976.4893,2042.7749,85475.8643,10173.947,19201.7592,1362.7738,1801809.304,110225.3388,33599.7923,1274079.671,215951.6982,20474.5262,31735.2778,29610.4049,5754.3753,3090.124,6608.1754,40287.7188,9815.1978,12742.5636,13168.2125,4.2505,50811.8561,15708.3829,7426.0221,5132.174,1894.3605,852.1467,10899.0872,5259.3597,23029.1428,17071.5616,29483.2504,20110.6652,2663.7976,207872.9935,4550.6347,7583.1751,79293.4624,56061.7511,53643.1524,503.6214,411.9524,2977.0417,1269.0975,5083.6368,5634.5828,3585.2072,4475.9412,27346.1715,29788.9998,10735.7576,9417.9889,8364.2972,196236.1739,233967.0269,26247.3853,4107.757,11207.0547,17390.1997,4145.5596,92488.7363,161376.1689,70231.5172,76730.567,41060.9572,135120.2135,1098.5476,95931.0816,3193.5588,5123.6773,8781.2299,40217.2406,61701.7906,22472.7401,30302.2859,77256.1609,4015.5417,8758.2209,1911.2593,1440.4349,49046.1731,4953.2524,4384.6394,6478.6673,10845.7522,5553.9213,7862.2742,14794.9907,2607.5213,1515.4997,22234.6459,10566.5159,13901.1354,13125.6225,4013.4533,3657.5524,4079.3653,3295.1317,5448.9096,3.3955,6012.8141,2649.3246,5133.4917,1002.3045,13843.3854,1673.8843,9758.1789,2086.9347,17539.0977,17757.5938,3492.5354,6404.5727,5377.2624,16952.2027,13421.0204,3134.4234,2687.5692,28485.9544,10528.8857,12851.8614,3063.8985,4467.5787,14832.806,4580.6439,7544.6174,2501.3182,1187.7729,8460.7903,1262.4829,13300.9721,4133.4959,4057.1844,89224.0096,5140.0648,39345.5787,5576.4387,260827.683,61764.976,1746.0943,46304.0231,8796.3393,2086.3616,5160.4949,48790.6136,8263.0737,35849.5805,4870.6018,74201.7571,30959.7725,26997.6668,887.7855,57935.2452,41584.6963,334.6549,68318.9467,114916.2616,58203.4939,40654.6901,6533.2529,14349.3554,1185.3736
SMP_8AD0A482C452D16879CD,0,519455.7731,52434.7704,158836.7104,50523.2136,27408.2458,1014784.439,4742.2545,81968.1753,576840.6645,7454.752,2730.8801,3049.4206,2896.8188,24485.9791,2086.2703,13108.4327,15209.1622,7811.1644,10009.7965,61723.8304,7056.9085,56819.7534,12177.4223,176043.8797,93599.187,24205.6167,21552.8204,7685.3043,3556.4742,1435.7897,574.5717,5138.2382,1656.4901,40474.1861,4738.7127,12220.2544,848.2703,1597995.559,94083.0007,25871.1071,1121073.249,408906.9658,30857.6974,20911.2897,28769.0707,10221.3503,1973.5208,8177.9261,31720.9478,8682.9457,4630.5125,7513.2266,1486.661,60611.4203,11724.8149,6388.9149,4428.7166,2032.2046,524.2789,5566.6824,3171.2875,15795.0561,9351.0111,18692.6153,16892.7895,1689.6895,173187.6197,4387.3865,6151.8004,66826.2283,38533.929,49402.1135,437.8161,158.284,3033.8047,957.8763,2956.0837,4165.5237,3336.0341,5013.5686,22577.5959,21790.5107,10016.3984,4039.2894,4296.703,175724.3885,231169.2439,19566.3846,3005.5997,6767.0789,12690.8952,2778.0369,74845.3429,173140.9908,77769.4105,71204.6813,49128.6473,139112.7428,211.5672,68334.1557,2725.2284,4438.2117,7963.4786,41979.6808,70810.1143,23336.8003,28210.4944,87419.5122,5102.3652,10402.2247,1677.3167,746.2507,54213.5402,6561.0372,5301.025,5312.0625,8823.7781,6926.222,5373.8024,14488.9022,7600.735,3595.3022,26116.8592,9513.5381,13443.5548,15540.8031,4427.9842,5182.7244,3039.4632,3724.4597,3804.9616,500.7149,5208.2966,1874.1824,4733.8818,561.4527,13124.9525,1578.6795,7247.8198,2105.3108,13440.2399,13686.102,2693.8905,5534.6782,3208.5641,11218.5437,19641.1513,1998.0962,1306.7981,36807.2729,14101.8174,15730.6691,3023.0574,5126.226,16213.1552,6757.8457,10199.49,3561.1711,1241.5538,8709.7589,1015.4827,11266.507,343.3052,848.2454,60256.4411,2305.7683,24386.9785,4360.7418,244800.1851,57167.4078,2906.2131,44134.6447,7216.5806,2076.817,4583.0604,42337.8985,7623.4273,26046.6929,1806.3137,65944.6314,26579.0181,26257.3722,1624.5413,40650.199,22784.2934,1360.9501,57973.9295,117190.2253,44395.9641,45639.5946,3912.6555,11143.1145,1738.4012
SMP_D40F1766A78CEF79D804,0,501311.8502,44237.7191,146494.1747,45875.067,26335.5084,929372.4962,4395.2637,80129.4309,543566.6016,7252.5638,1591.4959,2236.6839,3997.8029,20650.848,1322.376,8317.4715,8450.4017,4813.3401,16913.1909,53730.3428,4583.4617,49656.9862,19238.3076,209672.4798,80912.7168,26351.4664,20665.8094,7139.769,4601.8692,5634.4339,844.8365,14708.4818,2064.1793,104076.3272,12905.9346,16041.8717,863.5826,2161027.544,240147.2255,34237.6261,2507252.293,582079.9041,80971.3939,22370.4129,50058.8027,11913.8153,4529.3513,12794.3345,68369.2117,9955.1119,5092.4189,13294.4821,1178.3159,49256.1355,10535.3378,7789.7601,3882.4348,1495.3838,1109.5621,8871.0973,1807.8288,15748.3775,8638.1091,24232.7911,16348.9992,1176.2689,168941.7538,2841.393,6670.7479,71086.7492,35375.0463,44715.168,429.2797,302.4005,3335.901,766.7178,2883.7734,5612.0561,4997.3255,3832.3735,22535.6002,20846.4825,7914.04,3786.5369,3889.7059,172513.2208,244270.8367,25328.4743,3864.2036,5588.317,13582.5123,3352.9152,77126.3562,175474.5623,80676.4161,96012.0144,47862.2526,161533.026,2449.7624,82856.9838,2140.8642,4971.5854,7324.4128,56676.677,85658.5297,19743.4313,24799.4582,76423.331,5936.3152,8452.6541,3435.1307,1846.8084,38364.1148,3006.4698,4723.9471,4888.6112,9462.1291,4175.8725,6209.4202,15597.0944,2050.3096,1415.2901,19389.3205,11235.6564,12310.8676,14615.5007,4543.7248,2808.3147,3203.1249,3027.0291,4407.0403,463.695,5883.8237,2579.3289,4676.3796,5.3954,16565.8466,3281.5941,13181.802,2274.631,20467.7742,11871.938,2864.4073,5926.7063,6233.9524,17609.5434,23324.6264,3213.5886,4156.5786,50019.6835,19408.7384,15077.3693,5956.3124,5233.3139,19338.3775,6106.0641,9962.7662,2605.7702,1001.712,4677.5474,545.8396,12454.6829,458.4881,2138.97,56070.1139,3159.2667,23868.9086,5050.3767,265506.6469,59348.4189,2521.4556,42353.7046,8399.6721,2240.8874,2411.532,39449.862,6101.0988,22830.9086,456.5949,70821.9413,21741.1577,23899.7357,1082.3228,53310.6322,24972.8415,1006.3302,91842.8007,118353.7632,61010.165,39823.3659,3657.3583,8728.7394,1935.736
SMP_15B241E6024513D9ACC7,0,509298.5398,49209.2488,159503.034,49438.4963,29424.8446,1033634.767,4581.1265,72373.2305,657620.6276,7431.6529,3912.5004,3844.1532,3018.6136,28600.5037,2024.6837,16807.7412,24950.2094,18682.2847,20703.083,115289.9982,15693.8988,100433.0214,20105.8193,254153.2917,129770.5531,42946.3704,41550.6819,11355.6122,7317.7258,4133.5286,560.8681,11884.6506,1639.9351,83822.0273,10317.7913,14964.6857,1018.525,1524387.627,106298.2459,27411.0953,1052595.861,193380.1964,24553.6753,18719.5918,16982.2157,5773.715,3439.8438,8121.979,31900.8438,16814.3668,6301.0211,5723.9444,323.0744,58154.2679,11454.4552,6563.8812,4360.8809,1430.646,895.4641,13141.0692,3763.4764,18926.5275,14753.0598,26305.5107,17302.7787,4143.7599,181146.7959,6276.7388,5722.7135,58463.0372,52405.5886,49526.9093,315.5383,3.2874,6076.9421,1590.8698,3928.5013,6155.166,5708.2494,7159.4336,30315.4178,56436.1934,20415.2592,10407.9813,6710.5394,237581.1613,249788.1574,36885.0298,12991.9406,9479.5722,14129.0311,5583.5439,125182.2457,167613.6353,68047.0701,105265.1094,34442.8984,179034.802,2679.4616,167022.8257,3310.5444,5183.5593,13191.1166,64475.6142,78443.2796,23423.4964,52742.4193,108852.9629,5277.5635,10797.1167,2198.9272,848.4423,49056.378,3057.5237,6343.2441,5740.6867,8518.5382,4227.7372,4764.5072,10298.207,1548.4033,2170.324,24160.7111,7854.5865,13252.8996,13672.2827,3714.7846,3838.8197,2719.248,3180.4108,4292.5319,3.5244,5507.2109,8546.8133,10386.5856,2058.5102,30172.0006,3932.5323,24028.0332,1947.4377,35858.0905,51315.6238,4746.5584,5757.663,6036.9388,11354.4248,18262.0591,10463.5018,3530.8719,33045.8593,14830.5445,20517.465,2924.9431,5599.9111,16381.8125,6713.4093,9888.8849,1400.7209,2741.7773,5597.0374,1106.3776,15862.3525,5602.2819,4554.6828,119949.6243,7156.4572,34861.4272,4160.1811,253847.6904,70105.9354,2808.3129,48055.8584,11778.5088,2346.3394,5576.968,51884.3068,6569.9853,41998.1299,3288.4859,84816.134,35124.2156,24312.7576,835.2751,69531.3512,38363.4264,1433.1072,95208.7073,128573.5234,61328.1707,37487.0515,6817.5753,15724.037,2180.7223
SMP_A171209DCDBFD2D875B4,0,500682.2205,43681.7055,147003.7281,44187.8657,26800.9654,930580.6007,3903.328,74722.9796,479877.5201,8466.5407,2541.9563,2880.7278,2554.171,31130.8948,1534.9229,20551.5496,19010.7941,9257.9174,9679.5998,79267.105,7862.6392,64786.7868,9059.2548,195275.3207,130674.494,28499.5566,20356.0167,7529.7023,4915.1774,2138.0337,372.1028,5528.195,1862.4536,50230.2228,5715.3411,11554.3742,1016.1216,1800608.611,93441.8498,31467.9295,1618563.703,425204.7161,39073.2588,23871.9718,41325.3834,16196.6213,3809.0822,12594.5292,45753.1813,10087.1891,4591.2818,8819.3401,514.5433,64550.8209,11240.6558,7229.1145,3825.0367,1882.4354,636.8986,9695.5743,2273.0604,17012.015,9881.432,21225.8255,16059.7967,924.5252,159730.427,2130.9481,7075.7147,76195.7769,34964.9927,48287.2375,262.0845,991.1449,5220.2941,753.4228,1863.8034,5025.1736,5707.2411,4770.4251,20145.7009,9721.968,6558.1452,3422.6948,3243.0841,144954.8696,208743.2508,17937.9749,3706.203,5255.4044,13150.5199,2601.687,82731.1028,177531.7304,74961.2988,88883.6032,40446.7654,152906.8287,1334.1534,91049.1127,2623.7632,7318.8737,15061.2711,63003.3468,101704.2059,16792.6699,40420.6008,67934.3627,4275.8207,6978.3351,2077.8132,1196.2425,44040.9463,2275.1037,5235.3475,4864.706,8464.7239,8558.4585,4654.2952,15791.1983,3458.1401,4151.7067,27841.6865,12250.0033,14050.0858,16290.8731,4149.372,5142.0756,4062.6463,1958.1655,4550.3608,281.0594,5886.863,314.2589,1619.6661,5.5596,5742.2983,1132.2756,3746.7828,2372.8967,10168.2644,4902.3194,3805.9208,6432.9074,7178.6478,14991.3671,23599.7145,4709.0187,3245.2494,48599.104,23699.0153,15856.6881,3473.6643,5420.0418,18484.6969,7548.5229,8874.2026,1263.8071,4442.5844,6432.8005,1221.2475,11011.0909,1579.5069,1326.4802,57905.535,3025.5021,23860.345,5215.1932,257857.7258,57018.1017,1717.1515,54576.961,11434.5704,311.8007,4947.0478,52265.3573,9308.6207,28428.6321,2563.0122,78300.4575,28674.3675,29838.9388,1692.0525,58882.2752,30323.5871,655.7696,79692.729,136186.017,53709.233,44651.3289,3850.6762,10842.4485,2522.1373
SMP_8FB5570E17043424CFCE,0,516729.5673,47552.2153,169938.5051,50381.3268,27433.1264,1046240.168,4588.7877,80133.8928,615490.9592,7714.3899,2635.467,2238.7715,1961.3869,22176.0148,1604.3617,12621.2154,15617.297,8907.1903,5904.6892,82333.5065,7191.2755,77835.6464,8968.628,264087.5554,106374.0857,37556.6023,27784.0917,7507.6563,2475.8598,1967.9558,606.7177,8040.8644,1625.1898,42631.4854,4777.5488,10761.2633,542.7481,1610243.139,97192.3643,26068.8787,1011485.926,434241.3322,34526.4434,22421.8148,26663.9353,9368.9632,2023.5148,9817.5216,46554.3177,11547.0108,5343.3893,6974.6319,3.9456,60044.4118,10593.6146,6096.5601,3523.6866,1381.648,769.333,11463.2408,3567.8392,20301.0344,13230.5522,27994.9473,23489.8747,2032.5902,239406.5544,5050.5718,8561.1733,87798.916,41748.8262,59933.1577,893.6606,582.699,4598.1421,1374.1555,4706.2025,5620.9529,3622.3815,6138.9114,30301.2615,24956.4219,9424.5115,2926.0975,4054.534,161666.5108,246397.9657,26247.1157,3667.97,5526.8909,12391.6627,2989.6608,73502.063,165708.1529,70183.6886,97999.8426,37976.9568,154315.8032,1978.5184,99919.3166,2167.1269,4592.6578,9640.6317,60807.5767,73889.2146,19489.8001,33857.6897,99666.997,4278.7871,9158.3953,1239.6515,1581.9976,58824.3512,5595.7793,3731.0236,5373.1393,7928.6749,4950.0349,5330.3066,19190.8285,1066.1182,2028.623,17738.2012,10912.6551,10007.8849,11724.7843,4051.3159,4455.375,1976.933,2825.9786,2867.6499,385.3651,4061.0212,2426.0904,6043.5468,615.08,14406.683,1471.4389,11162.9705,2087.3247,16506.9651,20297.4497,2881.6522,4656.1661,3724.2231,10786.0905,11809.8008,3236.1687,2450.0496,30399.2883,11168.9181,17572.8761,3681.2052,4225.7059,18190.4632,7186.8661,14399.6781,1887.657,2336.518,6180.8856,1471.5118,20044.1731,2558.0655,1258.0185,65961.5156,4330.0505,24211.7417,4090.1952,267338.552,61387.3614,800.2711,49893.8158,10220.189,2531.9409,4758.7524,50581.4869,8945.9364,33601.7711,2339.9392,79647.368,29267.781,30788.6216,1669.5849,65416.8853,35170.5924,412.1144,100268.9355,142214.4598,66973.8298,53447.082,4937.0879,12979.4138,2161.4868
SMP_E7FF9C9D96259D722264,0,533450.89,43814.9786,147795.2266,44753.8193,28133.1425,990660.4485,4076.5102,75409.7206,587435.7641,8881.818,3806.0095,4433.6391,5570.4545,36847.5623,2152.8105,21630.0856,22421.5833,14178.9041,11507.1895,96217.0321,14536.7908,99381.1948,13704.1327,240381.8541,143458.9541,36368.8218,43159.3905,11224.5514,5736.0638,2237.0638,585.6408,6842.5479,1491.417,53499.3358,6349.6235,15873.5077,1371.7835,1800863.99,119589.6689,26745.6427,1336042.053,328588.4579,27664.0195,28486.3645,29107.0197,8885.3747,2516.1518,9439.5237,40893.388,7135.8255,5823.292,8041.6506,359.6976,34109.6061,10872.9085,7155.551,4427.6908,1918.3979,1302.5175,13477.9824,4212.3611,22505.3065,14771.0625,27567.5967,23370.9709,1256.7588,194167.59,3059.0528,7747.4236,83989.5177,42632.0882,45166.7916,528.2977,2.49,3710.5,586.723,3299.6451,3840.6853,3382.0072,3443.4158,23469.4453,20297.1646,7709.3216,5097.043,5176.6005,196020.9176,255368.5542,19315.461,3042.7184,9496.7696,15659.4812,3558.233,92366.8519,170373.4281,85681.9248,83317.3831,46527.7018,166904.8688,1641.6185,72599.0523,2367.0567,6435.1804,10691.3511,54491.0621,81427.2969,21086.8698,20758.5533,80162.614,4936.9451,8749.6152,1901.0317,824.6814,41310.1291,3030.8103,3708.4447,5064.7465,7644.098,6007.959,5207.0385,13955.9363,2795.3438,1960.2051,25673.603,13153.5502,14494.9217,15984.9569,5708.289,4307.14,4509.7318,3611.568,5304.5357,317.9946,6648.5912,2857.0906,5792.2136,1262.0344,17145.6925,2066.1577,11323.5596,744.0292,23363.7108,17215.8749,4664.4792,8526.3968,7672.1632,22204.608,27445.3327,3261.9076,3867.9843,54980.8742,21778.7025,15859.7418,5286.7796,6039.4283,18355.2027,6333.429,9582.8746,2131.2326,2037.2257,9902.9853,1086.0398,12367.6661,2942.4876,1944.4559,74493.558,3070.9295,33645.8871,4586.8049,249272.5545,64708.0892,3510.268,56426.2072,11180.9899,102.092,5628.698,46812.1849,7110.4281,34067.3323,2923.8117,76682.8326,33194.4115,23617.1619,1793.9496,63556.7273,29612.9513,1061.1027,84570.712,131131.7789,52423.9025,46625.3617,7063.9139,18202.5803,2236.1499
SMP_163A4829047CAFECD6DB,0,532744.7505,45987.5534,158560.4357,51997.9874,27377.1201,979193.1056,3942.5201,71481.3106,583344.5263,7343.6151,3375.805,3744.0207,3616.3548,30100.4979,2051.9429,18250.8531,23588.2547,15179.0749,17443.4945,99313.6431,14143.785,92709.9577,18390.4325,252847.115,137457.9417,41978.254,65613.123,9675.1098,4658.0324,2192.6623,653.5594,7491.0909,2192.4711,63386.8399,13028.2335,14364.808,1047.9819,1534578.308,211743.3624,25082.3637,1434539.064,220184.7163,27043.8369,20630.5471,31911.0276,6561.3463,4385.767,7715.8871,35579.2441,13123.4428,4981.7704,6794.3424,396.2646,51651.9813,13259.0181,6690.7801,5149.7755,1726.2716,852.4215,12084.1557,3512.2066,19617.7071,14800.5084,33332.7704,18521.4342,3700.6401,198762.9345,7099.1004,8375.7213,88579.9444,53889.1033,39776.3073,905.7359,1391.5771,3674.5783,968.7114,4841.1516,4914.2097,4123.9287,6080.434,24765.8616,46238.617,12927.9011,8586.5127,5301.4106,207368.8423,239988.0979,32029.1567,6069.9354,9931.5855,17181.8216,3611.2144,116561.9545,184913.2871,81853.1419,94523.2981,42015.2119,126901.6109,1341.6844,130024.6241,4027.1245,4499.9376,13362.6781,64279.9142,63036.5963,25998.9049,50618.3616,131761.0389,5320.45,11312.6355,3534.3334,3792.8981,65515.9639,6646.7959,6769.8977,4667.166,7748.9631,3515.182,5967.2924,10572.7586,747.6491,1680.1269,13931.0463,7765.7514,8946.8123,10227.5755,3039.5178,3141.6961,2249.5823,2615.7,3287.8152,3.7457,5034.2715,4890.4129,6654.2292,1525.9417,17757.4078,2636.8143,11703.5111,1638.0679,20514.1298,23318.4957,4095.1624,5209.2243,6653.3773,14661.8237,14023.2165,5756.4611,3471.6989,26259.1988,10281.215,16252.9944,3971.9986,4375.5915,17259.622,6121.7964,10613.8074,1403.037,4542.3789,5694.4298,1525.7612,21313.7179,4996.979,3810.0331,84402.3128,6389.9731,25960.0442,4559.6818,234757.6269,62293.5981,1319.856,33862.4616,8171.5601,1571.9829,3359.1135,43327.9086,5838.6984,29515.8369,2739.1963,73941.9417,29663.1247,19740.3831,990.0518,57155.3608,34308.4001,1092.2668,85198.2291,131226.459,58717.6296,37271.2918,8792.5114,21882.5202,2602.5254
SMP_79D4712EF09B84C1812D,0,510361.0936,46983.6406,150520.0934,47537.9762,27656.2747,1039978.62,4381.3912,74847.3003,674554.2635,7365.8753,2816.3409,3204.1944,4271.5127,28689.664,1655.8387,14376.6177,18299.4686,9770.923,31766.6961,112562.2803,8033.9265,73799.6011,30032.4569,301262.482,117223.131,42955.4479,42488.8757,10515.0554,4123.9072,1421.8662,517.1167,6412.5685,1611.9113,43346.7271,3772.0471,11353.2605,780.9944,1429019.137,50702.966,22402.1212,733771.9277,303870.5159,17226.0572,24594.1705,16697.2027,7453.1216,1873.2548,6765.3581,25696.8485,9045.59,5846.9384,5114.3554,3.0829,43765.6917,13261.8963,5475.0884,4206.0446,1792.9815,590.616,13078.9289,3144.0374,25128.1738,10176.8445,31991.4015,18171.5907,3288.7976,208707.9092,3961.4606,7753.3474,81125.3698,29982.689,47001.5916,459.8186,2.8488,2297.4592,902.1638,3472.4313,5337.3104,2671.1455,4071.1266,25805.2326,23393.4653,11783.6073,4556.7549,5766.096,171422.95,284717.5664,18581.7152,4055.6058,6062.4911,15283.9183,2955.2106,78788.9873,179902.4312,78431.4019,84069.1749,54538.332,130498.5376,1860.5798,82291.6481,3590.6004,4385.2116,12310.3581,58566.0988,61689.3829,21180.9111,28692.3151,101096.3452,4437.7729,9190.7351,1394.5229,1036.1327,64972.2677,5190.7347,4465.7019,4842.3846,6703.5753,6027.1353,4140.0032,13161.7053,11.557,2506.8483,20835.3927,9302.7571,11761.0027,13365.2584,3557.5093,5336.0249,2949.6953,3219.1103,3883.6074,349.9623,4873.9432,2979.8731,7160.6946,1007.6011,20638.1307,3026.012,10565.811,2535.1805,16788.675,18650.769,3584.173,6132.3705,4900.0101,13714.2722,16370.7761,4354.3806,1558.4229,28627.4383,13137.3994,16889.5299,1996.6978,3995.7446,19436.5625,7964.7647,20990.6364,2027.7379,1791.9805,6587.8889,1180.3257,14423.5866,2824.4832,3240.2032,74573.2966,5446.2492,24588.1328,7447.6357,255230.5063,59448.3296,2521.3976,39997.5618,9307.5249,2025.575,3785.2335,49968.77,7157.0095,28240.5213,2031.3343,89302.0902,25071.1826,33249.7117,1263.027,54225.5831,26731.1168,2980.7972,104708.1677,120840.3063,62835.814,40800.9685,7304.1972,11506.3075,2455.5891
SMP_3286BD072C2B0BAA0FDE,0,580072.5445,42959.3801,159934.9137,53398.2424,30987.9373,1057017.651,5267.196,75820.9272,588022.161,8093.8585,2940.0042,2761.0226,2287.9736,27118.0853,1123.1243,10471.7142,13053.1522,8824.551,8338.2761,58640.6132,7178.2379,64046.8916,8904.3686,168789.446,88596.5847,22403.105,34191.5135,8326.8827,4275.9453,4560.4013,1251.3804,12733.2132,1639.1322,39655.699,4085.8074,7518.6197,497.5598,1010589.258,35861.683,16805.0041,419064.9653,137507.0155,13504.8259,14591.558,9449.9174,5007.9497,1102.7315,3777.8815,16476.6918,3730.1966,3800.1501,5392.2469,208.1871,26406.1223,8958.1815,3755.8968,3576.8522,1741.0265,2338.3159,9544.741,2717.4039,16817.7081,12511.4064,22071.8195,18773.3199,2523.7519,142679.1502,4020.9739,5814.3746,65621.7967,46283.4425,68612.8849,595.1603,336.7524,3067.4256,1160.9617,4156.9019,8711.9487,3237.1431,2990.2299,22533.7694,25533.7098,8349.4313,7354.1502,5785.9411,166721.5838,228568.2878,22159.2979,2362.288,9896.3707,17794.19,2535.005,91830.7929,173538.9247,82989.8901,65970.0524,58454.3213,110842.0417,2386.7392,46805.1567,4475.4765,4833.4185,9230.2822,37733.3091,53643.6795,13390.8541,15970.0213,49804.4981,4712.4458,7602.9195,2014.628,996.9263,34818.4956,4715.9956,4799.0464,4774.5236,9398.4342,5641.302,4978.4872,13229.786,4320.6848,3119.5999,17556.0632,10185.6217,13542.1779,12229.7804,3568.8563,2981.3462,3115.1936,3665.2526,3371.6214,220.2522,4555.6573,2768.9609,8460.8382,612.2466,20485.0086,3995.7576,10013.0632,1322.3519,16382.023,11180.1274,2729.3375,4710.9617,3926.2103,14675.1084,11447.5061,137.7287,1847.2041,23141.4403,10121.9826,8331.9683,2828.6881,4254.7921,11727.068,4411.2115,10197.6823,1665.4856,1092.5172,5477.3555,959.477,14164.2527,3310.6255,2964.2069,67744.2361,3298.9992,27268.9044,6020.9367,268243.3649,49404.1565,1520.1105,44340.5175,6241.5647,1601.712,3554.8087,38837.3175,6009.4032,26209.532,3136.7285,58863.5902,27391.8597,21777.7634,2087.7496,49315.2389,27491.6479,668.4211,65928.5383,123390.6246,46035.7252,40160.7378,5859.9597,18034.838,2176.1049
SMP_3978D8FFC8FD3302184E,0,480883.7054,47033.024,157352.366,46788.8669,28526.429,1023288.406,4085.1337,70468.8703,607081.8047,7761.5956,4272.4572,3435.7528,4121.7481,33560.5438,3378.7803,17059.5416,24132.268,15132.7936,8852.2139,102047.344,13060.8627,82732.3158,13092.8598,258280.4091,124317.2377,51175.6367,37248.3334,8731.9395,3604.5206,1192.0969,571.2377,14081.5246,1251.3867,55790.5401,4960.6197,12578.5502,782.692,1709430.021,94310.4331,24611.7533,1331412.524,552440.6387,35194.9466,20978.3031,19795.0423,10039.6359,2205.943,10447.2782,37197.2758,7880.0695,4747.8665,6324.3733,425.0777,53338.8479,11574.892,5486.3079,4291.0947,1699.0669,686.4979,11735.3184,3055.8057,20388.0029,12805.8941,26561.7179,20959.8349,2397.6483,187403.5302,3292.8743,8285.0718,90298.8433,29490.3406,38643.1172,479.1038,499.7011,3830.1147,635.4709,3140.496,4991.2543,3461.2428,5458.0537,24801.9536,17702.6501,11345.9707,3858.033,5594.3979,166464.9652,264104.1899,24327.1867,4361.7686,5652.4908,15620.14,3391.5938,78736.2386,198831.9713,87592.4228,119311.4698,52006.0583,137302.5885,1546.6137,65437.1824,3453.1665,4532.7372,12568.0107,76432.11,74834.0394,18978.9327,24093.2928,103286.9376,5025.9009,10360.4413,2594.8183,2022.161,65151.2948,10543.9566,5506.1639,5471.0639,7262.6468,4426.2449,4128.064,15169.3039,4845.0795,2524.6989,14760.5562,8405.6333,8389.7788,11596.1268,3050.7385,3369.6593,2186.9281,2880.7374,3877.4875,385.5796,5305.0777,4209.7181,7451.877,527.6618,20468.9965,2254.418,13467.9188,1683.7447,26086.6921,21359.3916,3439.1063,5628.6381,4989.9671,14928.2157,14925.5264,1245.5505,1299.5095,27508.1112,11020.7432,15039.6619,3782.8738,4265.6907,17009.4529,6891.3497,21512.7177,3278.9191,1386.6463,4553.8376,996.0228,17086.6338,3869.3806,2527.3592,81950.4191,5131.882,27074.805,4040.3049,231505.6918,74092.4143,674.421,36280.5256,12018.7629,4304.987,3190.1052,47751.6434,9190.683,28073.5971,1757.0871,74700.1374,26772.9492,31035.2735,1470.2457,54822.772,32805.2181,240.4831,83835.4302,122038.0506,63918.5189,46945.894,5638.261,13288.5337,1974.138
SMP_66D133639A3F143109A0,0,513926.9175,44164.9209,146482.2207,46408.5864,26989.9811,926571.984,4713.0463,81456.3246,510017.6924,9187.5647,3396.1572,3865.6733,2993.6725,30701.8614,2725.0777,16934.5092,17402.9918,12698.6533,5714.9706,77460.043,15128.3585,86730.0032,7795.9638,206982.9642,163802.8259,34513.6191,31353.5149,8751.286,4787.9229,3195.8205,797.6762,11054.9568,2377.5067,95784.9032,14355.7994,19637.61,1182.353,2362861.165,288106.2256,42134.3689,2557003.523,483485.9303,45025.1267,24701.935,102538.3531,13047.0539,5211.9685,12044.1448,50982.8973,30808.0476,4915.7916,44662.8594,1573.3001,114059.5208,9863.8229,18309.1599,3360.6208,1699.7457,668.5405,13657.8331,3823.5489,14544.1377,12615.4721,22939.2535,25170.2445,2127.3841,137475.058,3480.9335,4537.3755,47445.8534,36008.6571,28980.177,711.0312,283.7343,2671.5077,178.2479,2853.8836,2654.8632,2775.8412,3738.1481,25235.4613,27267.0925,9999.9048,7715.6174,6068.008,191379.7952,221509.5051,24210.0838,5442.4177,9905.1586,15830.3836,5198.0352,75019.4694,147026.1083,63390.6618,69604.9155,31496.9505,150385.7362,1782.777,165304.2792,2871.6254,4917.3561,7851.4866,39103.8475,61748.0617,15694.3939,52086.9922,73168.8953,2854.6853,6016.4984,1021.4283,348.6103,34693.4824,3022.6199,4598.9845,6360.2538,11217.7991,5113.9995,10244.787,14748.6774,3572.6879,2247.6609,17434.4836,12013.2126,9034.3362,13015.7298,4456.129,3835.8007,2176.2211,2319.0037,3447.5532,4.9417,6015.1086,1591.5999,2567.5329,596.1258,7058.1964,779.9492,6246.9019,805.1541,9494.6153,10907.2181,3322.527,4598.6056,3982.2859,11361.9402,13826.4283,4544.9377,2655.4242,29921.4113,11293.558,15937.1597,2612.1893,4938.9425,16137.1445,6620.6621,6955.4294,817.3028,7422.0913,2453.6814,847.1665,11957.1131,3659.8807,2366.423,80605.663,5557.5963,35845.3181,5810.1117,265733.8303,79216.8861,2035.2209,58346.0144,14799.756,2800.6739,6857.6888,46513.0743,10461.0265,31414.593,4399.0878,65703.5214,38505.3095,28547.8518,1951.3073,60143.727,43803.1829,394.9121,74190.7242,155037.5952,63530.5916,62976.9024,6333.2314,20218.8966,2507.8937
SMP_9DF30BF3B1A86E2C4D4F,0,536366.6909,51816.4674,172584.62,53106.8755,28425.806,1073776.119,4293.5471,79834.3402,574642.0102,8061.2572,3258.5992,3428.7873,3355.0304,26502.7374,1859.9693,12936.6845,17587.6308,10267.1759,14597.0203,68313.0892,9720.2206,70329.4848,16167.8299,194038.6759,98770.5472,27806.8126,34657.1913,8157.6289,5125.3542,3876.737,550.2166,13142.6726,2123.8282,57232.1797,7039.1297,11580.7295,1145.8074,1548718.719,75033.7964,26557.7732,854216.8749,292152.0069,32131.3667,20535.9026,24825.7232,10002.3908,2456.9169,10526.0182,46860.7442,19733.5831,4866.8578,6245.4574,3.3582,117521.5546,10607.0084,7450.7015,3766.8453,1279.2495,781.2991,11191.7283,3039.2243,18547.6569,12173.2083,25267.4274,19862.0148,3394.7597,168442.72,3310.9322,7737.4114,82227.2822,34881.2423,55823.3714,541.115,292.6866,4131.8963,980.4227,2620.3684,4421.1949,2325.2541,4075.0336,26499.0278,18626.7912,10950.713,4575.9991,4803.559,160378.4791,236408.6494,23339.3906,4659.4757,5855.8634,14217.8636,2825.6096,81316.5212,176717.2237,71885.7054,83860.4099,46200.6598,113499.4754,2208.3928,135197.1718,3618.38,4990.3106,12500.5904,60912.0699,69700.9877,16988.9061,53171.5939,83394.9383,3721.8714,11358.1197,1698.5642,1722.7872,60309.9976,5135.7418,4459.0402,4386.7481,7041.4955,5486.5805,4381.6511,16275.8576,9.2815,2574.7821,19287.7365,8467.7843,8213.28,12687.7722,2545.3511,5120.049,1347.0455,2617.9809,2636.3911,5.0251,3220.9647,1305.3652,1817.1043,920.3122,8290.4879,1445.5081,4025.2995,2003.7689,7869.3664,6946.3088,3705.7304,6351.439,4992.6019,16223.6012,17052.4268,9056.1111,2786.4715,34095.7986,15139.9786,19196.035,2693.7096,5363.9976,21615.5199,10141.2887,9980.1734,1919.9408,1827.9041,4231.9579,736.7332,15446.7397,3573.88,3738.7453,80521.9924,5078.1753,26357.3939,7072.5103,251117.6501,57791.5968,2741.9365,44807.1498,10280.8997,2099.6959,4509.2166,48391.0926,8658.527,33775.525,2549.6495,76510.6892,30912.5116,26228.2978,1810.5201,55232.0624,34490.8937,1435.3957,81788.888,121455.2236,58963.9142,39896.6852,6803.7833,15315.5075,2806.5619
SMP_84DB23A9EDE73678633D,0,528695.3154,43388.4032,148777.576,45401.7646,25490.236,972615.0811,4158.3454,75999.6633,597201.4697,6336.0314,3023.5598,3379.0352,3169.7257,31518.7094,2675.9483,13839.7077,18751.7155,12188.8102,7620.0505,97462.6496,10976.8763,94906.6867,13352.4736,326383.3371,122039.1779,56010.5958,45158.4354,10526.7451,2683.698,5625.0964,717.5171,15433.2892,1842.5709,127387.4504,21292.4436,17899.1085,1491.4418,2538934.108,298407.475,37276.3327,2465465.574,891349.5635,82985.7454,26717.4794,51038.371,19429.1187,5538.9175,18731.1326,52959.8645,9464.318,5474.2835,7750.4134,1531.6167,73135.3207,11322.424,7608.8171,4225.4898,1436.8796,888.0601,10556.9176,4654.8092,25703.3836,16098.2777,34757.1265,27961.3916,2765.3754,217676.729,5781.6524,7618.5781,89702.3006,53202.1761,73026.3864,625.9402,969.3845,9084.429,1587.9825,6355.7787,11610.3595,7420.2742,7144.4903,27866.7486,36863.6281,14547.1753,4176.0419,5615.9105,203529.5418,289082.5451,32077.6515,5961.3271,5959.572,14621.7029,3562.1402,75602.9536,187595.2515,85900.4123,107327.7075,55929.403,164635.7914,2625.1082,71150.4884,2666.5797,3599.5862,10788.6663,59334.6828,72072.7716,21762.2001,22355.5609,92616.3458,5585.4604,10099.6735,2759.0733,2217.6654,46858.4689,5105.6086,5214.3812,5359.6898,8978.9876,6512.2002,4703.069,16932.4232,4374.1585,2776.4854,19035.7611,8161.8057,12002.9506,13360.8518,2942.5364,3511.7081,3984.2456,1471.7213,5495.0875,1192.5324,6137.7435,6776.2073,14782.6484,4.4433,30088.0293,3533.0121,32526.6911,1821.6519,30176.3435,32150.0354,3700.3017,7711.1664,5584.439,19151.5325,17150.2843,2698.1684,3764.7443,36736.2846,15220.9692,14544.9318,3048.0042,4750.1227,16608.5193,6648.7937,20686.3822,2029.5586,2745.2417,4354.8774,1294.401,19852.8212,3240.8972,2514.237,66246.6356,5118.7478,22620.2416,3935.5373,237213.2851,66436.0339,1025.8073,36460.8828,8254.8589,2847.5808,2284.4072,41649.6144,5671.753,28823.6637,2361.6142,72756.995,25702.0297,28719.6371,939.6717,57415.8069,33288.8607,587.0471,89123.3296,118077.1297,70820.9679,45933.6628,6088.8912,14123.2381,1746.8167
SMP_60EB345F970DB74BBA99,0,531769.9205,49429.2843,168913.3353,51567.8162,26455.8212,1103654.621,4144.7509,73176.2698,585954.836,8972.213,3690.9823,4011.5606,3462.6737,28093.1771,2455.3814,13866.2825,18097.0956,11167.381,11437.5324,88712.3104,10673.2047,81491.7285,11873.6627,222088.9925,118287.8769,37609.352,37289.9077,8854.683,4761.3669,1017.453,605.8445,12898.1461,1709.1034,53769.307,6008.2894,13237.1812,977.1984,1702937.802,115759.0641,25164.8865,1120202.793,313626.3862,29417.1676,23561.867,22029.9951,6720.1263,2364.706,7409.7154,43398.6425,7433.9305,5286.4907,7219.0088,203.1058,33731.3791,10725.9756,6737.9308,3252.7495,1965.4555,881.7669,13979.0788,3867.7267,20817.2617,13041.9753,25274.4026,21102.6255,2319.0437,187090.8393,4406.8402,7551.9738,78247.7345,38967.8292,46304.3736,365.8441,200.6278,3908.0472,1175.5364,2937.441,4284.6878,1910.0077,3301.2907,22635.066,22484.9979,11053.7398,5081.965,5128.8449,163764.6706,242705.331,21927.644,3301.4138,6349.4657,15103.9499,3345.976,79180.949,172969.3338,82240.7535,87008.034,57671.8168,123235.92,1694.806,63988.9031,2925.6044,4331.0827,10287.3091,56385.9296,61441.7749,17293.3047,22493.5605,65975.6168,4232.4964,8155.8366,2007.0764,1414.1486,34561.7935,3936.9277,3707.0592,6992.3397,10077.5663,7477.0824,6536.1511,15431.6842,3738.0569,3234.3984,26371.0367,9053.5049,13735.1054,16009.5932,3509.0323,4999.0279,4473.3032,4264.8318,6236.6262,945.1192,8995.69,1523.3493,3285.5241,795.0555,10397.686,1326.666,6394.3118,2163.9023,11881.0291,9211.3479,2667.3184,4921.6827,4096.0623,13598.0836,14611.8953,2405.2586,3073.889,27981.4722,10447.4846,14091.7149,2494.1668,4526.2429,14697.7899,5819.8261,10069.9357,1700.317,2094.4817,4685.625,732.8642,12014.6494,4104.3239,2898.5459,83315.4476,5963.515,32760.9121,6832.6957,271152.3701,67109.6119,2020.4344,46635.5018,12017.0429,2541.6258,4791.8394,48520.601,9595.8626,33266.311,3384.5727,75519.4331,31518.3663,32199.4519,1144.053,61332.965,36995.737,473.5036,80960.9822,135693.9944,60589.4628,52214.5112,6409.0334,17150.8318,1640.0981
SMP_26A0B6FCC108146B73B6,0,538700.5882,40391.5147,165313.7754,49913.7631,27542.1394,1019193.611,4142.9805,73956.8919,704022.0289,9007.7497,6305.4703,5774.7352,4100.9943,43139.5601,3808.4219,23249.9544,31470.9872,24122.8254,13643.6067,137213.39,22734.1972,128363.6195,19021.3123,313503.7805,203705.4687,60955.1452,56344.3573,14846.7408,2801.1981,2230.7125,458.561,11096.9392,1739.4266,77711.0235,7265.7388,17217.3861,844.4842,2118354.719,91364.8832,35794.3557,1755868.312,419710.7463,52410.3885,30939.9391,52909.929,9794.3557,2637.1993,8740.0842,55731.6224,14470.4852,5654.9965,20120.2558,1121.0761,50087.8636,10251.4237,13594.3593,4005.6377,1394.0853,526.3394,34871.1323,7124.8479,41366.9074,21980.8525,40044.2059,31337.9174,1992.3362,214787.155,3099.4152,11838.7151,112117.7344,63534.3879,66669.4675,921.0208,538.449,3608.5258,865.5078,5851.1758,7060.4333,4227.5405,4832.1682,29777.6885,16896.4989,8523.3005,6402.246,5795.3826,206452.5521,289646.2397,37265.0679,2551.3679,10435.4271,17202.6349,3247.178,106745.7816,203243.5681,97234.7218,77306.9207,61511.0461,139499.1622,5261.6835,104893.6832,4046.9505,4366.1832,10728.3654,44814.7227,59848.6012,23498.5788,30421.5951,113631.3831,4217.12,9631.5441,1682.4428,565.0313,41021.83,6620.4675,5089.4437,7871.4565,12723.6862,7197.8536,8761.1709,22829.2756,4765.958,3032.5323,22205.3299,10925.3224,17456.3851,13379.7301,5626.2864,4128.4101,5401.08,4519.4027,6740.9752,422.5251,6028.0399,7156.3336,9693.6282,1355.8746,24976.6348,3154.4664,23672.4328,1792.42,26126.7466,20842.7938,4307.2233,8079.7637,9895.4926,28685.8782,12667.7108,3634.1902,3328.9619,34030.3192,12316.1237,15591.986,4351.6167,7188.1082,24377.4478,6920.218,18957.0266,1328.1692,3143.9473,3839.7939,1042.6975,19759.1659,5159.0777,4064.4513,127075.6554,5139.1168,50117.175,8020.447,297000.6113,84060.9863,2287.8169,60171.2075,20987.27,3121.924,6803.6544,58444.7807,8886.3017,47316.6905,5915.4009,106235.2721,43351.1023,39242.4728,1546.8322,82874.171,51462.5492,1050.5698,106209.1775,147937.5298,79591.0576,49320.0334,8546.2352,22137.0866,2626.114
SMP_C754ADA6131017869FEA,0,580707.1066,42148.5241,172716.3372,54107.6543,28756.3361,1090998.238,4811.713,74318.2323,576010.0877,8435.5413,4496.2834,4066.182,2869.3189,36967.1773,2755.5059,20956.9506,23657.7747,13050.1058,8123.5365,97313.1815,15675.131,85367.8844,13203.3534,226166.6048,158174.2599,36767.001,58647.6248,10675.155,3867.7986,3382.9958,665.4955,10227.6125,1541.4509,76403.6331,13887.561,15289.5357,888.5756,2034866.722,203569.8169,27866.5264,1745016.031,255302.0197,27477.6803,27625.1201,35538.8538,7873.2032,5951.5678,8693.6268,40460.0155,10443.1435,4273.4687,9847.3265,246.1146,53540.437,9513.6479,8343.2657,3740.8139,2082.3208,987.079,12654.0335,3894.0558,20324.8292,14266.4724,28610.0365,21952.5281,1925.0403,209968.5872,5315.9779,8124.043,87447.7058,61740.8368,44251.8167,863.794,1030.1154,6294.6693,1184.2123,4519.1237,3668.6398,4314.3736,4429.7357,21798.7438,23257.6331,5662.0294,5966.8897,3013.4749,217679.9495,226087.9687,18837.4145,2588.1137,9831.9995,14222.1557,3261.3141,105647.5323,160614.2623,75523.2411,94231.4575,35746.9415,145894.0121,1297.5686,104329.3851,3080.6286,5501.7994,11422.1614,65926.3859,68280.0062,22541.5967,32669.7719,92072.966,5482.7282,9279.7971,2509.5638,1456.3419,44386.3083,4761.4138,3796.1753,4879.3066,8483.4294,3472.8484,6704.0745,14045.3635,3216.8945,1551.6276,17898.9102,10945.7649,11071.9141,11796.2766,3562.4716,2958.9648,3907.6019,3353.5994,4986.7219,126.4413,7717.1419,2963.4893,3403.6326,737.1928,9964.655,1832.6198,10759.2851,1280.1422,17851.5206,11783.998,4076.2748,5487.585,7582.8255,14957.6122,16419.3543,4147.7938,3866.6088,35916.751,11479.4472,12588.2735,2901.7416,5248.6877,15186.5465,5095.3441,8874.8296,1402.6829,3750.1266,4490.1327,405.8754,18715.9403,4185.7944,3106.7879,95413.9277,4524.8356,37794.7253,6119.5974,283091.5211,70646.259,2023.9961,43935.2781,10712.3692,868.9539,4517.0555,43939.1331,5891.9053,30766.2603,2912.5465,71084.3913,34688.4302,21192.7552,949.6367,59365.0663,32872.9672,891.1506,77367.1469,148942.6015,59265.1659,42862.3854,7148.5687,22705.8203,2094.6932
SMP_9E2B9653B02A6135C934,0,559430.572,46805.0496,171502.4114,51614.5325,30718.5045,1097003.932,4841.7517,78223.3989,597187.8517,8588.0714,2372.9264,3266.8785,1598.9189,23295.9237,1614.3424,10706.4016,15514.4936,9375.7419,4471.2043,71864.711,9218.0549,67024.4861,8360.7903,214600.1215,112529.2216,38045.5231,25300.6985,7195.8861,2985.418,1995.4434,442.9167,6883.234,1637.4787,38734.1549,3508.6315,11273.3343,859.4943,1748865.949,58391.3953,24021.7903,803139.331,412873.3549,47408.0661,28372.8336,23985.8971,7703.0126,1035.9833,5840.5856,20015.2543,12095.5712,5253.0769,12711.2643,326.4677,47773.5229,10418.0882,7890.5028,3290.6936,1358.8573,678.1454,12571.8193,3876.107,29526.0469,16075.0506,32719.4659,30586.5559,3034.4303,155997.7655,2348.4377,6763.9979,76392.6544,27322.5064,53993.3356,619.7697,225.1187,2314.4119,354.7035,3490.8437,4854.3273,2888.5452,5370.2966,22823.6517,12469.9986,12612.7373,3607.4243,5947.5848,136895.2848,241256.1251,25285.9457,2495.6877,6058.1321,15684.599,2148.1659,63554.0777,189070.5606,71904.989,70250.5084,51998.4328,96186.0532,2604.7988,112133.672,4084.1967,4057.7359,8363.4644,39581.9271,52502.1128,15038.7105,41786.0292,76752.1078,1930.8886,8497.9039,977.148,821.802,53800.9286,7474.8799,4407.86,6400.3564,9402.6487,7080.881,5226.3915,16836.9288,4475.063,3478.7912,14209.1983,6381.434,8104.3106,11113.8434,3421.9121,4401.1447,2389.2289,1972.8716,3592.2032,951.6925,4912.7388,1201.6279,4038.4903,1255.2292,14307.875,1627.0087,5301.7111,1257.7131,10449.6487,13604.4839,2690.248,5315.7301,2976.3569,12763.4537,8830.9026,5356.8694,1183.835,16591.4061,9069.6477,16313.8496,2221.5383,4482.2373,18339.4073,8010.6461,10950.9202,2232.1638,2239.0153,1044.556,709.0979,15011.3,2576.194,3050.5167,65207.1703,4917.1097,26824.1038,7028.3374,257731.2793,59400.9197,1543.7669,43219.4936,10290.6848,3335.5532,4249.6601,49877.3489,10709.3955,31143.8848,3491.6272,70808.852,30073.8191,36844.8547,1783.5354,57564.7963,37605.5484,869.877,85356.9318,142491.4242,71480.2021,57454.3971,4826.6546,14127.5889,2771.0417
SMP_E63B275E1BBEE8834E82,0,542804.025,47002.2655,175363.2896,55585.411,28472.5259,1113451.694,4428.8683,72190.0808,523479.7295,9576.5315,2447.574,3487.6024,3708.4121,28913.253,2380.1428,11069.8745,14734.2797,8288.7803,8183.0674,63561.4175,12174.9768,72490.1756,12985.7718,197089.2039,181497.008,30036.7196,33957.3216,7893.3835,7201.0663,1636.2412,559.7543,6867.21,3281.5325,50758.0817,6332.8576,10364.1134,747.2362,1429324.479,82992.6613,21934.8509,722293.423,266880.7818,34734.7436,21256.364,34189.5205,5873.3246,1701.3878,7633.8303,44023.866,50333.8156,4330.7701,17971.4779,662.3197,125113.5665,9299.5857,15419.8337,3206.4552,1481.4957,573.0516,20810.5321,6105.1136,32922.1661,21154.4854,39741.256,40508.6266,4167.4062,228581.3248,3258.7927,11429.7867,108517.2403,32748.09,31181.4907,2383.6956,385.9967,1951.7451,950.2016,3743.6783,1565.0334,1802.979,5102.6749,29626.1446,15724.8918,8271.9696,4931.2849,4499.8517,154897.5114,213479.1545,22944.1647,3794.4394,7787.5151,13125.6212,3095.3724,80114.5764,163935.9675,49892.7856,55870.0715,28371.8787,122704.2071,1789.14,200780.1413,3794.3705,5203.7058,12284.7515,49172.9395,65896.2647,19654.7739,91983.1986,118133.1204,1979.7459,9156.6785,2958.4389,782.8249,65181.4281,5800.2015,5830.4942,5310.7337,8011.946,4348.4921,5291.5031,13902.6524,3135.7683,2245.7308,14346.0307,5908.6584,7180.5261,10247.1662,2822.3435,4432.8806,2042.2013,2482.7928,2095.2647,512.7616,2652.7808,1935.604,2557.2638,791.4869,8893.4929,1074.4711,5489.0586,1117.1982,13142.6323,25942.2938,6093.3378,4754.1027,5519.7035,16060.7902,10870.2923,11604.324,1198.2773,23422.6332,11614.6287,24720.1729,2590.3874,4900.3521,25341.7068,14596.2546,13208.8736,1889.0893,2694.1884,4122.858,823.5843,25833.7446,3794.676,2928.3784,77946.5848,6895.7831,29187.7536,8940.3974,258633.3341,72605.3715,1820.689,38806.4324,10870.2913,3198.6045,4788.4755,47173.2926,8535.1888,31344.4074,3967.6466,73116.1724,40944.2243,27441.0255,1993.0703,72742.6109,42836.4743,394.3808,93865.5995,175514.7126,69945.9756,62453.0114,7432.7799,21808.0981,3809.0548
SMP_B106BE557FE9DF113813,0,549728.6364,39873.4189,169234.7842,51531.4349,30495.5355,1060071.032,4217.0319,75420.2934,614621.467,8029.8336,3894.8644,3685.7219,3820.4966,31295.2133,2366.7371,21260.214,26493.3695,16107.493,15241.788,119886.065,14721.7653,99862.2454,22770.5988,298820.0066,153217.8268,47971.1821,63382.8025,13517.5793,1721.032,3177.9233,611.4117,11268.7597,1844.411,69319.5631,9061.1323,15117.1644,1081.2707,1795539.389,133306.9258,28387.447,1502948.146,391591.7017,42211.3677,24058.7678,33375.1261,10579.6903,2106.7511,10554.5827,46011.3462,14716.7586,6073.4796,14222.6308,598.6562,61600.2054,18695.754,7983.7753,6470.3637,3045.3303,1050.8905,10542.3761,4290.5615,23369.6104,12902.8027,27283.8632,19859.9985,4631.0945,268817.2415,6266.7867,11415.2666,113960.4124,53276.4073,59385.8998,1120.0651,1859.8954,4383.1958,1168.6276,4767.963,5608.8656,3508.4994,4833.2694,23190.197,29656.4592,13246.4114,6622.3367,6894.6229,192097.6881,253263.4184,31152.8425,4677.1146,7702.6686,16384.7909,3051.348,99057.027,186402.7876,79349.0627,88952.2001,48610.0245,131962.1669,2058.1926,102744.3847,3022.5173,3628.3359,14397.35,50673.3337,57708.564,20793.8126,36271.7706,99984.3891,4316.6438,8823.3918,4462.2522,792.6056,53937.5734,5166.4814,6303.525,4470.6971,7767.616,3877.0623,4862.8474,15044.9356,3291.4439,1757.2267,16906.3668,7421.9319,9743.3639,12479.5437,2986.7591,3338.3413,1396.7715,2930.0145,3667.221,194.6047,5831.0439,2934.8923,5523.2135,544.903,15819.5858,2036.2642,10663.2922,1222.0048,16061.7305,14298.5928,4760.7468,6747.4465,5906.2586,15027.5796,15493.1686,5410.4262,3250.0959,30897.2866,14115.6549,16012.9106,3196.9035,5705.5887,17463.2102,7492.3668,10711.8238,2035.0524,2494.2908,4823.4649,883.4,18404.5952,4311.4151,3512.6707,79519.4751,3704.8324,27515.4686,5273.6426,248841.2771,57070.3864,2508.5762,45524.2691,8558.9841,1721.9079,4604.4911,52337.3276,6785.0415,30220.3107,3211.0747,78796.1942,33552.8617,28103.0574,934.8116,58761.3673,29700.8872,479.3471,82259.6805,125329.3542,56084.6283,38134.7804,7461.6524,18594.0783,2053.3996
SMP_6C0B7C8936F50964D8CD,0,557428.3346,44619.5438,178057.3448,59340.2993,31603.4593,1149762.75,4854.8772,71399.0644,711608.7512,7900.391,4463.616,4918.5553,2938.2158,26662.9655,2435.6526,15173.2397,24177.4858,22818.0275,13924.6677,116513.3737,12996.9689,138701.6424,17933.459,316078.2074,112988.8704,53880.7955,63319.3921,15500.4569,4876.163,2748.2397,614.3404,7939.6222,1274.4046,40471.9423,4383.5679,9944.4873,717.9561,1216845.654,41851.2558,20836.2,468210.1582,138289.8303,12426.2949,20765.5614,12543.2329,5417.2576,1843.231,5090.7594,24970.9636,6891.0611,3831.9873,10002.732,356.8848,29860.6112,9303.5212,5376.7869,4502.6432,1663.0918,1126.4749,19995.6366,4237.2603,22161.11,19001.3709,30503.2305,16832.2585,4317.5255,232317.4339,5193.1648,10438.5917,121729.2185,78242.7802,107048.2722,734.6786,1368.0165,6171.199,1800.7385,5377.9414,7633.7419,4204.468,3291.0846,29298.8494,26993.6858,9815.6678,9689.8721,8142.7259,202705.381,283318.5111,28080.6869,4568.7176,12284.342,18921.9389,4912.0154,128264.9408,201019.6644,97088.3843,79248.4605,79554.2958,135843.0646,5209.8622,92163.2635,4651.4675,5505.4442,12544.5733,46664.571,61287.9425,19880.0874,27117.4439,81862.7523,4041.8173,7871.4013,2217.6349,566.6928,40935.8808,3533.8056,6567.3659,5627.6862,10470.4647,8577.272,6490.6569,17552.8901,4708.129,4168.4454,24252.6967,13490.4128,12641.3504,14473.7648,4861.3198,3496.3834,3838.8663,3124.6935,3960.3077,2.8909,5811.8892,4542.5266,6165.4632,1270.3344,16129.0583,3398.62,13239.3219,1734.8976,19859.5286,11773.6771,5251.8945,8581.2187,8585.0999,21351.1854,19949.7757,5407.9373,4131.9279,37898.0843,20071.2069,15136.5275,4346.1412,5691.758,19588.6308,7058.3447,15400.0668,1864.4811,3285.6195,4789.9358,1035.7273,18325.4769,6105.652,4312.3074,121808.7213,4627.7416,43285.7835,6628.6228,280280.5728,60048.0478,1381.064,46891.1033,10184.5903,2107.7926,5928.8248,48716.9269,6882.6061,49375.5135,5710.8842,83890.3086,32947.2827,22483.6107,1107.3481,80290.0565,52447.5772,241.6291,87485.2909,106071.3965,61471.2369,34553.9399,6984.6365,14706.8978,1465.8018
SMP_6DFB7F8C8A9EC45E6BE5,0,523851.1711,40755.2417,167995.6476,51894.8576,29206.0634,989928.673,4251.3235,68096.5877,580988.2988,8214.2837,3968.8309,3515.4699,5589.4246,33067.8498,2236.4296,18417.6272,20882.1762,12425.9236,17713.9071,103067.6494,8138.089,95269.6799,16781.095,269601.0334,120088.0158,40360.9198,40075.9367,11313.5688,4054.5968,4018.9973,891.2528,12990.7779,1708.6064,67722.587,8048.2565,17080.1158,818.1544,1780782.681,99416.8218,30930.223,1454906.812,329806.875,31750.9647,22958.2657,25973.5726,8951.4241,2670.5451,8987.5955,56608.3036,6724.4669,5598.8482,9800.6781,776.8539,37855.1579,12503.9016,6193.0333,4923.6629,1738.7427,1530.2809,15108.6127,3990.2289,23420.6711,16015.3807,28053.4947,19537.4465,2929.3709,204749.6654,3546.6325,8697.648,93340.691,43869.2548,50204.0464,648.5761,196.9519,3650.5996,1012.0865,4228.2403,5820.0933,3330.3991,3707.3311,26446.677,22367.5389,9220.6557,6649.3835,7329.0312,187189.4968,244207.9711,22296.4544,2947.951,8348.4305,17007.9778,2751.9154,98527.4644,182755.2909,86179.8289,88713.8011,55992.6554,122031.828,2238.746,59780.7571,3894.1011,3950.888,12448.4975,57606.9585,58423.2892,18067.4073,18553.1988,68557.9499,4377.6366,7140.6789,1862.9649,1388.2793,38863.4643,3249.8688,4796.544,4973.7778,8581.6171,5984.636,4719.4838,11508.1504,3079.9978,2763.9202,18442.2857,6765.6008,12873.7894,12544.0471,2722.1538,3344.0435,3187.1472,3272.6219,4486.4524,3.0851,5776.3549,3261.8824,6067.8583,299.0361,18136.6764,3007.1452,10042.9948,1671.713,14842.8626,10625.2555,3262.5044,6159.4892,5546.5926,16740.5716,11014.4304,2158.4089,3079.7959,23721.456,10444.1902,10862.4812,3314.8306,4579.3674,13625.2277,5538.3172,14556.4958,2478.9518,1897.4497,3822.8782,920.4297,14660.0373,3552.06,3590.7266,75394.1891,6189.8954,29620.4246,9645.9116,258793.6312,66141.8719,1539.1451,51131.2678,13049.72,2667.1769,4747.5753,48683.3822,8841.6694,31269.429,3059.6642,82316.9723,25457.7085,30109.0786,1449.0323,68520.0377,40599.0948,429.7654,93890.9911,125293.9018,61947.3912,46329.9736,6850.0624,14936.0611,1401.9314
SMP_681431B5DFF8E93B2119,0,558565.0058,46904.5904,176785.3426,54488.3755,31579.7889,1134683.448,4784.6365,71627.8207,670921.6303,9062.4115,5604.1254,4813.6523,4134.9515,31726.7284,2633.2714,17696.8604,30669.9067,27986.5543,10670.4541,131489.264,21276.7229,146924.6129,13792.6907,291561.7255,139422.8873,44714.8525,59107.4622,13191.5544,3703.6909,11447.6904,702.2646,14407.6404,1365.5179,84178.4002,9900.248,14307.648,984.6548,1640042.306,67768.1962,26065.8846,727127.3656,130687.1382,24061.0991,23864.6378,12732.5092,4367.21,1481.8411,5115.2662,29690.0112,8794.0186,5464.3835,7954.6414,182.465,38216.6926,11721.7627,5521.5246,6575.7646,2365.1046,1538.2324,18250.5723,5039.4348,26851.9261,20581.074,29882.0113,21291.7661,7684.421,251892.9836,10593.2279,9354.3375,105502.6527,93805.052,90878.6123,480.4203,1170.2424,5705.7031,2124.1072,8968.2678,13513.2659,6329.8928,7331.233,30190.9715,49114.0751,17761.6581,11755.5691,7360.4127,224051.6284,255942.4557,55766.0452,8546.4905,12727.2376,15156.1978,4090.5165,130560.1838,178382.0692,77886.0939,78579.7604,44496.843,126535.212,4761.8503,97503.4565,3535.7608,4802.3929,10445.1942,46564.0805,56210.9399,21779.6216,30668.492,95093.6415,4096.8853,9997.0088,3330.3012,1184.835,52280.672,5675.6848,6463.5866,4484.9724,8915.0396,4939.0147,6082.8628,14100.8366,2418.4666,2283.4703,15765.1527,8070.3393,10177.8987,10745.5114,3768.3289,2762.6115,2649.4362,2926.5149,3373.3994,3.7244,4173.7659,8659.7974,12253.3084,459.066,33243.4768,5175.3859,19649.1705,1190.4648,22872.9772,22359.4394,4933.8896,6706.0752,9091.2888,19463.0449,13931.8993,4926.9172,3096.9367,33628.6425,13957.9927,15988.041,3339.0333,5870.164,18215.151,6528.5681,20384.2887,3881.8004,1392.0839,3591.8614,1041.3813,22427.4143,7823.8578,3910.0813,124661.567,4760.6962,42531.405,4869.32,274685.9248,61386.1702,186.0395,46977.1095,9323.8835,1639.9259,6111.1966,54782.0122,5597.8199,53286.6187,5041.6458,83115.9497,42522.9687,20854.2695,1203.4043,77666.088,41837.0859,579.2738,82070.044,112944.2046,52448.9903,34658.6327,8201.5216,19191.0981,1857.3538
SMP_88C35FF5328C571E62B2,0,558684.0864,43107.7426,160284.6452,50489.3552,29549.2415,1064429.681,4349.4024,71098.2972,648674.8521,10170.1442,6240.5231,5660.1793,2628.1912,50518.7412,4782.2093,36345.678,47998.7019,32262.2246,7343.9668,176580.0998,22956.8972,189517.4169,11145.6644,418310.6923,236894.9471,94114.1855,39402.8899,13940.0486,35.238,5266.8979,691.1606,11726.4955,2582.8822,100713.3728,19146.3651,31082.9859,6910.3093,1732683.551,185377.5249,37760.3991,1494332.212,350128.5171,39555.3281,29471.1403,40053.384,11899.8482,4072.2848,9549.4738,36332.9252,9401.2652,8253.3083,9917.6649,2076.4187,50502.754,20334.7029,10155.6133,10247.3622,3028.8399,1260.8089,37463.3709,8479.3234,40043.5607,27696.038,40976.5118,33838.6028,2424.3517,170761.4764,3647.5772,9906.2393,106471.3003,54572.9962,56915.1182,505.004,455.6979,3249.0373,370.3881,4083.2885,5816.7868,3759.0233,2707.1289,35705.8688,22355.8366,8178.7498,7479.5426,5536.7662,180621.0618,284183.0448,24092.9725,3218.4872,9171.6996,17995.4545,3842.6315,105613.9046,217495.3217,101488.4627,81509.2116,65652.1859,135468.6265,2936.2657,70090.0415,4210.8837,5578.3136,14106.3391,49014.7789,68433.0338,18524.9741,20572.5343,95024.5977,2877.1768,7670.3031,1177.4421,806.129,31833.4367,7576.5382,5094.0456,7708.9833,13793.4777,7695.703,7402.307,15823.5227,3986.0504,4364.6071,22195.6558,10675.4036,15784.8767,16034.8985,4349.3102,3403.6064,5712.0512,4463.8197,8031.7747,607.7647,10171.9446,4452.3463,7743.2817,5.3287,23536.3542,4373.9587,18884.8881,2287.0481,29391.4156,14269.2727,5522.8445,9398.0374,8087.3734,24578.7948,17767.6398,4310.8726,4039.6481,31646.5475,20333.4228,15726.0602,4355.4571,6761.4779,20386.4463,7595.8626,15275.8905,1681.4099,4221.2079,5821.0645,1219.8126,17711.9123,6448.3528,4511.4539,132230.6551,8400.5994,46833.638,6100.3499,313924.4025,94391.0734,413.654,73029.8642,32454.9202,4827.26,8927.7213,62559.4869,16773.4611,49879.0896,6480.3965,96047.5365,35665.8521,41633.12,2255.0853,89043.3851,64053.0119,278.5327,106307.7182,152147.937,88016.1976,63203.3157,6022.6066,10278.8639,2235.5027
SMP_AF52EC818C3637D63367,0,534492.0405,36518.0185,132037.0156,45904.8239,27592.2099,954728.4561,2228.6817,59317.9332,595494.866,4344.2547,3924.6475,3647.8197,5600.2456,35118.0126,2331.5834,17243.0777,23903.1971,18749.2497,27098.3591,123614.8941,16427.9149,125684.4607,26482.5988,337063.9562,138091.6246,56427.2632,32575.1885,10729.519,9319.9718,6582.3361,893.295,21249.1002,3440.5592,272274.4675,42002.0154,34085.2872,2621.0253,3220374.498,674288.404,52655.928,3518334.223,945510.638,114096.4682,28385.9739,81725.9326,22416.9285,5228.8572,28877.7124,74120.5815,39789.5736,7203.6225,12634.4908,1980.2753,190308.208,13614.8646,9625.4151,8922.8146,2106.8947,1687.8197,13818.966,3705.471,18263.0176,13222.9075,25092.2058,14908.9007,5158.7461,288151.6454,11003.2326,8909.9431,98035.8651,52700.7322,38804.5658,182.2235,497.4493,5368.616,1857.8724,6778.9739,7219.7137,3986.4566,7390.0855,38964.9966,99288.5912,16868.7926,9483.6416,6839.6864,282650.945,316745.9611,59588.6377,7422.3067,8931.4056,14370.2536,3670.2648,138209.4183,193173.5463,73892.5851,115261.4592,35286.9563,143616.4524,3484.7012,151327.8781,3755.8019,3514.857,13092.6378,69262.4566,59901.4074,36319.0105,44213.0996,196369.7847,7360.3748,17508.7054,3019.3852,2147.9296,84534.2354,9060.4569,5117.9009,6269.9015,9747.6145,2977.9772,4895.4793,12620.8274,2224.023,517.1025,22210.246,7885.0217,12856.6847,13028.791,3109.3802,5264.267,2968.6593,3661.9739,3768.8415,2.7839,5178.3114,11295.4766,18408.7987,451.4198,49155.6625,4354.8719,30835.7104,1673.171,33549.9511,46820.9117,11828.1897,7293.3918,7328.6134,19231.09,14072.0469,5573.4448,1943.9913,27666.9684,10235.5346,22171.9367,4638.5171,4507.5009,22229.7058,6100.5515,36789.6168,4548.3406,2571.8573,3851.7042,1608.6847,48240.3305,4208.8083,2345.2833,96330.8268,5172.3652,24920.6019,3083.7193,246824.231,72382.0666,1365.123,25710.6755,9170.8858,1404.2787,2013.2957,40931.7823,3955.4986,27968.5289,2006.0542,77023.0144,26369.3942,18921.8417,414.8216,58052.0349,28128.488,554.5433,90894.1352,113598.2071,49525.8781,27360.3182,4103.6406,7065.2247,1628.588
SMP_564C19F688C3FFF6AD0C,0,594961.4183,40163.459,166448.4366,53662.5031,31983.9114,1042896.074,4928.6473,72546.0045,632402.0968,9507.3887,4927.1128,5027.0986,4461.4366,37602.3397,3376.0739,21158.1441,29118.4858,20727.2138,12740.3727,125493.5256,20245.3925,122898.8237,19022.8411,328379.2426,188486.7591,54419.8151,71090.8277,15164.7551,5499.8159,4576.1966,371.0372,14559.9928,1823.5579,91697.9398,16055.0666,17070.2199,1289.2882,1776473.898,184963.4161,30719.9915,1841606.111,484140.9986,63526.59,22529.0585,39635.4398,13144.4107,3243.0631,11326.526,55260.501,12556.6954,4042.2982,11206.133,679.7011,66454.3005,9801.0497,7800.5417,3830.141,1272.1172,1124.3884,46100.1017,9560.8568,42797.1023,27923.1417,46780.1337,44637.0399,2202.2679,211838.807,4624.3175,11376.9951,117999.7694,51430.8028,69136.137,829.2919,574.7925,4054.7269,1452.3919,5049.7238,5421.1349,4280.22,5293.2942,32301.4046,19340.7957,9734.6654,6080.4851,5629.7918,173089.3231,283577.951,30240.7097,3869.1568,9902.8411,17613.4162,4334.7808,90749.9545,204629.6738,92872.9718,77263.175,65091.6009,154061.7929,3255.0375,89974.9843,3984.4757,6342.8028,12939.023,54803.2053,82495.0679,22025.7152,28557.504,115708.7592,2968.8207,9419.9281,2370.8325,1366.5634,46756.5431,3286.4504,5695.5706,7298.1581,11751.412,6873.5324,7901.3811,17648.1263,4261.2424,4014.5362,27141.2563,13506.3573,17180.425,17390.9153,6415.9013,5008.3612,5876.6766,4323.2459,7263.9334,592.1919,9522.4383,3937.6273,6415.0099,384.7495,19614.1303,2524.5626,19125.2725,2167.0996,32034.4472,20817.4369,5673.9521,12731.7283,9804.7677,33402.0626,32749.6152,7345.3414,4686.8391,61087.5233,32009.434,23977.1451,7169.3161,10141.7033,32517.8447,13863.6197,11780.2034,1329.1661,3298.8051,5248.6211,1061.7995,14006.3502,5369.3367,4536.3163,125775.6419,6418.2553,48226.9675,8440.342,319443.997,89113.498,2012.5477,62638.1631,22306.5765,3471.8393,7683.2495,63041.5704,10789.1985,47101.8418,5139.6639,98272.8403,44740.4749,34861.4023,1937.061,80778.8661,51064.401,606.3839,103823.9896,154496.9182,79675.079,62896.8551,9450.8688,25611.4524,3065.3014
SMP_DAC9F6F2A504B16AED7C,0,544218.3925,44371.4059,171454.8403,55340.9884,31628.2778,1123366.304,4913.413,76661.7703,642126.9855,8797.8177,4725.4869,4529.6626,4613.6607,39096.5736,2383.3904,19299.0363,24127.6863,12429.789,15478.2085,94333.4989,14023.9648,79552.3931,21745.7971,262940.8767,147840.9529,38325.4689,44309.0169,11745.9569,6130.7444,3043.4486,630.0404,7797.2757,1613.3634,45534.6447,4832.9939,10472.0061,804.9202,1312455.731,68304.4432,24719.9187,909684.1375,200289.9185,21482.8775,21341.0138,21751.6884,6057.9027,1926.3549,5757.6907,37818.0281,8748.4706,4973.1321,6907.2449,187.78,50849.5295,11120.5315,8206.9244,3960.3,1331.6109,815.4617,23900.6735,6538.6298,31960.8506,19906.0762,45895.3571,33301.7452,2375.1323,204482.3893,3999.8597,8952.2718,89388.9001,57102.9537,71856.6019,497.5548,254.7761,4911.5862,1177.5824,4130.3079,6099.7698,4841.5962,5044.7467,27343.5701,16511.7816,5934.3558,5568.5359,3600.7882,194121.7967,252618.415,21671.7061,3216.821,9462.6329,15225.807,3341.4474,109576.4221,184303.7334,85712.0775,81910.0411,50744.1423,152380.4513,2514.79,123363.2115,3337.8159,5598.5423,11374.4516,49320.2472,74587.018,17774.0424,41354.0924,97079.3721,4721.8516,7427.3477,2264.5131,452.9049,41045.2506,6578.6416,6138.8652,5784.4011,9733.2009,4215.1268,6919.6671,14261.7516,1169.2682,2077.0688,21452.8939,10876.3917,12115.9852,14090.8252,4235.9617,3736.0445,4270.1071,3616.7976,5563.3363,673.5927,8269.1615,3304.6302,5699.5373,1533.9622,17022.6345,2723.1951,15627.4137,1995.0606,19894.81,17946.6858,2996.8126,5264.6462,7571.7844,15232.6645,16357.0768,6428.0866,2679.8137,32686.7054,13617.7956,18013.5848,4628.4216,5413.9254,19170.1815,7578.4865,10837.7051,1361.5883,3315.6226,4109.8079,1027.6699,21892.3192,3853.2641,3336.2032,108966.3517,4446.6833,37147.41,7661.1993,298149.977,71451.5617,3431.1712,54114.9887,13940.3896,1910.4423,5076.66,52721.3145,7694.3,35642.6775,3407.642,87735.4285,37527.9881,27327.5222,1296.445,66627.739,31773.3001,773.7385,107213.3199,150913.187,74355.8506,44504.3899,7808.8701,19269.0238,3233.8553
SMP_6DE45108D9A922F16F6F,0,567494.9257,44261.324,179413.4775,53022.3549,30716.4697,1063289.071,5140.7172,74132.6649,545784.4501,9069.4919,2178.2571,3221.6727,2473.1876,30190.39,2076.3619,15310.6812,19697.8299,10054.5054,5933.3042,94034.2983,7799.8229,85176.7799,8776.8322,254851.1916,144639.0688,42807.5443,29376.8828,7457.5462,4575.5663,2178.324,514.5115,8556.3516,1653.2646,47191.4115,6317.5916,14526.3512,1160.6699,1313691.762,79601.7549,26979.3659,973668.0424,276248.0144,25768.6827,26084.7308,32977.6157,8054.1569,2879.2665,7450.7626,44416.3175,10829.1544,6890.9825,10083.9449,777.0208,58152.6239,15301.5065,7664.3513,5385.6551,2018.7525,866.6278,14478.6284,3236.4171,22951.5354,14561.9933,26142.1035,23360.7267,1325.0621,195520.3667,4175.3636,10820.9279,111018.5765,63450.3888,84135.2967,1187.2385,339.8881,5643.0251,1934.2272,3990.4293,5745.4328,5032.0404,6138.1789,22834.2706,13350.8288,5527.3376,3745.2463,3174.3507,160819.981,226347.7673,15645.4147,2311.4404,7894.0787,13860.0126,2137.0524,91406.0348,181893.5992,85728.8487,73444.15,58558.7281,119789.6175,2229.9012,78276.1942,3176.0392,4509.1651,10169.361,49626.3296,64082.1171,18084.2554,27975.1827,73387.1053,3640.4841,8657.8642,1141.583,1201.5702,42854.7845,5295.4393,5920.4061,5518.7995,12564.9001,7645.9789,6609.345,19260.6391,5767.5135,4325.4057,21756.8433,10655.9367,14749.8588,14896.23,5453.65,4801.7023,4003.4328,3771.8969,4738.5831,289.2319,6307.8056,1409.4852,2851.9302,530.8953,7911.6925,1323.8262,5388.1577,1574.2267,11279.0834,8420.8152,3798.5635,7285.3737,7929.8693,22379.963,13647.706,3557.7676,3521.4451,34613.7128,12333.1053,16317.8626,4383.1868,6354.4101,25686.3452,7494.0236,11740.3209,2481.1987,2280.5607,4734.0516,856.5903,13471.845,2199.2536,1686.2418,56199.1639,3634.4524,26856.0843,7559.4962,271207.6689,64459.6633,459.929,46110.5376,12206.2118,2960.5585,4282.7867,46650.2032,11372.0762,28651.6221,3528.0587,80430.9133,24661.6655,36112.8197,1402.09,67838.8839,38346.4584,902.7019,85464.2676,140138.8024,75157.7751,51955.5513,5623.4615,15772.7609,2898.5293
SMP_EABFEC48DAFB7D3DCFC3,0,555551.9583,42709.6132,172802.2609,52537.1911,32280.9706,1143067.523,4634.3664,70611.6593,713455.912,7187.4862,4070.4097,4442.0233,6575.1032,37242.0761,1419.8171,20477.8808,25605.6911,17351.6313,20277.677,122415.8529,11677.3203,150386.5936,20220.7732,347996.6779,144237.7744,42400.6881,55844.364,16462.5035,4592.2928,6431.0737,507.6172,15630.411,1244.9159,72090.9004,5164.7773,12450.2303,664.0535,1432734.875,33718.8347,25122.81,729282.4998,219340.637,22517.1846,22047.2251,18076.2445,6800.1096,1446.2218,5987.4472,31707.6387,9163.9722,4943.8938,12422.4162,84.4647,38302.3858,10182.2725,7406.8088,7030.5116,1998.9895,1057.9288,31956.5228,5589.8569,35440.1257,27596.9704,43747.7431,35582.5148,4001.2952,198821.1149,3395.4431,10000.413,100896.2403,60931.8729,128819.5769,714.0509,697.4987,5268.6773,1264.5254,4505.6104,10523.0176,4573.6814,4148.74,30042.1489,17969.3372,12496.8626,5925.9196,6999.5164,175750.8517,318212.199,24293.6041,5048.7555,9243.2461,20483.5033,3997.655,123281.2659,227319.425,104901.043,78819.5599,88345.1016,133388.3447,4773.9628,95400.0693,4624.3137,5070.9131,15529.7821,45762.9191,65708.7969,17453.9101,26315.9332,99933.195,2687.3113,5917.4963,1014.6911,923.9019,41244.8322,5247.9509,6573.4863,6238.7672,12250.3635,13186.3301,8144.738,19805.5411,6807.6822,6282.3483,25861.3429,10319.7995,14228.5277,15361.6519,4993.0772,4785.0886,4094.1447,3851.1159,5084.0358,638.5097,6949.0487,5311.6384,8736.5756,1236.2275,34342.7051,6922.966,16050.0756,2092.8347,32064.556,18585.1441,6451.4421,11973.6311,10779.8656,30046.0644,21612.0332,6036.4482,4765.2798,44314.0874,28399.0116,20303.9262,4350.1001,8224.2366,27421.7486,10816.288,15252.8096,2103.982,962.17,4520.8926,441.7809,16465.4795,4588.913,4392.9336,98075.6143,3492.4332,38146.6408,8539.0693,301923.0627,43010.4754,1592.8407,57258.6592,10534.63,1352.7865,4391.3904,53325.7454,5370.2759,42548.123,3385.796,90921.8805,27787.6374,21932.8643,986.4101,91390.321,39068.2519,307.7766,116272.3286,138333.5247,56764.6717,34387.2849,8179.5187,18767.429,1987.4475
SMP_5005B51645E8C71DC936,0,607327.5919,48238.9796,178663.1819,56996.515,31025.8573,1130165.853,4871.5006,73786.0379,633470.5317,9158.3931,3410.432,3453.5969,4420.3499,29804.5505,2223.6037,22026.6869,24638.1811,15190.955,27594.4687,106736.0232,15095.2769,108616.9986,26748.7957,271104.2916,146655.5667,39114.7084,37662.0157,9527.0748,3047.3825,2486.7534,575.0478,8856.5605,1849.4402,65730.4199,7111.743,19289.121,1521.8878,1943736.538,139620.0441,29008.8457,1267285.393,303992.1018,27607.68,28820.7087,25617.774,6745.7131,3957.4054,13181.5691,47755.6057,12270.3606,6711.4316,9166.0345,766.9694,61096.263,16026.1598,8070.6601,7590.9607,3326.6613,790.7849,13866.6328,3049.9783,17312.3139,13948.2117,23505.5952,18926.9583,2674.7886,245586.9081,5550.8487,9688.6408,93045.6783,42814.159,38425.4949,540.0072,401.6271,5792.6576,898.977,4289.6355,4076.0904,3837.0974,4306.6321,26778.1566,39577.0883,8021.6145,5741.7676,4994.5853,204271.9221,255312.5641,24862.4049,4094.4331,6096.3721,13555.8421,4293.6148,118579.6099,183801.637,75532.5318,117870.2917,30634.4176,156210.2529,1187.2981,108069.01,3450.51,4572.3547,15889.2653,85883.6842,80592.5378,23889.9581,32647.9643,105051.1689,7202.1626,11680.569,3258.0999,2398.3101,49056.3042,5543.9928,7228.5064,4669.1672,7383.8189,3712.7272,4133.097,11198.0609,445.6857,874.7443,22632.2775,10428.4117,11327.545,15981.95,3241.1344,4930.3765,3195.6127,2877.7522,3967.9852,4.3169,5125.5779,5023.9785,7427.7396,1287.2512,22347.2923,2717.2278,21161.5207,1770.0531,31012.2334,30360.2969,5669.5656,5676.2162,7381.5036,13807.2929,21182.8986,4174.4682,4000.7861,39389.9473,15270.1092,17514.508,3126.7922,5651.777,18088.5467,7072.9762,20496.3772,2463.0995,3455.5887,5570.2562,1536.1424,32267.2139,3192.1475,2422.332,81230.9012,4491.0167,24788.412,5529.4202,246419.6656,64080.5993,3213.8647,45998.1668,12540.5318,1043.5851,5009.8057,49654.8276,7425.0779,35079.4185,2525.3672,86462.5326,32131.6427,22958.2673,1298.7551,74989.3126,34846.5908,1818.3442,97344.0334,150790.5343,57782.5385,42185.2845,5297.0891,14352.7899,2493.6526
SMP_E5FE268ACD3E5D13C229,0,612692.807,47294.506,182736.9621,58352.2609,33506.269,1120582.874,4502.5673,80402.5582,601860.1139,10911.1758,4297.746,3856.4507,3038.1031,36713.8889,3673.6272,21598.3982,23737.8234,13841.2709,15994.0823,108782.9104,13802.3863,99120.6749,19793.4562,264477.4856,143699.3128,41629.77,43366.0324,9664.1517,5171.577,2487.8266,595.3088,10310.4939,1722.9955,77200.5198,9389.1179,21113.5277,1470.8633,2230357.211,156021.7048,36725.7102,1570258.819,357811.1049,34596.902,39286.3466,29902.8393,7349.9432,3945.6729,9538.8242,53524.3793,9280.1199,9366.5431,22296.5683,749.6092,38670.8849,19730.8461,7433.9275,7142.6507,2931.3316,1247.4366,17412.8935,4039.3125,30292.4828,19672.5998,38184.3545,27132.6983,2241.8391,212753.6923,5137.8688,7582.9123,84288.7867,42254.2487,41351.9544,221.5413,112.0507,4432.841,1016.6536,4528.7303,3971.7105,3429.857,3783.7619,24773.0352,35717.5649,10372.0826,6519.7671,5701.0816,205310.3065,247982.7686,26107.2884,5171.0226,8804.9572,14522.3553,4655.0028,106738.717,175970.0203,70459.8965,101291.6044,31784.2653,149340.5899,1125.4688,91904.3361,2629.51,5884.0158,10959.4436,72979.8098,74115.9695,22394.8446,29635.3917,101551.3628,7696.862,12897.9275,3579.3979,1982.9001,49958.5486,6170.1816,6299.3581,4749.4941,9643.5928,4140.0145,5659.8606,13684.1739,3346.7197,1763.1663,23725.6973,9198.6545,15807.0334,14680.9592,3337.1282,4142.9425,4628.0104,3609.5329,5467.6536,512.7449,6698.251,5703.2042,8827.0057,308.532,22633.1514,2057.1399,20064.4282,1457.3018,28549.9872,21480.1575,3177.5787,4968.5299,4423.6469,12972.3063,13477.8301,2705.9385,2584.7164,24981.6402,11682.0798,12147.7383,1797.0202,3952.0752,12517.8169,4789.6702,17573.726,1200.8927,2321.3257,5310.8481,932.8711,17018.2023,3411.8943,3177.0439,79775.4967,3882.8105,27219.9073,5728.6052,271264.6536,61835.1443,2738.6779,48747.9512,13375.669,2144.3903,4483.6808,48859.8407,7631.4144,34890.0252,2403.0423,91647.9926,32168.5105,27425.6777,972.1617,82548.2253,41557.2286,2330.0519,106847.2545,147523.3505,69660.919,46616.7573,8794.3825,17223.4225,2299.0799
SMP_9E0764BE702B121177DF,0,583458.6177,44724.7489,170885.075,56998.9244,32271.536,1108405.976,5079.8089,72069.082,644072.5101,10170.124,4077.815,4354.3082,3153.9801,38587.9848,2597.8267,22509.1589,23501.9835,15829.5092,11389.6181,113411.752,12322.0996,115142.2277,14235.4155,274307.5287,142655.4195,40455.1766,51153.8286,11185.237,4899.1827,4484.7392,678.3452,14452.5863,1744.0342,121367.9199,17142.1832,20348.8765,864.3295,2062656.182,177834.5593,38938.2262,2011211.741,370274.8793,59442.2129,26279.0259,35799.562,8671.6206,3966.2219,10244.577,46649.8693,11839.6329,6077.7787,8795.9966,642.3939,51636.5749,11051.2582,10494.8754,5244.6883,1921.6694,1189.0157,29953.4821,7581.6703,39890.8405,31905.8583,56842.5933,41516.7779,3391.7177,217484.7258,4431.9702,8812.8054,88784.2847,46511.7423,46912.0051,480.2268,372.4084,4035.1739,988.7923,4079.4915,5343.6744,4108.9239,4039.2799,27361.9828,28557.9716,9192.151,8868.4666,5742.6144,201824.7648,278458.6786,36583.8716,4650.9883,9010.3631,15968.4335,4529.4011,110923.392,194257.908,79888.8387,101405.8124,40886.7524,139398.175,1874.0095,103625.9018,3819.4589,4494.5806,10945.5895,61668.4876,64344.4686,22340.6797,31174.6087,113659.8454,4787.8498,12083.0665,2124.6897,1510.786,49907.4424,6038.7772,5212.0841,5406.079,11087.4871,5014.7048,7011.0485,14022.3307,3793.8664,2167.8949,23765.0046,9425.0717,16773.8858,14622.4583,4574.2897,4656.6176,4802.8614,4070.5314,6630.8537,247.4341,8474.7404,4170.0052,6980.0655,1506.1816,16186.5475,2429.6322,15793.2689,2266.774,21094.4232,15871.3773,4051.7767,6182.3453,7627.3665,16799.4004,17238.0888,4295.0934,3994.5211,35169.0343,16985.7607,19773.4818,4674.5094,6389.3146,21554.1431,7363.2851,20424.0157,1081.8695,3637.665,4224.2512,884.0946,23393.4163,5227.3618,4228.9671,100764.7809,7129.3482,39496.1534,6719.9022,304612.8167,67444.8551,2181.6491,59495.0665,17949.4173,3518.7804,6492.3127,55379,8590.2211,45476.6572,4059.7896,93765.2422,37845.8682,28867.135,1283.7369,83262.9603,50596.2226,665.967,105869.2393,162035.8322,72912.9308,47066.1989,8130.0987,22233.3794,2273.0895
SMP_0D391C5164BE09F408E5,0,610447.6865,48569.695,187813.6948,58801.3817,34619.3607,1160826.438,5104.0997,79835.3035,606625.5851,10737.1371,3939.4277,5227.9884,2497.6186,38704.0195,3113.3186,24057.6256,32085.3666,22501.3996,10436.0425,132246.4472,21705.0646,121048.432,15529.3548,271937.7966,184988.6925,55217.0695,49653.8661,8817.362,2644.832,2147.8224,396.4078,8100.3759,2204.2632,48576.1424,6826.4165,11942.1419,608.858,1634293.437,123051.2559,28451.9197,1282919.782,270733.3783,23637.5618,22104.7046,23103.9614,6012.9677,3189.1295,6636.4175,54887.6919,18187.1111,5161.1898,6774.2469,272.6277,52534.9156,11537.079,6311.3635,3836.0362,1621.3979,887.6101,16732.3736,5392.3738,23627.726,16244.9222,24828.3443,24433.1474,2815.7525,259184.2588,6144.1725,9819.9293,112785.618,52500.5641,46376.6569,1071.7799,2.3388,4865.1742,1322.4148,5418.3749,4110.5019,5418.96,8363.1682,25331.6288,27908.2992,7529.8652,8098.1094,4804.0082,212630.1366,239764.0925,22468.7617,4837.9138,11094.4545,15781.9179,3941.2617,100477.3936,167251.4155,64864.6724,84057.111,35660.9628,163240.5975,736.9993,162255.6997,3634.8498,6537.3217,10596.8745,57861.235,78841.6636,24199.5512,60002.5964,134309.5934,5379.6021,11202.0311,2306.5338,819.0016,67142.843,4686.6775,5369.8367,4232.0848,8391.8173,3003.717,5296.6136,10307.4425,1714.2202,648.3503,17120.8388,8279.1569,9857.5428,13154.1743,3726.1127,3386.0959,2140.8102,2919.1534,3647.8071,305.6449,4185.6787,3150.9462,4391.3755,949.993,12724.0492,1367.2277,13333.0447,1908.537,19958.3822,22393.6828,3882.8348,3999.5254,4631.4414,10472.8451,11812.6985,5850.6756,1781.7609,24690.4038,10365.2105,16154.0074,2958.7889,4579.2082,17488.7255,8279.7742,13258.6835,1553.4989,1722.765,5999.2558,923.7449,19077.0982,4701.2782,3470.0039,98761.0478,6254.4571,36178.5193,4570.2936,273972.4399,83101.9509,1245.0347,53326.9531,16368.7745,3167.5434,5994.0019,57988.2168,10916.9149,39640.22,4668.3829,79636.0691,39738.0341,34271.7786,1613.4704,64101.2445,45704.3457,1262.0205,79142.8912,137507.4564,62086.3882,55896.8242,6141.1187,18201.945,2456.4841
SMP_FEDA0B558F1CC1089399,0,539152.394,45003.242,146195.1016,47291.6874,25060.9372,964276.7185,4703.1318,58729.3962,535170.4055,7690.2632,3532.8737,3111.4675,4490.0244,29614.1435,2866.5308,16680.3962,28580.1023,21481.0363,13181.2694,131680.2301,18338.3527,116576.0719,20391.0644,329795.4391,154749.1425,59090.2026,40115.0165,9190.5132,4044.6127,2943.3855,548.8236,10559.9052,1873.946,79128.5902,8054.6009,14586.1202,716.0642,1819527.525,108346.0437,28626.0765,1373483.456,319425.6014,40491.4983,24127.2153,24373.2016,8219.9655,3857.3322,11198.8358,43456.2903,10123.5793,6465.1878,10661.13,830.8923,46356.397,12483.3762,9831.119,4797.3698,1915.0802,763.3777,9204.6786,3144.9777,27448.93,16472.9177,38025.4353,15213.9596,3409.3355,229369.2578,5810.3164,7745.1986,88592.7433,46028.8543,51875.9462,731.0066,399.5918,4826.6198,1133.2979,4355.514,6270.7928,5432.9659,5162.8339,30641.6417,44607.7042,14167.7807,6639.4996,6198.406,210517.1005,269950.11,32229.3562,8736.3465,6393.1834,13240.195,4068.7662,108152.4586,187153.6637,86083.1339,122741.522,40446.3333,164292.5155,2400.4518,106703.7462,3272.9395,4564.5426,14964.9492,75842.5789,80044.3689,22122.0776,32853.2764,82083.5052,5773.9929,10490.9887,2850.6077,2594.1171,45183.4301,4524.582,7907.2556,4063.7406,6826.6889,5214.6268,5092.856,16080.6733,1974.9042,1677.7184,22416.0497,13736.0593,13533.5549,13224.7278,4446.3384,3885.1111,3820.8964,2381.0766,3656.4837,170.2618,4531.9304,4832.4276,7283.1271,1037.5211,25921.7599,2250.8099,14406.6571,795.8437,26834.178,17221.4799,5247.3495,8044.1752,6771.7974,14708.2194,29239.1936,5885.4975,3795.6861,46499.0682,20223.4561,15737.6429,3678.2722,6046.895,15781.7482,6066.2059,15910.0432,788.0714,3761.5571,5586.6482,868.9711,15442.7711,3686.4821,1687.2378,77166.0774,4416.3683,22477.618,3853.492,224832.7654,67271.9449,840.5579,37035.3585,9430.292,1722.5693,3341.8031,50363.3426,6558.1381,35742.4952,2242.7,85594.3853,31211.0802,27451.0844,614.8996,61016.8581,34744.6971,616.9271,87329.9377,117950.2655,56961.5479,38844.9916,4625.2427,10047.2518,1479.9704
SMP_5FA45D9DBB6258616C31,0,556978.6368,44556.8051,164775.057,52586.82,27245.3,1058358.901,4850.6512,70341.8762,547750.8939,10720.7048,3152.8603,3381.1193,2807.0318,27645.5962,1494.0623,15943.2456,20685.9415,11735.1311,7961.5644,78479.6745,13489.5678,71344.2286,14344.2106,199465.5284,142778.5676,34424.5672,28236.9238,8241.5594,3823.7715,2030.0881,458.2609,9857.063,1426.1309,52103.8815,4767.2505,11093.1631,523.3359,1469690.097,55369.6727,25513.98,843769.2829,238967.2572,29441.2817,22694.8292,16633.2226,7471.2671,2391.1027,7459.9108,33402.2453,6531.5244,5025.8389,23944.1999,1065.5205,44331.7926,13054.3344,6460.2396,4839.7127,1893.3017,375.2468,12212.2547,4635.3791,20426.6611,14244.4209,25822.7876,24518.4005,2884.1724,176235.8467,3216.195,7161.978,80142.5974,37239.9599,52918.7023,304.6847,449.0204,4626.48,1252.7318,3447.1228,4615.2271,2889.2005,3074.5794,23998.6771,13946.7457,7485.6099,5012.6566,3881.2226,157848.8271,241850.3212,22092.6963,4476.3017,6754.0421,14234.8834,4108.3204,93197.9589,169231.5376,73818.9567,95667.8046,42313.9472,144136.3729,1850.5973,85199.2166,2859.1819,6281.0946,11206.8789,64164.5477,82661.9402,17813.731,28881.3154,84094.0633,4673.9643,9065.9702,2903.41,1184.2253,51612.4848,3546.2588,5999.3943,4391.2143,7759.2817,5060.9316,4858.7642,16617.1838,776.3869,1743.9774,22551.2965,11570.2965,13097.1103,13407.1302,3983.7572,4673.529,4334.0838,3886.9138,5013.4884,401.8777,8159.0249,2029.6818,3270.3144,506.0128,9696.5055,1438.6957,7857.7723,1562.9494,15304.3684,10926.7552,3402.7824,6197.3793,5873.6089,15514.2394,24591.1049,4301.5149,3325.1105,42659.6777,18533.8258,15442.2747,4574.5038,5151.5722,18702.6506,6686.3345,10576.2223,1504.1465,1082.5151,4269.5409,760.2387,16052.5568,2915.1822,2448.6704,79499.8428,3856.9526,27560.3907,4842.9509,254858.9462,58173.533,2498.468,49614.0439,10567.7438,1806.435,4883.3898,47179.3004,8404.0422,33497.5497,2783.7294,75019.5608,40957.6939,28921.7427,2384.2533,56627.9765,32652.0419,220.5693,88049.0254,143090.8261,59590.3354,53553.0664,5654.0889,15501.6557,1985.2258
SMP_3CBD3FCDE398A4593C89,0,503813.8794,39834.5646,148002.6831,48282.6607,26407.9709,957498.7317,4198.6223,64057.7585,568013.8563,7529.5308,3860.7499,3949.063,2773.3129,32290.6905,3067.3511,15135.0899,23503.2406,17866.6276,8986.5568,116949.6,13134.4276,113189.0801,13458.4503,290561.0142,149619.512,55645.4433,37704.1597,8696.2781,5154.8474,4105.8067,723.9741,13089.8715,1408.7218,83929.02,12107.4959,17290.3571,1106.527,1830355.101,179266.3334,32096.3179,1879729.354,582059.9016,51547.657,24391.0375,35007.0073,10931.1347,3295.2731,10911.3608,43743.426,6529.8713,4826.2869,6661.9511,1046.8154,37626.6369,11356.1922,7398.2563,3901.1373,1796.4003,809.5263,21804.3835,4945.7948,30196.0162,20564.0186,34641.6048,28333.2552,1915.1996,197074.8166,4069.6893,9327.7719,114684.6643,48090.901,78204.9862,703.6591,3.0477,4497.5817,973.9053,5859.6914,7228.6513,5712.263,4460.6956,29897.5674,17757.2021,11969.9572,4586.4742,7732.3559,162591.4072,298903.4462,32138.4637,5122.3264,7465.0719,18391.035,5130.6488,83581.7161,203754.7906,102086.5662,113500.8554,77806.0997,163362.6117,4787.4693,65261.2625,4163.6981,6045.9134,10160.1274,55818.153,94370.6457,21885.7907,21330.1527,83476.6744,5364.2949,8138.6472,1589.893,1528.3116,36947.3371,4901.8489,6675.4369,6070.577,11492.9448,8270.9199,7611.8785,20093.0483,4942.1666,4371.7489,23716.1012,12235.7603,18487.4347,17499.4651,7005.5011,2481.5006,5378.9385,4863.4181,7468.5584,990.1126,8729.8727,3208.7516,8388.9766,542.2521,23933.3344,3677.4373,26827.5019,2267.5158,35299.3812,19520.0999,2765.0366,5200.1733,4535.6642,18196.296,12613.6696,1515.26,2562.9897,34942.1308,12070.5871,10844.9738,4555.2336,4763.5494,15203.7953,4729.7182,20503.4381,2127.0945,2281.8027,4563.0691,774.2459,10844.3623,4538.1238,3834.0303,81930.3699,5789.5267,31823.9635,7572.7262,298730.9262,76361.267,435.0138,48189.7079,12243.4786,4797.7967,5896.5402,51302.5119,11501.9652,39202.7113,4334.0787,85537.2219,31235.4888,39592.914,2133.4401,73867.7738,49602.2719,592.0212,90407.5595,143911.0712,78923.2464,59778.3258,6222.3013,15937.9018,2216.5175
SMP_D543B7DCE8E460907208,0,500575.226,46630.1107,150450.2696,46154.9998,28593.1668,920724.8689,4168.6654,59408.218,534441.542,8069.2117,5440.1122,4558.6472,2468.1493,39362.3192,2754.9596,21792.9461,30392.154,20937.8929,8676.7869,123845.6862,16303.2177,114796.2292,16181.4175,296598.7647,129524.2416,48360.4483,49339.9966,10317.5861,4704.1958,586.9858,250.0911,8893.2107,828.408,47987.7165,4085.3853,11862.3786,526.8355,1258995.097,67071.7441,23792.8783,834369.0114,226985.0442,27614.2408,22209.5212,18226.511,5007.6336,1074.2345,4953.4025,19681.531,4775.4452,6119.2173,4494.3704,287.2344,28053.3646,11949.6399,6025.3551,4163.4217,1530.2677,737.0789,13336.7755,5694.6854,24679.1292,17363.6922,29170.4349,19153.9975,5582.143,186515.6423,5381.196,6802.3893,74999.289,45016.1114,69224.147,352.1859,378.3846,3533.0977,1018.8607,3379.4363,6917.4758,3260.4465,4091.362,25365.9184,35155.5385,22605.5282,8587.3518,10437.0288,190751.0962,259258.348,33859.6174,6978.3536,9334.8058,20074.4003,3781.4384,89871.7045,185479.7937,88847.2577,85176.7198,53025.3743,117175.8564,2745.4951,65773.5845,3927.3437,4325.5901,12009.7148,45999.5184,57011.348,19580.4037,19870.4667,78502.6299,4631.9765,10344.1763,1623.061,1684.9029,47991.6455,4960.739,5449.5595,4904.7249,8824.1493,5680.6915,5941.0947,15604.5831,4023.1573,2915.534,14995.919,7933.5855,10510.7683,10804.3595,3179.1206,3043.7892,2541.428,2845.8456,2887.4903,340.7347,4042.9914,3288.1752,7928.5757,774.8021,23486.918,2616.9487,12806.1781,1604.9495,18032.0388,16024.9779,3530.7794,6995.1118,5620.0398,19321.0966,13117.2188,1892.6451,2205.1897,25980.3436,11347.7749,11967.9168,2111.2046,4570.2378,13552.2961,4797.7187,10989.6276,1972.1568,2352.7675,4638.0389,764.2518,14008.5115,6179.0825,3292.5823,100468.8705,6227.7006,33546.4609,5554.4314,266153.1388,64076.7612,1281.887,57095.8809,12101.031,3182.6933,4989.0781,56733.863,8076.1273,45139.7536,4526.5581,86767.0882,34427.9004,29857.5866,1632.6044,68725.1817,39251.6501,484.5469,89158.3238,127189.1342,63223.7066,39691.9219,7604.7553,15939.682,1794.3488
SMP_04B1B07E155B3E01BE8C,0,523702.1349,41269.1651,141093.8332,46659.9433,26862.1159,932651.2306,3907.4453,61993.8981,537180.6209,6116.4203,3340.4765,2943.4467,3487.6559,31463.1483,2613.5895,13221.2931,19266.2051,10854.561,7182.5741,93890.0934,11169.473,80486.0892,12666.345,295212.4748,140590.1446,50621.1573,32614.1404,9547.8341,3618.9042,4425.5195,863.1375,8153.2866,682.8604,33155.5787,5366.8141,7069.7338,430.4618,1177615.559,124712.1797,18385.605,1258080.674,422558.779,36211.9202,15046.7165,27598.0618,10958.1921,3366.1266,8980.1047,79554.7548,6275.6247,4325.8792,7351.4244,793.8889,22877.2745,8484.8597,6832.3777,3503.5466,1350.1917,4010.8514,14626.3586,2808.493,18869.7007,12092.6641,24572.0653,19589.4558,1911.826,227570.3832,5789.3199,9271.5902,103176.0372,61550.4545,78361.3642,1003.4767,847.8319,5443.391,1565.1726,3264.4667,6647.1055,7045.1432,3807.4274,27304.0004,20049.5231,7059.2435,3630.7341,3796.5551,187409.7655,277364.2031,25029.8769,5684.1666,6815.7698,13966.0782,3290.6878,90371.3589,187880.7521,99792.6153,102751.905,65956.6195,191692.531,2546.7661,84920.197,2450.0588,5515.5671,12230.1783,55428.4535,104875.045,26676.4303,29710.4485,66644.432,6398.9262,9822.6241,1423.8719,1894.7087,32151.061,6046.5404,6827.5037,4948.4518,10412.6917,8823.8567,5762.2042,17322.6946,5200.6114,3013.8131,28111.3731,13243.4859,15442.046,20388.3267,6063.2642,2400.9852,3908.8554,4059.7726,5130.0469,1652.7685,7277.0808,2407.2965,4800.9699,725.9907,13785.7951,2329.788,12964.0639,2140.7153,21128.0231,10340.7306,4090.2611,9388.3431,7704.9372,25154.8938,27248.5262,4486.9624,4029.294,50452.9596,24714.6691,15291.3388,5798.1444,8109.0046,18281.6961,7718.8559,15207.3935,1507.1423,2797.6336,5372.946,1689.8402,9814.1681,3216.7968,3100.3977,81814.1854,4847.1204,21386.0343,5675.4939,278631.5352,83815.445,906.9201,44823.8161,11516.1689,2820.5019,3839.3868,45804.5128,7973.9953,30336.2539,2655.8589,80478.4483,29401.7033,33997.8881,1776.108,55730.8339,33409.0987,348.3831,91323.6739,138131.051,78796.9964,52507.1621,5015.063,13097.8366,1962.5763
SMP_FEAFD899E29C89080ECF,0,502487.1933,40999.1829,139440.461,44778.5828,23268.5404,905893.4077,3882.2453,58243.9041,532855.4247,7393.6768,3532.5311,4069.1631,3167.3236,36230.131,3139.801,20493.4254,24662.8104,15252.766,8947.1001,100406.3265,11451.4879,101473.2207,14325.5228,269269.003,170968.3239,48213.1114,49290.1131,9528.9117,5129.3343,4208.4249,551.1724,11961.7535,1480.2845,87403.1996,12707.0902,20360.695,1220.9473,1795711.019,199332.6115,31296.0306,1774194.955,349510.4884,60473.0347,25815.0828,41848.9099,9023.2603,1958.6781,8841.7171,42102.1606,11963.6863,5230.8599,11733.5141,358.9486,52319.2868,10683.2026,7078.008,4186.8885,1570.5314,391.7877,18417.5372,4842.5371,24407.6943,17277.6486,31290.576,24524.7562,2376.3268,202229.6483,3797.4551,8814.435,95226.0548,52842.2841,57902.1644,809.2879,372.2121,2785.7016,796.5059,5398.4743,5619.71,3089.8994,4368.3268,30364.5478,22831.3629,9465.0457,7768.6601,6851.8455,206106.7469,300415.3857,35481.2391,3234.1062,11511.9055,18055.0985,3664.5569,103031.1438,196142.1607,96245.0379,73118.6117,65466.2389,140179.7142,5091.8725,111769.9521,3552.6108,5092.5936,12067.8334,41369.6108,64577.3351,18908.4259,33646.4289,95685.3449,3824.452,8481.5616,690.1172,670.8687,44267.8499,6123.9613,6710.5431,5204.4676,11001.1271,7750.4874,7752.4931,17036.3979,3759.2116,2932.2159,19202.3757,12267.3299,12788.5483,12796.4411,4655.6031,3921.5121,3228.3377,2941.354,4056.6739,246.7259,5221.622,7825.3464,12589.307,2241.1556,28119.787,5080.4549,30591.0537,1701.7977,27378.3477,35499.554,3778.2179,5131.0375,6372.3863,17208.1178,14118.9208,4765.1566,1807.679,31218.5102,14618.6221,16111.2046,3991.3823,5991.0194,18303.507,7326.4048,17081.7656,571.3121,2446.1138,3545.2204,975.9218,27449.103,3375.9122,4432.9194,77404.2575,5832.8839,29224.0946,8252.2438,271975.5419,72038.8,1579.1102,55534.1032,15032.8093,1772.9296,4374.9691,49087.0808,9719.4585,34094.8924,4416.2831,84837.1431,32349.7742,32163.196,1071.5075,69451.6458,42980.821,474.936,96978.4736,157749.395,76398.522,54716.1382,7876.3743,21920.993,2477.429
SMP_587AD56E93D52BDAE657,0,555897.3663,44464.9269,167406.344,49378.5134,26485.2382,934019.0184,4756.1143,70375.1637,566514.3555,7789.0773,1478.8752,2388.2714,2427.2592,22872.2502,2224.0197,10477.2577,13111.7152,5941.9214,4871.5886,56614.0056,4332.1361,48393.6629,9666.7755,182065.6228,83023.6803,33064.091,16259.6101,5429.775,6677.0315,10726.1794,3224.7746,30866.498,2189.1906,53695.9535,4735.3422,11152.795,903.8263,1697657.285,110125.5858,26281.3516,1340098.504,960737.1819,70787.5614,23615.5993,28527.0918,15796.6992,2021.4053,10553.2338,76140.9161,6595.8716,4774.281,8517.0131,1163.8766,42887.1482,11379.8648,6405.7016,3695.2332,1234.1971,21245.1243,8942.3775,4907.609,32058.3394,16702.7579,37084.5409,25688.6017,2614.9806,283364.8353,5073.4416,12497.7681,139842.5739,51130.3889,97533.129,1077.0492,688.4892,4763.022,2001.7822,5588.0452,6713.5946,4070.212,3530.5108,27860.8647,14090.6707,9605.5648,2709.6031,4650.5962,154302.827,292454.7862,21578.2297,3273.6085,5308.7672,15225.6599,2967.5075,66991.0619,186045.1587,88777.6078,99178.7374,72349.3361,157690.7018,3817.2227,43789.7922,3450.9781,4312.4176,9712.0643,42668.1313,87750.581,16563.8826,20109.2204,71232.8121,6510.8613,9015.2253,1487.1783,1830.5239,41165.5967,5174.7784,6960.4061,5824.3669,11308.18,6836.0546,6153.6847,23222.1303,4943.2289,4965.2831,23020.1808,12855.9258,14950.9587,17040.3682,6930.0939,2622.2046,4743.4294,4231.4858,5355.8279,1730.0179,6971.9736,1913.7479,7396.1254,754.7161,17848.3629,2809.13,15426.2202,1209.8299,20687.7955,14210.9181,2566.3567,5506.0735,4995.3738,18495.5984,13027.9199,403.934,2041.2605,33799.8867,12575.2371,11215.6573,5342.9836,5011.3596,16416.9624,5482.7751,21672.0597,2004.4779,834.576,5291.3282,1213.2013,10170.9986,1009.3915,1289.7234,33371.7154,2161.9224,14505.0348,6063.9682,243972.3144,60948.7451,1511.9611,46883.7844,10456.1353,3444.9934,2858.1105,39855.5915,9716.4219,21625.1547,2043.7301,73263.3632,16611.1887,37228.5604,2174.1459,53087.8137,32225.6151,1.3394,84124.5139,132877.9036,73127.8462,60140.089,3977.4726,8467.092,1835.5911
SMP_2106FBBED2FFD4FEF88E,0,540891.3453,42170.3421,147143.4164,46628.2338,28068.8359,920378.5039,4575.8173,59549.9109,451848.2948,9261.3165,2409.7121,2907.9277,3090.7352,24583.0882,2014.2029,16044.4347,16805.0055,8075.4746,7430.2778,76149.4904,7875.2396,56820.2663,9881.431,188460.2026,104545.7621,35572.4226,21590.5,6214.2637,6163.0019,2551.036,730.1838,8392.523,1579.1078,64171.688,6923.4684,14149.8497,823.2018,1581661.018,126517.2032,27541.1374,1623182.055,410742.0661,40793.4784,16340.7488,33900.7174,8067.0742,3713.4369,9862.336,43970.9517,12335.1264,6255.8262,6894.1521,353.4015,60182.2804,15982.5941,6205.4219,5736.8757,2718.7075,886.3749,6550.8036,2590.3748,20370.581,11190.3275,21391.3565,18451.1996,2815.6953,216612.5037,4775.242,6644.0302,72358.9995,36450.8601,31034.7554,369.9,228.779,3919.0927,886.3206,3506.3561,3012.6877,2921.082,4535.4693,24209.3393,28991.9158,8695.6658,5713.1991,4531.0131,207925.2731,234834.4441,26905.9208,4053.5184,7798.5634,12271.3541,3587.4969,85344.9766,158234.5566,66997.4943,102710.694,26303.2145,148791.5227,1210.7,114552.6784,2729.8571,5669.8246,10757.9861,71730.3705,80246.5752,20003.9767,38636.2435,93848.7751,5738.982,11464.8818,3183.012,1727.7988,63051.0798,4871.7304,4580.8654,4636.6448,8198.467,5052.7918,4492.8462,13578.6041,3303.0366,2895.9903,23829.0427,9810.7597,12149.7703,14070.1752,4112.509,5411.586,3072.3344,3581.0394,4707.7422,459.0517,6860.4887,2610.2731,4990.8272,1035.306,10817.1395,904.0528,10548.6652,1160.6409,18282.1269,18579.9434,3460.0799,4920.5683,4573.5839,11154.4869,17328.9083,4052.7543,2307.4055,35501.7,16204.3,17625.515,2950.4217,4188.5024,19450.9274,6923.682,14217.7923,1514.76,1149.7408,4327.8636,867.4308,16927.3682,1666.1495,2029.6949,59622.837,4185.0263,21869.9332,3871.3167,243372.4146,58542.6364,1313.0046,41695.3996,10412.3578,1809.4378,3943.1213,46323.1977,8029.883,27572.8971,3288.616,82536.4414,24659.9086,35572.1896,771.0869,50381.7016,29691.7991,85.9994,73116.4129,134115.8687,64488.1269,42098.3965,4021.138,11519.5886,1957.4956
SMP_A203B641DDCEB8BDD649,0,570875.2701,50170.8505,162193.3289,53664.7522,30166.3146,1049626.046,4792.0361,61003.3696,603103.7585,8267.8172,3686.5383,3323.9989,1722.4974,27878.7866,2679.8175,18634.582,22443.5736,13147.9621,3559.6051,104611.8413,12270.8512,78757.3634,6723.8563,240541.3317,127597.4915,51695.9291,28850.8895,7662.8841,2621.2996,2588.9279,241.6532,10379.1306,1459.3032,47302.103,7582.0453,9877.3064,579.9215,1297063.47,92403.0645,21307.595,896020.7703,225616.1519,24217.6171,19653.803,16342.1899,5696.9825,2030.2934,6558.7816,31091.9825,5821.3534,4967.4459,11855.464,629.383,38768.1961,10719.2546,5753.0843,3686.6313,1624.9259,740.3444,12156.6953,4515.8395,30492.78,17353.8598,35201.2569,23827.4711,2521.2402,209428.6549,6393.1477,8052.3041,92598.734,58809.6919,59221.6069,493.8587,333.9799,4812.8909,836.3374,5840.9144,6729.1474,4574.6009,4467.4496,24950.8124,31947.0695,9515.2335,6620.04,3837.0153,228554.333,256769.6084,28047.8976,4419.9582,8432.8821,14373.2415,2797.583,109836.7089,179198.8293,88140.998,102390.9484,51055.8548,135358.1128,2793.715,88866.0654,3314.9858,4607.3703,11871.6784,63258.6042,61277.5899,19990.3156,29444.5615,86437.9025,5611.6525,10434.7429,2292.8603,1880.8462,50371.5396,5944.4718,6203.6095,4654.1283,8352.5677,4595.2504,5393.3612,14381.9604,2837.3323,3079.1423,21917.2421,9906.7564,12210.4539,13015.7873,3598.3975,2120.4786,2674.1588,3171.2884,3811.2543,4.3435,4574.041,5134.7248,11772.8739,1129.6246,29288.3677,4940.7205,23747.3487,1091.4137,28082.8363,29893.1119,3458.1162,6746.6274,5775.6765,17806.8083,16614.5755,3329.0635,3617.3059,33938.7618,12611.8509,14588.1697,2830.6379,4637.9873,15618.4789,5341.3682,17476.8285,1913.1721,2117.5966,4616.9203,823.7594,20410.5659,3684.5322,1899.7016,74414.2999,5193.223,25063.1105,3308.5859,244456.4754,65383.7219,611.8762,44054.9018,12729.5319,2393.4069,3752.2197,49610.6996,8991.2237,33358.0367,3203.8185,84546.9011,31448.9717,32465.5236,1566.6711,55628.1446,38950.0552,1.3953,84054.0801,126852.3036,69308.0248,46838.5794,4858.5843,11886.5456,1933.9081
SMP_43E5A6C01141BEBC5F15,0,558314.9132,47613.6114,160594.5448,55984.5097,31928.308,1009076.97,4216.5925,61209.6421,508854.1331,10892.6432,4903.6734,4919.8942,2954.8139,35932.7556,2289.5267,17038.0548,24785.6102,20314.9475,7268.1845,107889.9688,12504.4149,119165.5593,13354.8387,262313.3487,104209.6876,39512.3934,59092.8958,12496.6597,4767.1718,3531.5133,690.1985,10090.381,2094.7453,59120.2405,7523.9081,12906.4752,660.7318,1239119.371,74597.3133,20983.921,639179.8872,92559.0874,13323.6003,19096.0614,10999.6366,2415.7626,2132.3977,5117.8192,37042.3324,12678.1264,4752.8759,5484.3692,142.6476,33165.4867,11442.0771,4469.7126,4546.5841,2105.0303,770.5001,15364.6323,3613.6873,19208.6074,15997.8326,25271.8872,18264.3829,5972.2471,217241.3921,6535.7304,8971.5093,89818.0222,75834.6014,54374.5501,955.1962,785.2808,5514.3413,1318.4317,5591.9659,5359.2443,4184.6399,5669.9414,28595.6639,35597.6777,11012.5075,11246.6115,5211.4862,222306.5755,215261.188,33686.0162,5387.5805,12794.2445,15582.0239,4040.9619,139452.2666,151667.7377,69162.7449,90271.7591,32641.5181,124806.2238,2595.5266,145034.7195,3557.9548,4750.8502,10201.4054,52454.8766,53754.1978,22156.4029,45809.4172,84196.5913,3523.3757,9870.3075,2636.584,1181.4671,48142.9461,3677.931,4802.9158,5196.6085,8475.8217,3402.8192,6933.3103,12361.8783,816.3486,764.2813,19732.2743,9161.7265,11878.4973,12186.1849,3713.0676,4685.3069,2850.5298,3507.8071,3487.5444,4.1386,4105.4141,2462.6978,3715.8776,933.7023,11170.296,1550.7635,7532.8234,1403.7081,13765.8256,14851.136,4675.6873,5175.8056,8066.8119,13724.3068,15946.8338,9350.7752,4220.2974,32254.6907,12843.6917,16876.2872,4734.5497,5585.2259,20945.4258,7371.407,9861.3947,2187.1801,1507.5538,3183.432,636.0851,27777.8417,5844.8256,4069.0788,103772.0892,5192.6661,44502.0482,6301.8643,290423.8404,61540.7735,1545.1646,50774.5739,8864.834,2057.4715,5425.6945,53527.1553,6341.3126,45272.8652,4681.753,81029.2812,34720.4817,21955.851,965.5021,69686.6625,39335.3617,462.9014,87537.4312,125010.3689,59388.9981,33394.1754,8069.4136,18346.3471,2208.4586
SMP_AA4F2E655A28E68ED301,0,538626.9285,46633.2979,165494.9355,50008.9887,29482.2487,968156.0359,4367.4333,59012.6884,545301.176,7007.0797,3937.701,3719.5843,3319.3106,33133.1692,2790.16,16152.9228,21426.1205,13414.85,11133.2283,100245.1842,14838.8909,84559.7524,21298.853,267759.871,157955.7739,45023.4621,50990.4543,11997.8351,5606.0372,3115.6588,505.7606,10573.2709,1418.7376,63192.3717,10467.7492,12594.5706,850.4993,1456018.258,175103.4306,24256.2406,1439376.243,302388.739,36597.8243,18694.1943,39363.1875,9440.5045,2875.8534,7925.0955,30345.5235,10685.7162,4471.3015,8637.623,778.0692,57773.6539,10074.9955,9137.3618,3749.7433,1811.135,838.5809,13603.7596,4591.3393,25932.9493,17787.7825,38330.7123,31382.986,3122.6304,189575.9357,6428.5592,7231.1828,78422.011,58858.5503,57343.7183,598.6925,391.0536,5157.2979,1249.8398,3699.3811,5818.2676,4267.3173,5136.6219,29578.6388,42172.3522,12399.2272,7592.7079,5233.1622,219712.755,270507.6459,33713.8054,6619.9393,9405.9802,14687.8612,3564.0776,116733.7867,165659.0146,86524.9878,90627.0079,57873.0477,146905.2275,3322.0781,103851.4141,2959.5562,4389.7884,12531.616,59176.9016,65337.3671,24055.7386,34752.1669,90891.211,6262.1201,11146.0687,2438.4007,1421.5653,45863.9918,6777.9468,6253.6906,5721.3826,10013.8173,5593.0002,7250.0326,19293.0574,2020.6948,2036.0499,23869.3541,13556.3246,11421.2934,13497.4737,4917.9401,3888.9602,3278.599,2974.1123,4498.6539,117.6278,7203.4636,2433.346,4134.8481,3.9998,11288.7877,1464.8807,11694.3019,1394.6171,13383.3027,12901.0743,4275.4949,7123.9009,5573.688,15056.6336,23643.2336,6466.6583,2579.5685,33169.2111,19063.233,20832.9614,3537.0036,6151.2806,18198.592,7902.0985,16874.3036,1468.0813,2294.3924,4152.195,860.6691,20320.4557,4214.0327,3460.9785,94155.8701,5529.993,26665.135,5713.7882,281409.4448,66829.0383,2553.9084,44744.8497,10364.1025,2367.2829,4428.1812,48021.1771,7550.5999,38591.3088,3332.2455,86886.701,41102.6281,27965.837,1269.7476,66766.4374,39800.5731,429.1609,106197.0051,166725.5669,69889.1093,52374.7689,7909.6929,22551.7179,3748.4675
SMP_4C6944BE64A44DEA8904,0,564317.8575,43761.541,158775.364,50850.0971,31709.7814,1021034.29,4396.5575,60988.44,629477.1661,7136.419,3383.7297,3335.196,3658.4716,33230.116,2796.2841,14236.7721,22388.2622,15473.816,8041.238,110470.8752,10305.1165,102284.4976,12656.404,274038.9939,138935.9023,49673.4693,40435.3904,9012.3079,52.1355,10478.7501,2730.6903,32941.8473,1954.8584,60531.8142,6326.4821,14217.3051,1406.2706,1456557.56,96156.477,26658.5174,1227110.924,323241.7805,42099.9392,23236.0879,33857.1335,7857.7125,2224.1932,7312.4272,36733.5113,8437.5219,5938.846,10461.3599,282.6052,35289.3342,11777.0369,9072.1351,4139.1731,1668.3627,34326.0077,22076.5147,5273.3472,28414.7117,19526.1947,32198.0279,27960.3982,2380.6433,187126.7008,3827.5967,7736.4821,82329.7132,53156.7826,66598.9946,497.344,438.6751,4449.2006,1411.2937,4748.994,6212.2006,4365.5351,4176.3737,28044.4372,25301.8211,10858.1872,7229.925,7452.2189,188736.1403,279771.5272,34133.1403,4038.7631,9874.8165,18738.0933,4270.0326,88048.7139,192602.7015,92977.1937,88507.7991,64830.0104,141420.7595,4188.5849,95725.4485,3226.2445,5206.4499,9989.8872,46653.1979,68069.3526,20770.7187,26286.6041,81421.0562,3589.5965,9077.8016,2209.4867,615.9711,42417.3034,4044.2328,5946.0451,5978.3723,11376.4005,6051.4353,8685.0386,23877.2349,3535.8615,3402.7461,17557.752,10806.2573,12937.8999,13842.4386,4901.5739,3075.3448,4168.6222,3529.379,5532.7373,605.608,6464.8064,3436.2595,5367.6575,389.5552,13710.0694,1883.4851,11923.5028,1623.6816,17766.9019,12258.0601,4657.1798,7052.0485,7619.0004,21921.251,15684.8136,3526.2171,3314.5532,30455.2561,13217.5639,14883.674,2893.3846,5742.9587,20306.0015,6783.3999,10513.0114,1454.7299,1951.7589,3259.3654,1117.195,12253.1981,3662.8619,3522.3413,83452.1971,6542.9478,31424.6673,7627.2329,272822.842,76041.4391,1730.5543,50434.9374,11796.5322,2651.0483,5669.3385,48312.1133,9605.9387,34127.7669,4472.4146,83293.6397,29313.0111,34236.8594,1524.2499,74282.9705,43837.6432,475.0738,87665.1123,147229.2911,76221.9115,53040.0552,6201.1729,15825.1366,2482.6265
SMP_BEF2F85227474DB81D6E,0,543695.9352,46602.1845,151294.2333,55329.3212,27610.7623,978821.4125,4147.355,61421.9033,564114.861,8356.1909,3921.7379,3848.1351,2690.307,28487.9755,2510.5794,18156.8303,17299.8008,14536.2641,6992.4318,88029.0859,10905.5495,89984.5536,13472.9876,238921.9199,99502.9951,37211.1986,45527.7554,11799.105,4580.4088,1581.8101,360.401,9002.5101,544.1219,40429.5569,4994.4989,9086.1397,597.0484,1143482.725,90359.8568,19009.4384,796888.8572,281116.0916,16273.4647,17815.1869,14568.6558,4714.6435,2807.606,9333.2011,59112.4399,11782.0429,4221.3363,10587.0914,197.9114,39731.6521,9024.522,5669.3496,3672.7526,1433.7128,805.8986,16431.5102,4783.0713,25840.149,18926.3117,35029.839,19958.4379,4489.5905,309978.4923,5589.5081,13538.7359,153449.7484,56207.9189,75451.7476,872.4543,406.5076,5031.9893,1263.2211,7244.1932,4939.55,3716.049,4759.5859,24616.2562,20313.6887,11999.9082,5530.5504,6498.0632,167955.562,267157.8196,21637.5749,5055.3324,8210.0982,16242.5293,3793.9801,99362.1894,169118.9315,79518.6915,77594.2403,58834.9768,129631.3109,1730.7979,67209.7678,2826.3218,4481.5383,12568.9108,47294.8732,69080.1001,21022.9959,20402.2045,96086.6647,3620.0205,8502.3844,1810.4427,1163.3726,49365.0669,3740.9692,5822.892,5429.128,9582.7515,7319.6954,7089.5392,21411.1133,4009.3145,2383.5899,21443.6903,13608.2077,13690.767,12144.9762,6108.8476,4752.8236,3373.8122,2691.03,3720.5774,160.9971,4804.5955,3009.7545,8092.9515,3.725,17994.4158,2688.9643,16139.2146,1849.495,20655.6479,24270.1736,4106.3457,7010.149,7834.3932,23934.755,19226.4708,3707.9722,4505.6596,47710.2595,17623.9268,16973.6258,4552.2257,6581.4533,25932.6856,7646.9879,11906.5298,1505.6553,1856.5806,4268.6577,765.4558,16291.1439,4294.8822,4141.8461,112677.5695,4936.6107,36332.4914,7521.6545,304358.6615,74050.6995,2168.0127,56182.3754,14803.021,2602.9084,5852.0368,52955.3687,8288.8268,40670.4162,4377.8051,88045.7746,33559.4364,30396.6521,1354.7147,77581.7061,44768.1813,1390.8335,102504.284,130742.0506,63404.2014,44166.2116,8358.4745,16125.5358,2777.675
SMP_E9626C8256706E4156F0,0,505676.3206,41361.1928,136224.8849,41381.9313,25215.5006,873432.7237,4124.7484,53513.3072,467633.9163,6648.4116,1698.7449,2125.3968,3504.381,24375.7804,1718.7331,11386.4022,15786.5346,7512.0231,6768.61,83654.6509,9006.7051,73178.3055,15725.7441,297779.7809,112511.5156,39727.6381,25148.4019,9656.5769,4065.3266,3562.5686,636.4802,9721.5561,1729.9114,115859.8411,23884.1749,15264.3216,813.4368,2363469.252,389468.1554,29496.7003,2652425.007,607519.791,68061.6497,16912.2139,46629.5846,14497.008,6588.5388,18717.3234,58729.294,22250.6527,3870.7437,5657.0149,301.0089,86883.3529,8556.9326,6907.5096,3712.8217,1389.3269,779.9918,9647.7563,2476.2644,19016.686,9964.473,28595.0751,23094.1402,3212.0205,225649.3545,6246.4113,6620.1797,78188.7621,37363.9822,33269.1939,228.7339,5.8813,5106.134,964.2005,4488.9449,6103.2623,3970.3734,4710.0077,28788.3537,59165.2808,12382.8196,4725.6683,4035.0863,222827.2457,273380.1356,29960.3594,5887.9231,4829.0292,11225.4458,2671.1868,107417.0523,174164.1135,72697.9879,129640.2543,38362.5908,150426.8383,1817.7103,127656.2317,1864.1126,2338.0329,11712.8259,82665.7334,67883.8381,20994.6895,35506.6456,89921.5344,7515.2239,11312.4112,2959.8693,1696.4359,59642.5035,3780.8549,5266.8538,5218.654,8155.5156,3736.7033,4067.5647,8835.2195,640.2181,1354.1168,26478.2733,6766.1275,13431.3251,15976.4833,2010.7153,5230.1972,2657.8126,3223.5787,4018.7427,3.3816,5436.1576,6100.1592,11105.5581,1231.7627,31703.4131,2559.0783,24274.0759,1306.5581,29654.781,28544.9511,4191.547,5413.1826,3185.1555,12294.051,15363.1238,3744.2697,2646.2203,28449.426,11222.9605,17829.0414,3457.686,3230.4055,13279.309,6039.178,32710.7776,794.5354,2511.0102,3009.7517,573.6039,33965.1485,3053.9735,2043.0289,65321.1629,5024.9232,17186.3378,4265.3513,240528.1431,70342.9676,1734.5288,36671.1518,9896.3519,950.0757,2539.0503,39264.0506,6079.1578,24403.9001,1054.3376,82005.184,23807.8999,22174.4684,600.9532,56985.6309,28864.3554,727.0538,97865.3959,139664.8522,60244.5148,45985.3702,3864.813,8361.6751,2192.3521
SMP_1AA3BA1EC24CD55CE72C,0,546680.2871,46578.3757,144264.1585,49445.0314,27526.02,930847.9669,3749.4641,60097.9174,522506.5691,8002.0888,4339.8009,3647.7978,2678.7268,30951.8947,2417.3272,13631.2262,20849.9025,17011.0322,4069.775,100488.9525,10876.3613,107626.1006,7829.6874,264650.1154,118001.346,47472.4721,41314.4417,10169.2063,4202.8558,4315.7905,557.0888,12622.9303,1269.1445,97000.0743,13195.7902,19666.8246,1120.1652,1334470.171,155756.2751,23788.9092,1285368.53,251286.4546,28642.8547,18151.3947,23309.4979,6132.8758,1983.102,6485.0664,24060.4859,5970.0651,4529.9474,5680.0968,467.554,29891.2423,11500.3833,6220.9016,4798.3166,1708.5893,327.5334,15703.5015,6052.6943,28510.374,22883.5579,37671.5794,28774.1898,3602,155349.9795,5613.3299,5712.959,67346.255,54624.6514,57403.9683,242.2546,233.628,4155.9911,486.7176,3547.9436,6156.648,3711.5156,3727.3497,28253.9668,37085.4584,14670.186,9742.2106,9037.6828,194251.4179,261410.0102,30332.2026,4564.8275,10528.0858,18211.5341,3756.3264,106109.99,175343.6084,95568.7293,87618.5054,57098.6409,107842.0706,1756.5901,80074.6373,4343.5814,3975.7901,10028.2951,51492.1692,55042.2691,16291.4124,21786.249,54326.9374,3875.7916,6898.5022,2421.96,1171.9697,31283.2929,3374.6804,5043.7836,6612.2572,12277.5993,8532.8803,9205.0636,25599.7463,5163.5448,3347.1857,20894.1143,8501.1902,14517.1443,11869.5542,3981.3488,1827.5362,3773.4841,3562.0788,4698.0696,229.8005,6624.7252,2399.4368,7254.5633,365.7515,15880.6055,2452.8992,13083.975,1303.1843,15672.2756,11645.7224,4922.9442,8134.6307,6819.2328,21419.6192,11352.6969,2209.5263,3366.6033,22748.2226,8949.9984,12081.394,3035.0309,5035.6359,12166.4947,3855.3858,12397.8283,1584.8785,2061.7497,4030.1777,455.7008,12747.1552,4551.9237,4287.708,92156.3359,5728.4934,36682.1299,7237.3387,290438.5492,61986.7141,1595.7252,49457.5313,9434.9564,2190.5184,5375.1735,47629.4812,8188.873,39891.85,4385.46,81056.9773,28794.4452,27858.9974,1328.3754,71305.603,44668.2163,256.2634,89355.6547,124706.5384,64979.556,42251.1765,6483.736,13413.2445,1858.6121
SMP_4E78446E33DA7884C545,0,549368.6607,46717.181,148177.1054,49425.0775,26458.657,918946.8814,4803.4383,65800.2934,505748.9334,8026.9106,2327.7212,3109.0052,4909.8143,25258.5109,1751.0708,14532.9844,17009.3099,8354.1792,8585.8206,69368.7439,10199.7402,67414.994,16264.5097,192638.0065,116046.9051,30296.1613,29382.1672,7668.5878,6925.4413,2922.096,561.8568,7856.5008,1297.688,77149.2411,8538.9339,15056.989,638.9289,1714324.432,150701.7899,25731.611,1502366.805,349744.7328,51125.82,22239.688,24815.2768,6863.9014,2462.1649,7143.0759,27332.9018,8181.1819,3958.794,7120.242,851.0032,29503.6855,8300.3001,4590.1865,3139.7684,1400.0012,419.819,9766.8985,3049.4932,16405.2063,8865.6143,19897.5066,17580.8006,2776.3254,179716.5808,5772.7707,6774.44,67752.486,52370.2322,46855.4875,346.2468,2.7429,2876.675,855.8273,4162.9681,8000.948,4931.3213,4122.5991,22215.3381,46624.085,10870.5609,8587.1752,4242.542,213234.925,249131.9463,36741.1441,6198.4379,9520.912,14047.9108,3068.0691,125753.7083,185898.0514,87759.8631,77729.7396,48544.8868,129725.0104,3656.5149,95674.9386,2987.5229,3798.1362,10492.1763,52974.6903,61606.4532,18369.1981,28803.8117,63891.876,5370.3766,10203.4692,1706.1421,992.5507,47876.5486,4409.9338,6926.3299,4466.0922,8507.1091,5614.6191,5484.0511,17222.7259,3022.5764,2902.4293,20970.2229,11942.802,10044.4515,15062.4652,4921.8192,3180.2313,1435.5218,2154.6623,2476.7974,320.7295,2780.6582,5099.6227,9295.4716,1779.6131,27700.9484,4030.4266,17123.4152,1165.7754,22630.5927,17789.5735,3952.2692,8128.8535,7247.0243,19066.6823,20244.4739,4453.2671,3228.7304,43984.3118,18571.3982,14998.211,3209.7553,6389.5019,16266.7826,5792.2889,16712.6011,1492.1287,1826.2005,6208.7613,1181.2949,13959.7991,2478.4089,2284.0786,68018.385,4611.4137,22813.3342,5386.3812,242690.2344,65924.9785,2958.363,48847.8927,10146.1653,1349.4902,3917.617,41121.9257,5918.0165,26321.6712,2307.8561,68922.848,27734.0998,18694.8407,893.3439,52071.4321,28369.6064,1198.4077,72575.2715,139997.087,48490.1934,39953.1947,5364.4742,16034.4822,1736.4321
SMP_27BA4EFA8D34D2316E63,0,502849.5541,47647.1246,144538.9408,51674.1046,25960.0158,931324.5312,4711.062,58301.2359,489107.5374,8779.2493,4148.5914,4456.3595,4364.323,35959.548,3088.0286,21140.6364,28589.9903,16969.32,15574.2292,128496.4107,13971.0629,113477.5699,19013.2754,276076.3535,136223.2665,50270.3514,48759.0577,11010.3029,6308.943,2200.1495,387.1661,7139.557,1549.026,57972.5195,6463.8429,13156.1357,724.1979,1371387.753,91262.3545,25443.7838,1306548.409,317712.2438,30317.2017,16814.1472,27020.8269,7275.0622,4052.2308,14349.1442,80161.4225,18557.3121,4754.1218,9417.4048,588.8923,42492.755,9796.8937,6801.7375,4097.3664,1806.7355,722.5186,15203.3672,4394.6103,27049.3578,19379.158,31029.0873,21638.8775,4430.9062,362436.0505,6546.5067,18484.4651,198957.7578,72333.2689,59814.0302,1507.0995,1344.6473,6572.7366,1366.1815,5607.9219,3968.9164,3557.956,3839.4226,28701.7301,17248.6639,7012.7883,5937.9456,5324.9461,189423.1609,241947.6981,24190.6493,4600.3533,9725.4473,15821.3682,4521.4929,108701.456,183497.6104,86035.0086,94141.1091,50436.8549,141542.0659,2700.7203,85592.9856,3752.8887,5067.2786,15438.9621,65783.8555,72995.7395,23906.9501,26360.4463,93085.9694,4434.322,10492.5799,1662.3713,2027.9454,48853.921,3658.7511,7788.111,5499.0404,9392.7848,5447.3596,5852.7053,15177.381,4184.6269,3064.2168,22177.0056,8300.1346,14826.4838,13922.3977,4275.263,3781.249,4223.3716,4355.567,5326.7758,536.08,6857.8836,2472.2406,4182.7768,432.5765,14594.1852,2022.7472,8848.2616,798.4324,16830.252,10775.0701,4555.0709,6551.5688,7559.2682,16753.1443,17259.3126,2955.8554,3917.3087,36558.7159,15756.908,15101.5598,4953.24,6070.5016,17419.1537,5856.667,12838.2748,1785.2017,3284.4867,6458.5847,747.3099,16010.164,2840.9715,2784.019,75632.0964,5460.7272,28477.3998,5367.4884,260722.6424,67307.4741,1326.1487,53971.6888,13289.4348,2840.4122,5639.2582,48001.5336,9699.7741,32813.2205,3364.758,82754.6179,25593.6051,29788.1012,734.914,61657.6286,41346.0876,429.4449,82363.4337,122586.6823,62590.5905,41011.0669,5526.5565,14044.8036,1421.2898
SMP_5EB108E45AF0B2C6935E,0,547366.6909,47425.8739,155108.1798,52923.8001,29679.0026,1083650.841,4602.9904,66010.5922,497331.92,9445.7691,3693.2435,3796.9987,3397.5186,29210.2053,2668.6515,15666.1028,22621.6462,17413.5659,7247.2892,99435.0412,13049.5731,93917.3565,11483.2403,214601.0268,108724.0668,37311.3282,42140.4046,9713.6593,5239.0085,1871.1788,659.3387,7051.7601,1085.3426,42316.2933,10067.3337,9271.9979,633.6092,1069678.986,100528.9979,16178.2534,578035.9224,131848.4123,10376.6859,14229.825,9098.0709,2859.7289,2082.4842,7735.8471,25316.5513,5115.1133,3737.6552,4381.7272,299.9571,20643.6491,8848.1226,4132.6099,3293.4244,1643.0621,375.2053,9712.6895,5197.7647,22729.0529,18260.2172,34292.0458,20800.4208,3782.9405,224201.3989,6098.9242,6406.1781,74418.4425,44578.1811,40053.7756,409.107,242.1544,5497.5299,345.048,4740.8717,5296.2134,3087.3045,3699.9494,26549.6621,42199.6851,8694.0251,9085.5943,6577.134,212754.2965,242411.9931,26475.479,5219.3865,9733.1715,15638.8602,4044.026,107777.6132,150200.2263,85655.4044,121703.7554,38786.3545,118382.2088,1694.3579,59578.7118,3875.4816,4016.9728,10081.1968,73400.1074,52641.9495,15778.5812,17174.7139,61897.4821,4768.661,6663.7063,3172.8485,488.0382,40099.4531,3659.8447,5570.0697,4303.8208,8608.8613,3665.793,5576.0794,9197.3931,1851.4644,1918.5538,17552.1026,6026.7272,9991.1729,11575.8797,2176.1492,3773.6768,2297.8383,2343.4204,2691.2863,230.7979,3429.08,4410.7266,8349.6944,1060.0908,20466.0405,2982.3999,15912.4791,1357.9605,18517.6852,16352.5168,2961.7907,3388.8168,3387.0497,8966.1011,8930.7089,3.0147,2296.403,17074.6844,7426.0166,9621.8481,1676.6465,2851.3211,8881.2472,3892.2924,17387.7863,3186.775,2009.374,5557.9491,575.8137,19861.5382,4959.7911,3504.6609,82271.456,5388.27,29191.1777,4826.92,236425.5807,60447.5252,1224.1257,47785.789,9247.5914,2108.9162,6126.2104,49542.5524,7446.865,38427.2406,3461.4664,78168.7067,30544.9614,25951.655,1351.7259,59842.0928,38314.8673,381.4278,71220.4612,108946.9814,51763.5664,39717.2737,6934.99,14888.3661,1626.0331
SMP_6670485B589141FB9078,0,563207.0435,43279.0525,150114.231,46548.7006,26367.2674,922203.6588,4716.127,68176.913,521565.6238,7407.6727,2532.6021,2896.248,3110.382,25179.7671,1921.5099,10892.1577,14975.6651,7961.0005,13544.0693,76574.068,10130.3187,62555.0852,23942.853,275237.9221,112832.316,32436.7654,26107.0552,8746.8937,4457.1118,2479.5118,611.0482,8333.2938,1419.3835,66157.2992,9062.6658,11181.2242,757.018,2058651.782,191709.6519,28361.3196,1856096.617,639797.2178,48869.3452,20009.4305,44272.0724,14552.2621,2773.4269,12465.8065,37198.7232,11426.7198,3887.8943,7700.5765,1407.7925,80539.2007,9802.8078,6329.5963,3737.2095,1688.5873,657.1564,10219.9626,2848.4107,17908.2168,11192.5729,26554.9753,19925.0797,1672.9457,192695.9175,4770.0501,6510.9393,63059.5033,37071.7274,50311.6907,517.9789,569.6739,5230.5502,838.5989,4678.7341,6861.1582,3010.6163,4705.6788,30383.5418,49048.3537,11824.9198,3776.6786,2963.6312,194605.8504,293996.6548,25572.8717,3287.7444,4303.0008,10651.1548,2231.5984,86479.6692,188355.0099,80908.0868,106411.1701,49839.3658,138946.7593,1424.8389,95513.9176,3170.7475,3138.6702,11519.3103,66947.3473,54174.274,17055.7335,24862.0126,87633.4365,6097.3481,9541.7344,2586.56,800.6435,54647.1879,4270.464,4678.8179,4610.1033,7807.1835,5753.5841,4202.7286,15991.2536,3512.9842,2115.2209,21478.2142,9188.2282,10508.9091,13775.091,2952.6859,5596.3418,2012.0618,2950.7114,2830.6346,742.0343,4391.2552,4520.4753,13585.9563,828.5517,31548.8334,3234.7674,22892.7021,1170.191,22523.9901,29818.3987,4314.9441,9476.9295,5751.325,21186.7086,24527.6145,6023.5832,5674.3808,39590.6703,14661.3194,23053.1266,3311.9437,6371.1499,22465.2197,7643.4549,25497.5406,1984.0417,1363.699,4026.1981,566.7058,19159.7813,2708.8265,2192.9976,73743.2823,4103.8641,22990.6674,4902.1586,254376.7028,61854.3884,1975.0019,36042.7606,6855.8995,1056.6055,2051.2581,43040.8112,5380.3727,25190.5007,669.127,72158.9102,30931.9208,23857.0484,1173.6666,46878.1908,21725.6698,1096.1043,94765.0856,125365.0687,56470.2283,50954.7353,3832.7498,9150.787,1888.0765
SMP_BCB004E7AFC4AB39EE18,0,578906.9048,41038.9699,136270.2388,43946.2154,25860.7393,961683.7504,4625.7733,74603.8758,516743.077,8483.8761,2135.14,2913.8343,5907.2194,25445.7205,2018.0047,13593.4552,17225.6839,9281.8038,7361.1292,78878.8573,9592.5062,75910.4249,13537.9808,224546.4595,158679.9159,34416.856,32020.5566,8442.9972,4294.8992,3107.8131,424.3894,6278.9435,1246.407,52540.323,10106.0309,12748.9782,732.8478,1903997.353,155747.6565,27791.5197,1861888.88,466749.4703,39598.5842,30431.6577,46682.7471,13184.7329,2995.6382,8737.4467,43556.7948,7535.3296,5556.9444,7877.5994,1110.1918,57555.122,10552.8903,6782.1422,3697.579,1549.0831,819.7546,16222.0786,5902.5674,28845.5399,14099.7529,30154.3505,31721.3291,566.2955,158366.6013,3127.4502,7680.2493,76636.2295,33539.7404,40569.7797,589.0932,4.3274,2405.1361,604.3694,4005.0637,4582.1828,3817.4136,5868.4089,22018.6713,16931.0234,6859.9261,4961.7433,4904.5736,160686.1464,262293.8393,19387.4073,2014.0353,6662.7937,15003.4425,3863.7666,71604.2108,182501.3679,80092.5032,79674.8533,47911.2514,143679.6225,1696.3606,66595.9526,3292.2968,5079.7687,11719.708,49204.8942,83059.112,18462.7502,24665.2225,95132.3209,4091.6928,10153.0046,2132.2023,1358.0046,59859.7206,5481.471,7152.5843,5293.9985,9498.5005,5060.0091,6851.2146,16230.7859,2069.1342,3063.4073,20531.1722,12141.9184,11383.4012,14431.5303,4455.1986,4373.4352,3238.4977,3767.5862,5478.633,648.165,6820.2531,1974.9629,4213.3957,516.542,12145.1818,1179.0203,8928.5454,1500.8948,16954.8585,15983.4831,3664.1123,6586.3792,5504.7042,17616.2722,18172.5195,2402.5545,2734.3217,36742.5111,17367.6883,18733.9648,3613.8464,5273.4714,21034.7261,9583.0415,13685.8143,583.0087,1562.8231,6331.6569,1119.5671,16090.5212,1954.7204,1913.6812,71705.9781,5021.3726,30003.6238,5867.558,269573.442,78890.4152,2580.8254,54243.3199,13719.3448,3650.6838,5805.3894,51657.3778,11456.5101,29775.8293,3983.0574,77372.1494,35384.2533,35582.44,1686.3888,61290.7191,32616.6186,413.3932,83634.9019,167727.5444,65380.079,65665.0769,6781.0778,24216.8198,2597.0027
SMP_A72B52BD76B7F7A47A1F,0,487054.7063,51233.8334,125940.1804,44473.3993,25192.5936,895928.9786,3933.0726,67778.6135,477184.1223,8707.651,3397.8437,3821.4651,5901.4611,34401.8161,2161.9931,19256.7007,18997.3667,11438.0695,15467.3311,92580.2617,11167.2013,73350.0248,24320.3636,236715.6924,112371.5491,28992.6482,40425.7834,11947.9343,6766.1815,1428.0956,371.5401,5917.9102,919.6761,60442.3527,6038.3585,12542.1239,804.0342,1499476.152,116106.461,21170.9056,1142844.092,203451.5897,19896.5429,22388.2193,20668.704,4832.6807,1284.5262,5540.615,19331.9701,7120.0109,4606.2813,7328.0546,229.2138,36771.9596,10826.2004,5345.6,3309.7726,1594.2956,765.8422,11149.8953,2134.5086,20487.8427,15559.4013,33460.1864,19642.0083,1754.921,143310.572,2759.7503,4814.0906,51012.7809,28820.5193,23506.3191,268.7591,382.6804,1614.3818,476.7654,3970.8299,3825.4589,2287.7043,3954.958,32023.0301,38609.2169,10001.3879,8611.4733,4657.6742,207188.7288,244712.6503,25987.2617,3175.7978,8557.5031,12626.9773,2908.6172,96924.446,167432.0789,63981.9432,84409.1139,28789.435,118164.3934,1179.1378,88212.4827,2208.8077,3717.1677,11180.1379,50627.1555,50219.7957,17392.4771,24317.6397,72552.7795,4090.21,9003.4659,1937.3432,903.3019,44846.4697,2681.9588,3737.297,4864.9252,8597.8799,3444.5256,5758.0745,11084.4703,1150.9241,677.2057,16811.6672,7670.142,9891.8092,9459.0585,2498.2947,4271.8445,3163.8418,2519.2041,2647.9849,318.5486,4382.3131,5010.8712,9060.7967,674.2035,23558.1206,1895.8143,12775.1952,1256.2181,19234.6109,23721.973,4328.3931,5892.5746,4534.168,13494.9596,12430.2245,3690.3038,2127.8839,21586.3485,9615.1106,16062.3789,2281.0831,4302.3579,14415.1251,5611.4854,12848.7274,1484.0324,970.9122,3088.3444,459.2625,17218.0901,3349.9883,3198.2261,78698.0725,3965.3552,26780.3309,7135.7993,263231.2641,52787.5808,3674.6894,51209.1566,8304.4188,1341.0687,4249.9853,48472.0283,6324.4229,31230.8061,2788.0681,82366.3587,31087.0395,24613.6816,873.9224,58922.2268,29066.8015,2090.1451,94509.8942,128293.5439,48580.5493,38304.9739,7337.2214,13376.137,2440.8639
SMP_1CCD604A532BC660C1EA,0,538204.2784,44998.4162,124091.4736,41819.7397,24359.8342,871000.9533,4222.858,70644.3096,483923.8663,10706.5078,3002.3255,2358.4885,1802.7173,27656.7195,2013.984,13783.7996,16880.7123,9504.0726,3779.2445,69598.2096,10843.6014,69853.8931,6810.463,194562.4221,115059.6384,29715.8718,32693.4512,7300.6647,3915.9283,2916.5624,463.3507,6870.998,1567.955,93916.8435,9056.5814,16164.6612,1232.6632,2232554.646,230954.4777,30603.7015,2092730.473,374270.3859,45308.9382,25705.3411,64036.3833,8737.4972,4602.5031,8545.04,30492.1238,20620.9926,4197.279,20717.5438,940.0875,85512.1485,8170.579,7788.1761,3298.6715,1532.415,414.3248,6389.6849,5157.2914,26142.5448,16736.0381,31481.7201,26340.8101,1406.6804,127389.0746,2506.1506,5088.1478,49130.3727,31084.0569,27004.0362,418.9566,437.8009,2734.5843,343.3558,2947.71,2818.8754,2049.4641,3609.8843,23646.8139,23343.8482,8189.984,7365.6285,4631.1752,184012.9969,232115.7319,23472.9459,3487.6391,9306.0165,14352.0633,2611.0218,87470.7162,154452.1361,63993.3798,79856.8934,26930.0368,121828.2087,1629.0324,136049.9132,2783.2455,4917.415,8364.3266,50181.4103,57447.6338,14790.4587,47274.1611,90442.3556,2794.5254,8097.3908,1629.2635,725.772,55159.2879,4029.403,5672.9987,4423.647,7380.8818,2543.9601,6507.6171,10655.618,914.9027,820.2405,16378.317,7543.6109,12128.9357,11079.4957,3063.01,4316.4352,2837.7421,3613.874,3476.0335,356.5233,5018.8869,2259.4513,4858.7565,1307.0599,11564.4473,1264.6715,7533.2543,1122.8436,12072.3066,16804.6705,2995.3404,3774.5756,4113.9663,11121.8383,10409.1842,3064.2874,2416.8229,27034.7193,7918.8933,15218.851,3325.2625,4554.017,19135.9443,6057.954,8402.5322,1550.1753,1294.0003,5119.5143,885.7742,19639.7724,2132.2266,1557.3459,70863.7529,3922.4777,24158.5096,4079.2037,241732.9371,57676.5796,1305.6967,51300.434,9215.3042,1790.2863,4738.7795,46920.8733,8352.0293,28811.2564,3211.5845,71731.7968,31628.9803,26661.1291,1301.7482,48596.496,34046.2978,223.7538,64832.682,130721.6293,52092.5807,45025.0054,4795.5769,15649.4211,2146.6651
SMP_59788BB3E88A27C9C689,0,532085.0763,44259.951,128884.0357,47173.2983,26261.0649,998045.063,4410.4778,71127.3594,565527.8295,8763.2171,3702.3433,2946.0359,4036.3748,28116.4303,2253.3861,17235.2465,23073.3168,13062.5809,13575.5407,89902.0187,13775.678,84139.4221,16832.247,218301.3133,113774.0335,32140.7695,49247.18,9979.9176,3467.1668,2205.2427,271.7642,5593.5045,1383.4027,60986.5308,9783.0866,11243.14,783.903,1570621.898,152403.0137,23933.4681,1250131.921,215949.6877,23321.2768,23919.8891,22722.0463,6994.2339,4079.8512,8149.4951,46498.8353,13864.0962,4076.8757,19719.2994,790.0479,65267.4538,7650.1065,5336.9488,3422.2974,1241.2455,704.5815,12002.6378,4322.5952,21336.0171,13984.5292,30076.6516,23848.9263,3000.8344,185752.3914,4403.1137,6453.3401,68662.5543,40812.6632,33464.6542,396.18,562.7724,3340.2001,974.4446,3958.9506,3593.6405,3162.568,4868.0732,28028.5742,41924.8494,11360.356,8711.0715,4703.9019,204586.8534,238837.6481,23015.5758,6431.9479,8949.3085,13831.0261,4629.0069,107763.4597,157357.6067,63707.983,98755.0496,35546.0248,136721.8044,1802.886,142052.366,3563.6002,4974.9498,10845.5767,61978.6451,69116.6203,22036.9843,50717.6503,97513.1446,5139.6202,10674.1637,2408.3385,743.6182,56518.767,4489.8126,4749.578,4825.421,8380.8329,2849.3794,6479.3785,12952.7581,690.7403,1009.0608,21495.1753,9772.9888,9934.4803,14125.0584,3497.0408,4445.1661,2614.067,3472.7514,3933.9382,298.9895,6261.4105,2592.8256,3680.9404,537.8157,11836.6186,1483.4682,9826.1447,665.9576,16546.5849,19311.7876,3882.1188,4139.5382,4658.574,10351.3234,12218.3292,5997.7531,2328.6353,25955.9928,11221.5986,17339.5586,4089.2998,4760.9853,17274.7703,7103.2943,12575.8904,1059.5484,2200.5648,4567.4585,1253.0939,21910.0376,3941.5839,3955.6286,87335.2475,5537.7984,26227.3425,5174.4392,258987.8241,63067.1996,2591.7281,45999.553,10462.5055,2156.2056,4467.3012,51966.3832,7182.3535,35152.394,3279.5469,78392.8139,35290.4341,25325.3,1056.3086,60444.2299,35447.7241,710.8714,81362.8938,130883.6665,57349.1604,44232.2282,7165.4402,19600.4768,1727.581
SMP_A63F2DD648E3467E705C,0,505846.3529,45974.672,131440.7543,45729.224,27645.601,930923.5539,4228.134,88519.7293,599415.3142,7858.648,3521.4409,3451.0194,4812.2298,27310.8723,2929.8236,13659.0174,16543.2236,11506.2707,4448.5734,78554.2302,8974.0259,73657.2105,8349.5186,193504.4441,92760.6867,44290.4079,24669.4215,6393.062,3184.6722,2008.7168,288.1215,5830.5916,1617.6316,45908.2437,4854.8821,10078.8497,582.0501,1400165.411,83516.0256,21466.9854,1001415.476,328526.5406,29549.0544,23219.8223,36409.2052,7229.5167,1423.5363,7751.9708,37366.9222,15645.3787,4950.5725,9416.4515,542.5278,71161.8676,9258.5716,7658.5383,3167.8041,1082.3037,273.9807,11699.8603,4444.5061,23347.4229,14152.371,28100.191,18588.7366,1728.7821,188136.0937,3335.9949,9190.4207,105297.4265,37743.7296,51374.786,1217.4826,382.3786,2480.9526,1061.3859,4109.7376,4203.4913,2264.5698,6109.8149,25265.7506,12754.9844,9732.0202,4128.0913,6307.9968,162708.185,269524.3837,24436.6698,3216.4201,7675.0147,16486.7315,3026.7729,77186.5023,195366.7013,83364.6494,84818.3301,71430.9979,120748.1764,3836.6988,123071.6643,4335.6421,4892.7161,12081.9994,47993.3704,69585.1839,23292.0767,42525.8963,109394.0924,3763.733,11923.9415,2316.0009,1751.1647,71565.9871,7817.6978,8377.4726,5247.5979,9308.8225,5379.1223,7044.7704,19850.2661,1650.5677,2577.4865,15440.4342,8499.6467,10401.5004,11883.2495,4020.9589,4645.7689,2848.3692,3308.9572,3860.2576,194.083,5530.1754,2444.3806,5787.1557,625.7167,16977.4293,2489.5756,11269.6394,1570.4446,17482.3471,28230.5066,3721.7972,6549.1969,5094.2182,14537.3455,13057.7328,6484.5123,1755.0293,24428.2665,12675.7689,23574.8653,3147.7224,5797.5263,27570.4669,11886.0634,17517.0198,2323.2315,1970.0647,4509.0455,1329.7963,26256.5135,3259.0697,3218.9311,70690.8879,5605.861,25385.5656,7401.9749,253915.3268,69751.6865,1507.1888,35354.435,9336.5579,3370.4902,4630.9991,48610.5443,9118.9702,34125.2927,3910.7336,79336.9376,28058.5988,36486.0422,2249.4117,67166.9991,42131.8566,814.3387,82463.4104,124676.3909,73357.2329,51537.8557,5072.4099,11802.7046,2793.6755
SMP_B5732F6DA7701A2A7F3E,0,523216.4439,47723.136,132941.5755,45179.2437,26470.0927,959895.3304,4090.5925,61197.8083,567448.093,8182.5741,2733.3441,3520.913,3382.655,35337.1889,1925.6308,18990.4556,22005.1411,14140.961,11988.4135,107897.7575,10396.7864,97353.4252,16785.2955,275544.0989,118983.8353,38430.5411,61174.4442,11337.1925,5204.2556,1413.1234,297.9083,6386.6976,1101.1803,50342.5285,7003.7589,12158.5643,1137.3339,1558726.26,118709.8608,21422.3053,944121.0006,171825.7429,17885.354,27279.7016,21578.4009,5442.3949,2036.2576,4364.9537,24939.6436,6534.4404,5119.1834,13662.3226,530.635,38168.6016,10603.859,5677.2296,3441.5066,1210.9932,176.856,19526.2322,6214.5605,38441.4808,20781.7116,40578.8415,24480.6942,1385.4631,150360.7911,2929.8187,7223.6744,80537.9357,41916.0449,35812.0941,171.8174,246.5547,1982.9856,717.5296,3287.9847,4217.4171,1931.5989,2461.2087,24619.0176,28521.6508,9736.0106,8109.2507,5267.3504,205347.2583,257422.1886,34831.5397,2884.9566,11390.9337,18369.4785,2558.411,122166.8366,195264.6697,90177.4458,74714.2693,59532.9789,97355.9624,3888.1709,68236.7529,3547.1346,4144.0824,16280.5387,45689.7959,49266.1318,19682.5829,22110.054,72877.3832,4092.5118,10999.0373,1387.2904,655.3419,45812.1275,6073.3623,5952.9623,5550.3077,12077.253,9445.5131,8174.4473,21636.7092,5646.9393,3880.9754,24053.9753,11222.4848,13406.2488,13209.9803,4865.081,5625.1111,3720.7008,3519.7665,3937.367,3.7815,4618.3793,2891.0863,2710.3513,1193.105,15811.6163,1916.2939,5451.5329,1454.3061,10283.5941,7281.8815,5298.9605,10618.8178,11176.608,26062.071,20309.228,4949.5284,4764.0561,47968.7429,20445.362,19121.6316,2604.1103,8226.3657,25127.0695,8760.9435,12387.2657,2113.8995,1946.3509,5172.1995,722.3095,17898.6786,3522.3207,3732.4641,81395.8541,4408.0846,29364.8679,9109.67,278623.9177,57390.2588,2324.2585,54225.6277,9865.5515,1691.7881,3514.0877,53957.1972,7500.1505,36826.5777,4189.3847,93285.8041,28890.7647,29276.5708,1341.7867,62967.7601,36035.8766,614.6228,92153.2957,124530.5229,59906.9973,32895.0919,7896.6898,18341.8121,2608.0767
SMP_281EC469AFE04CCBA875,0,526520.7857,44310.5654,126763.84,45829.6286,24472.7509,913957.2914,4425.6758,73399.5775,521936.2741,8659.5052,3211.1286,3422.8765,2574.0803,27809.5162,2332.9648,15027.104,17423.1469,11891.4721,5535.807,88985.9649,10575.1508,89501.0879,11638.8302,250077.486,112858.2082,42093.4504,44200.1519,11098.6508,2522.6343,435.8017,735.7539,6804.6286,977.8566,59071.6466,6701.1711,12238.0306,841.6578,1829033.611,153893.9883,30510.6343,1853843.109,441918.1102,37731.4065,20843.6188,41431.1906,11414.0025,3473.8878,10304.7254,43946.4271,11890.5417,4548.1956,6768.5609,1190.475,78395.7289,8782.4092,7509.7439,3105.2207,1253.8433,365.7211,15027.6044,4924.4546,22623.5309,14586.5537,27055.9209,20626.3376,2235.1356,199191.2723,4020.4661,6727.5433,75815.7392,32543.1411,31107.2831,227.9727,331.6842,3190.2742,507.7928,3501.9531,3116.9832,3290.7485,3749.1668,27785.4635,29877.7055,10761.6215,5821.1666,4646.5272,197440.6064,259743.8372,30120.9354,7601.9412,7824.4931,12911.0625,4927.2744,88803.3657,162839.4372,63508.861,95400.5293,32233.5297,172808.3706,1761.9165,95524.1013,2545.8503,6863.7256,9758.8604,61699.0679,86323.9204,20422.0424,28921.2134,112803.4473,5463.8217,9722.7184,1862.7504,1290.6933,58279.563,2865.4406,6847.5162,5606.8792,8343.0867,5879.9154,6388.353,17289.0303,1941.4434,2405.7369,27424.4608,15088.8525,14446.5262,16597.0856,6158.8396,5325.5622,4010.1018,3577.76,4988.6392,292.7228,7587.7374,1136.8497,4202.6703,886.8633,9588.077,1051.5485,11397.9649,1188.6502,15216.3631,14914.0021,3379.005,6052.1256,5226.0688,14532.5809,22803.7422,3585.9924,3520.6974,46328.2484,17798.615,23848.6988,4554.8823,5006.5882,24130.595,8223.6288,16653.22,604.2635,2909.3014,5227.3348,1616.1395,22656.6208,3865.6426,2983.532,89682.6587,4918.2964,29546.1449,5474.684,276619.8466,73244.0111,3201.396,56964.2962,15166.1074,2525.8059,6098.9614,55392.9381,10226.0801,39457.2083,3421.7596,91975.3706,34644.0661,34282.9776,1461.0653,68543.6919,40672.7851,996.4067,106478.9888,146833.1773,75808.5214,58175.5274,9132.9687,20351.6839,2932.3116
SMP_32F14247E156419EAD01,0,518739.7399,48600.4718,123943.4469,44104.0039,26064.3545,1004513.595,4634.8385,64575.2372,520276.5526,7275.2432,2894.0318,2875.7931,1764.0317,30056.9447,2049.1087,14457.8966,17264.4664,9783.3856,5740.5633,84331.0782,7812.9486,79989.9046,14554.0131,252817.7328,125113.3078,31856.3532,45638.7201,9581.4886,4178.8439,778.3662,461.4725,4012.9732,741.0926,31634.8578,3115.4564,8212.7573,673.9741,1452932.494,71550.2653,22571.6584,1078011.096,294229.583,20952.0423,22059.2798,25699.9539,7660.9814,1426.6578,4752.0943,18050.2292,4445.3033,4174.7046,10356.5968,632.5493,27595.5861,10339.2055,7599.4046,3178.5489,1245.4491,322.6057,12967.3816,7130.3682,40928.7928,24988.9515,50526.2673,35141.6381,298.1056,180930.693,3353.2887,6631.3784,76432.9505,32887.4708,46976.6561,340.59,273.5277,2500.1998,595.6394,3067.9747,5209.2851,2795.6889,2688.9866,23661.9455,21181.467,7266.0144,5292.1302,5638.7794,173900.0764,270723.4378,27217.463,2315.0792,7809.5165,17569.6773,2732.5978,72330.1878,179731.8818,88395.0059,81018.8606,58495.8527,120284.4796,2932.9961,51393.6108,3146.937,4534.7942,9145.0803,43262.3212,51340.9575,17419.6143,15015.7983,72742.5752,3044.203,7391.6306,1128.8031,770.7807,38138.8372,4253.1866,4726.2299,4157.0695,8527.4803,7878.9954,5563.4038,23013.4822,4731.0891,3399.1007,15150.5611,9645.5425,9712.1024,10105.4355,4368.7481,2784.191,1799.4218,2479.5387,2003.3618,211.3782,2467.2016,2260.0992,5693.6656,648.6738,15521.906,2033.4829,8743.802,855.2014,12101.3028,8947.88,3662.8401,9791.5598,5842.0114,22070.5892,16332.4294,3066.6832,2958.3366,30669.3638,13813.7405,15515.7721,2421.4556,5715.3812,18736.2967,7542.8007,14346.6992,3005.079,1801.1531,4096.2044,1098.3817,12274.0727,1824.0752,2091.1729,62874.095,3360.6578,21885.2623,8664.6189,269338.1018,58307.4908,2585.1778,56114.5005,9937.9993,2632.3666,4446.1567,50752.7347,7459.664,31673.9254,2901.7422,84173.2484,28849.928,31146.1932,1282.561,68640.9681,34843.6449,1566.892,102581.2949,142629.7141,65204.2061,49822.4118,8352.2456,18371.9601,2573.9921
SMP_A5B74F1C15053CED5CF3,0,523861.6733,48092.7951,132523.1385,46418.2066,29228.5472,970627.2865,4081.677,64087.6309,606067.1536,7833.3784,3621.3461,3182.207,3828.2891,32853.0705,2124.7435,15973.5189,25037.9952,13969.6889,9312.3452,129107.0236,11794.5417,84519.1637,15686.3666,264473.1032,109082.6413,51131.0683,37949.526,9119.0857,3430.0143,854.3405,355.842,5430.1046,1214.2615,27601.4057,2687.8267,7522.8182,535.6504,1179060.026,44410.3605,18411.263,645738.5118,326981.4891,23619.6011,20372.6096,14513.9709,7586.3722,1142.5581,6994.2148,18652.5224,3820.9735,4053.3304,7105.7989,242.3422,29329.2171,8589.3927,4251.0221,2706.3373,1235.927,148.3463,11257.2612,3440.1339,24574.8929,10880.4391,23602.2249,12125.9574,1542.609,164292.9632,2999.381,7371.3908,78452.8131,27515.4494,42902.7638,683.2679,201.4956,2794.5727,572.3162,3044.3175,6760.7581,2494.7917,2767.2358,20735.8737,24197.0087,11190.8329,3653.3587,4932.4293,179547.8841,289694.2347,30071.9962,2932.0139,5409.079,15158.4693,1901.8017,88965.1014,208338.5714,83080.1841,100013.8491,54051.1454,102177.2332,2936.9311,38480.0823,3688.5459,2845.2532,14955.8691,60572.965,51643.6189,16237.7296,14367.921,60038.6275,5774.4397,9857.024,1698.9117,1478.2612,39334.4626,3071.1284,6539.6806,4423.6735,9770.3492,13329.9247,4502.8901,18374.2547,6088.9434,5913.7294,23257.7677,6348.0124,11635.7048,13705.0175,2279.4118,3623.6361,2914.843,2974.1616,3608.4035,721.2375,4052.2394,3556.0226,10412.984,391.3764,32082.5417,3395.4879,11217.2869,1665.5094,18345.6855,13707.1862,3289.2814,8178.1787,4319.7317,17791.796,14965.263,1942.0488,2663.1625,23714.3731,13529.5812,15776.0067,2557.1988,4737.3306,14645.1249,7022.9418,17576.9262,2345.3152,1926.3347,5623.3408,1010.2352,10495.4895,2392.5799,2486.2294,62268.2082,4157.051,23331.7638,5421.0534,247592.8377,58079.7919,960.9107,43437.9768,10702.6171,3295.2293,3308.2287,48672.0713,9065.9457,33588.0457,3036.8492,95931.7419,22280.9814,45557.7038,1915.3321,58373.7086,32639.9469,1598.4596,92950.8332,101957.3089,68629.0408,35768.3083,6960.5731,11211.7447,2116.7749
SMP_D4566701AF5E336287C1,0,533249.6532,45029.5793,136133.2503,48376.5201,27974.1433,1041749.6,3873.7433,78365.9906,633419.747,7322.6164,3318.1808,3556.8369,2515.8047,28396.2771,2987.7604,15898.2957,23112.318,15043.0291,9774.1264,117315.7744,12828.28,91866.9926,16783.6088,275460.6712,142273.9892,53683.6648,42295.869,11434.1722,2670.2503,689.6407,241.0385,6108.5611,1139.8028,28994.0292,3072.2364,6534.1171,588.1703,1242860.401,52420.9146,17973.3742,592887.9437,348286.9577,31665.651,21573.7965,14124.0879,6872.8927,1672.9356,7731.6374,36112.3238,8623.4362,5067.6578,4835.8968,662.9853,51280.6839,8479.0617,5961.6674,3146.8451,921.2866,138.8672,15018.3382,3702.1376,25076.1702,13031.4195,30191.7495,17296.8757,2456.0287,177640.7125,3865.4333,7369.8905,83293.4185,28926.5772,51439.4649,263.0613,2.7129,2936.9427,805.8751,3294.9854,4761.4873,3570.1909,4296.3074,23176.7172,14169.7047,15465.7978,2623.2034,6382.0423,144531.4011,279957.2459,30609.6479,8353.1519,6020.4582,15626.6669,4107.0256,66998.2388,189106.7223,88315.1796,104256.114,58168.1731,166593.2044,4560.7958,118316.1859,3289.2863,5794.9665,11260.4486,56518.9985,102640.8223,21922.7357,37720.0362,93824.1312,4377.4422,9274.8668,1895.0197,2170.166,54416.087,8096.465,7008.6096,4450.5586,6984.1269,7545.5381,3711.8264,16633.8096,3724.8404,4433.1643,21711.9749,9580.7885,13181.0607,14936.0507,4126.5187,3092.2519,3952.5814,3156.9044,4515.0596,644.0717,5221.2614,2083.8487,6153.6099,494.7618,23556.1207,3236.6887,12505.6624,1170.2845,27325.0325,20857.6626,2720.1186,6660.999,4281.8064,17816.5229,17614.5526,3785.3243,2281.0835,35561.6796,16978.8175,15667.7121,4230.5671,4103.8585,14743.502,7487.5921,12876.1973,1734.6408,1793.8711,5803.1255,845.8139,13029.0377,2995.9122,2727.9473,68428.0807,5063.2256,20964.5416,5177.0781,255443.2307,73579.1755,2089.5738,45480.6557,12681.127,4284.3197,3856.375,52833.4181,10852.6695,35275.6873,3658.9806,95480.8434,29969.6587,41317.5772,2017.6621,67335.6737,39270.0963,2890.4533,104343.7505,135088.284,84458.0355,54694.8145,7677.8693,17776.2017,2654.2658
SMP_0715F7A26DD3C71A72AF,0,557979.5806,49335.4832,133528.3921,45280.1052,26694.0737,937044.7005,4580.6501,71396.0008,538245.3334,8953.6473,4242.0202,3874.3203,1868.0047,25738.0322,2143.6922,13750.2197,16612.9123,14414.5454,8517.1974,80210.4522,9321.111,82672.1744,14803.8962,238981.9261,70350.7632,34399.3706,42256.0903,12237.6094,5407.1964,408.5111,449.6214,6528.9644,1001.8879,48355.0944,7388.7104,9335.8577,809.4165,1355418.338,98625.4602,19912.8751,1017389.007,150085.3063,10915.61,19697.5387,20974.1031,4757.5371,3309.3992,6015.6226,28094.1017,5932.678,3536.0804,12460.9252,478.1695,26669.3042,8869.6062,4685.0101,3035.1615,1376.6072,361.0159,9555.1274,4166.1117,19243.1344,18042.0343,32457.154,14868.1714,2041.3628,125305.0131,2883.9542,4649.2522,51963.8481,32996.0176,28165.5919,349.982,305.2866,3012.345,386.4633,2793.8391,3126.2621,2759.903,3588.0191,26752.472,26784.7938,8299.4411,8789.3852,6530.2463,192434.5,241961.7225,20381.6059,4674.8688,8943.2901,14878.2521,4706.7844,104723.7358,166311.7274,75936.134,91525.1148,29468.14,148674.3234,1078.5371,83029.4299,2946.5729,6128.8049,11825.8263,55864.3076,70834.5417,17550.5045,28264.4747,73925.9693,5753.2534,8909.9138,3724.6674,1592.033,43839.0968,3124.1444,5228.2622,4990.0004,7846.1,5163.5469,5016.9429,10949.0235,1806.8926,2026.9454,23297.384,10324.5903,14105.0434,12101.0762,3401.951,3464.673,4621.2608,3265.0196,4292.3409,199.4949,6631.6649,3303.5566,4336.3489,2031.2297,10924.1165,644.7583,10532.4432,1438.9479,17169.419,13436.5804,3479.4273,5992.6917,6857.799,13339.4071,16448.2406,3282.7058,3047.1454,30852.5955,14767.376,14484.5013,2267.7619,5210.6904,13320.2379,4715.9471,8063.0388,1759.2982,2026.7436,4881.8367,705.1023,11203.8106,3677.8785,3699.9031,83715.7942,3576.2141,25247.8932,5038.1766,255217.0391,47134.5135,1553.9775,41700.8452,7033.3378,1412.3102,4287.9641,47197.021,6148.6809,44233.681,2993.6833,83242.3127,27368.7045,25287.728,866.8064,73662.1862,43359.3907,1014.7769,101701.4247,101713.3324,64658.7411,32134.0651,8895.3164,12155.7262,1828.8843
SMP_F5BB58BC1DAB8F819A19,0,546939.86,48296.0664,134280.9956,45301.8139,26965.8084,1003210.061,4373.9338,71414.4074,518524.7175,9653.3811,1789.1487,2307.6623,2478.8328,19506.9242,1488.148,9894.3348,11137.9919,5419.6928,2664.1867,54525.2945,8475.2202,52349.7147,7016.3205,176635.2188,148683.3393,28061.8781,21544.1478,8025.0037,4398.0739,1581.7806,436.5535,4362.7308,1711.7477,31509.8224,3647.7863,5888.7061,764.5469,1293142.152,61134.6899,16797.5342,592281.909,141528.2607,18498.6356,19082.7577,29663.1138,6998.3246,1782.9114,6336.6939,31280.3981,29607.4034,3537.6535,9362.4504,791.4353,174915.394,8442.303,10233.3915,3528.8873,1499.4479,412.4401,8571.7316,2179.6234,17344.7314,11208.1679,27137.6444,30613.5081,1953.688,227097.6846,5102.4454,8666.5636,102406.2088,53654.4563,37743.0313,1843.0379,394.1272,2766.1184,1902.8029,4913.3921,2279.1806,2637.3675,5948.0244,26459.4936,28953.1887,5340.795,4956.5544,1943.0542,207634.387,196900.9879,20541.9184,4638.8081,8730.9692,9555.4804,2379.5382,108301.3387,163316.6165,50053.3552,54361.144,22953.9176,145640.1014,1006.9691,199890.585,2455.9114,4975.4547,11995.5793,45966.9809,73343.3222,29554.4113,87213.1627,136730.0185,3870.3834,16450.3405,3406.5467,1485.1479,92963.7046,5414.0198,8621.7274,5324.301,8280.3664,2420.5333,7895.6473,14663.0501,625.8593,820.2107,18471.3436,8444.7459,9143.2199,11361.1914,3970.3099,6191.6174,2449.0918,3163.5038,2847.6062,335.7541,4862.3153,2714.6397,2487.8262,705.504,7155.1814,875.9708,6016.868,837.0502,11930.8922,25638.5877,4468.3418,3263.707,4642.196,8018.2681,15654.037,10974.6983,1765.5032,31300.432,13531.1838,28744.4123,2796.173,5353.3324,31518.0273,13731.2808,8459.525,553.717,1285.6546,5544.2809,899.3391,33618.8192,2041.3389,2592.0032,54274.2599,3401.0623,19152.9738,5032.7959,259904.3174,56734.1037,2055.2969,34424.7069,9184.159,953.1959,3772.4991,40192.3258,6991.3274,20459.6634,2109.3077,53517.9604,33380.1891,19162.2015,1487.9477,43762.4782,27729.9631,481.5839,70262.8078,168596.8427,55200.5492,56694.5152,3707.6631,15085.5065,4682.1074
SMP_86A1D3E3396010B033D8,0,545768.7372,49363.3224,134634.3662,44582.4361,29213.9688,993037.6259,4711.1075,71609.1225,564797.6236,7781.0448,4569.7748,4411.9447,4456.4746,33370.6516,1978.8064,16028.0207,27450.7912,21132.6938,9029.8852,114376.3001,16784.717,102446.1808,16214.3623,255781.2451,117615.0831,37646.539,51489.9924,10069.048,4976.4685,1140.9649,211.6015,5590.4257,441.3153,33430.9428,4044.0784,7714.6339,762.0142,1289602.119,48712.6194,18638.832,576381.3059,213738.4697,16116.4369,23287.1701,11271.9467,4520.7941,1147.6319,4962.1634,22146.9989,3760.6278,4119.8489,10133.859,146.0359,18030.5714,8835.888,5341.2009,3292.9456,1198.7364,232.2791,13105.0797,4609.8954,25148.997,16253.2242,26991.5021,18346.7345,2367.754,151082.5859,2399.4548,6058.3034,63014.1432,30634.7919,40201.3212,270.4029,308.5248,3999.3467,336.3536,2138.3044,4028.8329,3036.8568,2788.5348,26077.6387,15933.4095,10022.8065,5290.1094,6377.5693,163502.5854,268210.4142,25049.4355,4200.3795,7195.473,16957.3239,3869.7102,82968.5869,182455.1621,83485.977,102528.4427,50779.3528,137377.8419,2557.6436,74449.5516,4157.8455,4515.5674,8370.6182,60085.0503,70192.4821,19269.848,21816.0276,61323.4981,5151.1619,8155.7547,2440.0919,1233.9192,33782.7214,3576.8939,5654.1764,4940.7251,8458.0316,5562.7689,5025.0185,19456.5691,4490.6589,2585.4385,20067.1928,9819.7842,12872.9883,12390.933,4356.0974,3216.3633,3166.8805,3679.5292,4172.5747,421.7177,5171.2421,1979.5043,5088.3932,1103.256,14383.2891,1835.017,9441.122,1250.5301,18101.1356,10710.2446,3774.8189,5291.6692,4649.5512,15421.4323,15013.7103,1646.782,3870.2354,32579.0535,10422.6036,11171.1243,2908.6729,5427.3504,13304.1644,4946.2436,13616.8968,1340.7432,1766.0222,3214.0291,440.1609,9555.4306,4655.7822,3611.8859,94000.4727,3953.1433,34992.6974,6421.6818,254068.1255,49434.3276,2220.7896,51938.1145,8431.3797,2508.6991,5284.4372,53255.7723,7171.869,40483.7853,3593.5676,86666.6256,34272.0975,27938.134,1748.3705,62797.8226,34017.0043,777.6764,89538.5857,110889.5547,58152.1284,34103.6221,6359.4455,14794.783,1793.7254
SMP_C1CBC5EC856EDCA0C705,0,519473.6551,42964.7789,136958.3531,48689.8369,26403.8992,921232.1984,3620.5815,71777.6243,516249.3553,8229.8162,2304.4359,2697.4578,4630.3804,31657.3621,1733.9177,19287.8046,19206.5769,8882.0067,6446.4419,79020.804,13590.3916,68942.1155,10565.9225,219582.6789,226242.3871,25259.405,22207.6125,8142.9059,8522.6313,1256.4008,570.4806,5958.5747,1693.798,47303.2944,6959.6227,9504.6271,773.4762,1904184.034,141233.2632,21996.2121,1539477.027,320803.1222,35682.3272,25297.3128,35752.6945,11493.0281,2503.752,8292.6381,40522.3382,8805.0624,4599.5672,9106.7701,727.1753,56978.2359,8866.287,9404.0201,3571.2416,1428.2934,610.6693,10706.742,2587.416,14755.0038,9033.4943,20157.0793,25849.5972,1645.7472,160749.01,4398.052,5762.3383,61404.8028,40074.7071,47182.6267,453.4278,285.207,2874.1641,988.1032,3578.5662,5976.866,3534.7801,3354.9752,24396.5644,30221.5649,9631.8162,6608.3409,4330.4315,185438.2333,259051.0351,31002.0668,3799.2059,8612.5938,13021.53,2800.4521,99619.3994,174183.5884,72116.9116,72466.3254,45264.5254,132652.2254,1957.8183,91221.5075,1868.2781,3786.586,14411.3333,41468.7951,65384.3742,19164.9107,24333.0078,73360.0986,4575.6658,9961.5371,1707.9198,552.3335,40522.3317,3653.4999,4864.4155,5424.8794,10314.737,13504.3631,6304.8928,23771.9371,6018.1202,4586.1917,29433.9727,16460.932,11002.3689,16827.9812,6587.1489,5911.4527,2858.5582,2896.5039,3829.3738,3.2911,6936.5937,2695.0935,6405.7482,1514.5921,16886.2407,1841.1898,12576.1332,1182.938,15543.2091,13997.8911,5855.5481,13096.0869,11915.2067,28508.2315,30565.4772,6810.8186,5264.8546,64295.0917,32083.7475,20336.4672,4865.4638,8518.6026,29747.4351,11439.6996,11208.0066,689.5775,1299.0224,2981.6579,718.9345,15524.0159,1542.882,1967.4035,49356.8409,2360.9363,20556.0706,7073.6776,276356.5263,48746.0148,1981.1251,46856.0783,8184.7094,1495.0631,2659.284,43755.6795,6617.2648,19632.0174,799.3232,65438.6926,34876.018,17535.9672,1249.9035,48089.5586,20325.637,277.4918,78877.66,186586.5947,42299.3823,55143.7606,3224.8027,17172.987,4307.784
SMP_1289B8A84505AB8758FA,0,511513.2808,48222.8661,136942.2013,45268.9384,24690.0365,928918.8433,3968.725,73635.2171,520506.0685,8460.369,3275.2612,3827.0337,3206.6985,36722.4221,3074.1785,19511.8834,19901.117,12945.1524,7111.6274,94949.7841,11345.4605,87940.5437,14142.7379,231396.3377,123704.2026,43707.1596,41793.3959,9054.7489,4251.0644,2149.0307,1177.0872,6738.7959,837.2993,45112.3398,4191.9111,10938.4831,662.619,1672608.208,84981.3307,25942.3633,1438384.075,334725.6233,30618.9553,24744.5078,34653.9588,7078.6744,1887.1432,6560.2275,37702.3437,6729.9166,4489.3704,6933.8637,563.6632,35155.1931,9205.0419,7380.1317,2807.0411,1363.7778,2955.9177,14944.6043,4905.2198,28148.7126,18088.9694,34992.9285,26316.5117,1148.1764,179985.7971,2670.6874,7597.1893,86591.3633,43073.9421,54142.1972,661.1165,161.4749,3555.2903,1014.9211,2991.2571,5140.2326,3313.0892,4819.0605,26089.9315,19652.1599,6303.6664,6658.7902,5905.518,191057.0043,270935.4028,28026.6772,1774.823,9338.8744,17376.9413,3861.1681,92662.7636,187797.0139,77979.3714,80788.8965,42166.0075,143250.4279,1956.3535,74103.9377,2998.3274,5097.563,8514.7732,46511.743,71873.3895,21075.8054,22106.5297,96844.8277,4725.6822,9914.6934,2108.5944,1020.2204,51803.9811,4079.0343,5698.3667,6172.5957,12406.0379,5680.685,8390.1984,20295.8733,4089.0431,2827.8808,21487.0066,11178.8741,15860.3579,13318.8351,4455.6451,4450.2144,4858.3617,5023.9929,5532.1123,822.8869,8083.6796,1159.0204,3035.0873,145.2208,6696.1859,1081.5851,6901.4392,1487.4386,9398.6652,7243.591,2665.6066,5026.3198,3406.1026,14045.4646,12029.5259,1154.4637,2148.8926,25043.1263,11109.6038,14666.9328,3524.2521,4866.3019,15529.6962,5993.9635,8764.9671,637.6569,2551.8508,5994.7722,1130.2686,12751.146,3338.4602,2699.8875,86662.4264,5830.626,33496.7312,6809.3304,285167.6051,87473.4384,2388.3102,61520.6661,16977.6573,3727.1454,6840.6919,54881.5735,10596.325,38131.7348,4386.422,82931.2936,33546.9029,37350.9246,1393.427,65354.7484,46255.8992,778.0248,91598.3789,132156.4167,75193.2286,57122.5456,7640.9201,17833.6457,2235.7017
SMP_0F2EFE97E2BCF9749E75,0,530775.9846,50778.226,127418.6646,48137.0563,28875.4643,1001476.497,4430.5136,72338.954,579466.8514,8181.8078,5208.3803,4262.2782,3127.3183,34981.2486,2293.0682,13917.3973,21197.8543,15626.1621,6699.1206,90927.0522,16927.1325,88269.6798,11583.9122,225430.7874,140045.1408,33999.2063,35943.4372,8408.8433,6848.3281,322.7604,681.6478,6411.1407,1408.7878,34056.9306,2920.608,6982.468,373.7273,1141528.489,57182.2945,19151.5077,822532.4737,231191.2795,23724.6441,16811.2886,19704.6453,4628.8418,1985.4822,5583.5426,20706.2274,4940.3176,4064.8607,7963.7096,360.7828,32415.0651,8366.0832,8224.4105,2601.6463,1319.788,264.7979,11948.3919,4426.7928,21255.0026,14972.9445,22764.1259,24852.7421,1867.8016,157461.8209,2826.4096,6267.7976,66838.5029,34454.7366,51633.0837,371.5253,323.8188,3551.1182,766.7582,3403.6925,5453.4703,3441.8634,3515.7095,20638.5161,15683.697,10289.5418,4971.6679,5109.6843,167444.4112,264029.4636,21238.034,4052.1578,7669.2075,15395.9468,2737.9333,87102.3695,177674.2616,83771.2191,82643.7379,57550.8468,130223.3559,2753.2367,86114.6939,3411.3933,4861.3164,9056.1613,56318.5946,68145.9702,18007.1973,28177.3528,78005.5685,3375.4001,8806.888,1722.4224,935.2447,48145.1532,3669.6077,5972.8974,5638.6524,9392.9881,8837.2912,5771.7305,15576.4887,4677.957,4128.6635,24030.8022,10297.7015,13291.6878,16644.726,4294.4768,6104.807,3149.8433,4426.0309,5228.5219,667.5357,7772.3449,2334.8176,5096.8817,965.912,14550.111,2179.2883,10608.0861,1329.3678,18836.2638,13840.9201,3208.8577,6791.6748,5901.874,19801.8745,17515.4892,4514.8783,4895.9414,40781.272,18171.5934,18435.4823,3675.4506,6242.0132,22918.8806,8533.1715,8062.3744,957.743,1758.776,6233.0783,777.4322,12924.618,4203.2358,3485.01,98315.8235,4811.3801,36534.7331,7120.9729,272826.0362,61925.6799,2070.8336,45893.7694,8546.5709,2067.7335,4688.3557,47544.7931,7455.0683,34183.6171,2836.4011,74625.0703,43901.4168,25585.4434,2008.7074,53831.3022,29798.7505,324.4167,66457.4611,139035.7195,53563.6508,47487.8904,5058.3962,17765.7769,2591.3557
SMP_BE2FEC6DAF6B3526B144,0,534963.2723,42553.9077,136907.7624,44244.3498,26779.4572,1003746.539,3884.3714,75271.1325,522199.2061,8594.9792,3000.6436,3526.5217,2494.4711,26826.0921,2173.1831,15316.5834,22758.1734,15573.233,6580.2481,101899.8317,12500.2037,103866.6716,11134.5768,254086.3288,113768.1747,45861.6253,42848.9997,8776.8612,4114.125,725.0719,338.9344,7991.918,1054.4466,46714.6512,5400.5027,9891.1826,698.8178,1366166.48,58125.2671,22986.8428,953802.734,253296.2239,27453.1994,20362.1293,21074.6886,7578.1007,2065.3913,7525.4489,22914.6883,9511.8123,4012.5996,6912.8303,488.2263,58931.8347,7988.7655,4895.8279,2973.9779,1568.4306,111.4404,9117.9581,4542.9065,23515.3329,14866.5395,27122.625,19583.9046,2479.9009,175984.2052,3734.1253,5923.4828,77250.4177,36768.2645,44606.936,294.0225,220.5926,3521.2224,1046.0012,3660.1335,4764.558,2474.3861,4801.7764,26034.0001,28031.0592,12301.9775,7347.9486,7658.2386,193445.1804,249322.9786,26779.886,5206.9828,9288.3009,16394.7597,4808.4579,91949.8521,179137.229,80447.277,101631.0958,45256.6479,126851.2899,1695.7442,109320.5374,3510.2269,5078.831,11386.2138,61120.9476,62104.2228,20003.1678,31488.7246,98379.9349,3351.1852,11136.819,1626.1307,579.503,58909.0481,4563.0626,5953.0973,5003.2879,7889.617,3267.4192,5288.6763,15660.3444,2777.5272,2234.0488,17951.7287,6969.2621,10629.6031,11763.9703,2502.1193,4100.8502,1239.389,3279.386,3236.627,365.5412,4086.9341,2479.7477,4902.8767,811.2202,14716.3001,1819.4922,7315.9494,1280.1,14480.2515,12513.1689,3649.0235,6593.8961,4695.4514,13034.2593,15265.6636,4367.2766,2824.5934,29165.4166,15306.4304,18049.6947,2290.0141,5569.9919,16986.0879,7761.5677,11347.2121,1353.2385,2501.9559,6035.2308,1087.68,16436.9301,3240.4174,2187.2918,75248.1072,5052.2653,27164.2213,3761.5313,242479.4569,60223.5091,1051.399,49263.477,10754.8956,2223.6767,5277.8313,54724.4515,7560.8826,35276.0707,3186.5338,78808.7148,31747.2301,29481.0361,1622.9794,54072.4636,37556.6484,871.7986,70780.4429,106797.001,54238.6173,40406.1219,5725.1225,13841.8837,1565.8487
SMP_EBF5F4984D593E9088D1,0,550998.5215,44772.4753,136574.8713,43509.09,25664.0053,965319.5105,4753.8202,81426.1327,510648.9122,9546.4724,2608.5045,2495.1515,3645.8981,26315.5271,1790.4747,11072.0622,13601.1547,7151.3953,6804.3144,74087.6111,7025.2709,59933.2646,15330.0339,223524.5274,86452.4599,35900.4262,24977.8081,7324.6643,3640.9001,1159.7524,169.0666,8631.734,1752.5154,68167.0826,8672.2478,13245.0125,1163.9618,1922319.707,146954.8192,25421.6087,1328888.03,313942.3072,33621.7243,28083.6852,31403.6525,7665.2115,3057.621,7609.9073,31624.481,14378.889,4858.6029,5805.5707,956.9822,72395.8514,10453.2131,5371.3795,3619.5223,1455.7852,253.2349,6551.2059,4423.0293,25791.686,13250.4738,28785.0571,21575.8086,1557.2377,152882.8376,3457.7355,5342.6518,57703.5477,29490.3221,31326.9542,165.5618,172.5029,2574.1538,1091.3652,3050.94,3648.0114,3476.6987,6203.4361,27049.7079,31743.349,11606.7676,5571.8484,4010.5067,195866.785,235238.1507,27132.6109,4908.9801,7666.4766,12287.2971,2976.6701,82316.0521,169559.6123,64277.5076,79073.623,37288.9046,125637.9816,1841.0188,122249.6344,2816.7666,4597.969,9856.012,51124.7344,67770.0539,23360.4322,43816.7371,98429.1256,5824.0279,12388.9993,5614.7057,1647.8149,62085.3672,3582.4723,4911.5201,4427.6402,7554.2814,3790.2524,5494.9121,14204.4486,1584.2492,2267.8539,17760.6188,7975.8779,11725.1782,13261.0925,3356.7921,4689.0269,3363.0555,3810.9635,4852.763,622.3997,5871.2895,1579.3482,3224.2996,563.5323,8141.5763,750.6312,6281.2399,1179.9293,12041.7418,12960.6617,3072.4306,3486.323,3752.1212,9218.2632,10287.7431,3111.9759,1144.9449,24683.932,9294.2371,15488.8486,2872.4428,4619.5832,18034.9886,6216.7378,14379.1459,1840.8876,754.1601,3392.4058,735.6973,19528.9039,2007.9906,1602.7354,62028.8374,3522.8829,22507.9748,6832.2571,248193.2162,56462.6059,2081.0091,38675.6185,7609.605,1630.6567,2882.2474,42497.9076,6905.0521,23230.0263,1904.4519,72984.9745,24126.8893,27959.3566,692.0511,46790.338,27728.2764,1163.6991,79267.0205,110649.863,58953.6949,42474.1559,3882.4893,11138.919,1554.6717
SMP_90D41728C3E2D8CFA6B7,0,493960.7051,44328.0888,136874.2662,45916.8657,22798.4913,870196.8256,4277.0354,78328.8909,474619.4812,8497.145,2506.8496,3220.5575,3460.2498,25645.8956,1758.951,17322.9373,25838.5227,20277.1451,18749.9495,120249.3053,13349.6454,127677.9309,23991.9788,333601.1966,130593.9129,47821.7636,72755.5302,14336.6338,51.2051,2927.8744,329.3662,11035.3339,1203.6014,107359.6984,15245.7943,15022.944,1079.4923,2050619.024,207159.8343,31075.9059,1843549.157,284256.7045,31472.3524,25001.8437,32983.7892,8059.7674,3146.6263,8199.3256,40005.0733,9869.6443,5600.0629,5852.0617,392.0826,58993.1564,11422.643,4995.6317,4568.7343,1769.4061,200.5527,14406.3193,6435.8091,29901.6858,19608.8532,41038.048,27504.2049,3612.7551,192300.1346,5612.5954,6997.9694,76927.5831,53880.8049,42825.8557,448.1955,875.144,4438.9197,798.4386,5427.6979,7344.4017,4357.9562,6081.7555,33474.5837,55321.9479,14039.6888,10101.7701,5232.3541,217606.2402,255993.187,39630.6324,5953.408,10326.1948,13465.1555,3716.7304,119377.8338,175071.129,69174.2936,96524.0497,29036.6436,139611.3263,1569.0909,98913.2794,3300.0816,4100.3561,12136.3686,60502.8291,61792.1853,17378.561,30147.838,89250.9413,4017.1239,8879.7152,3077.9814,943.8707,53913.4514,4101.4603,5123.3881,6236.8996,9630.2706,2779.5637,6838.9722,13488.5111,2309.3071,710.6651,18618.2352,8371.7061,11927.3521,9843.9247,3472.797,3252.3024,4087.4016,2958.6485,4587.3768,128.7114,6588.153,5300.2559,8911.4151,1336.3487,25671.9848,1685.0208,15431.7436,1456.8023,19714.4441,18301.3779,4060.1444,6263.7605,6219.9232,15172.9651,13502.4865,3459.9705,2767.9557,25375.787,10439.1706,16986.0943,2935.2412,4586.9547,15233.1371,4925.1827,13311.8744,1663.2781,2775.157,6644.8517,1110.7612,21806.1282,4309.6563,3859.1711,93193.3252,4738.931,30171.5614,6011.0544,284088.2211,60134.1058,3147.0687,57781.6318,11070.1385,1781.4889,5296.5665,55497.7944,7790.7645,40751.2682,3023.4413,91442.6601,31917.1967,24529.4903,874.6329,75399.368,38722.9712,1590.9627,106862.6248,127013.4111,65645.1718,39004.613,10410.6289,21945.5936,2339.1723
SMP_1B10EC754BFCD2717F44,0,514244.9859,47565.9321,139706.0286,49363.2084,23731.6747,959248.0652,3875.4379,82033.8919,516873.9166,9729.5058,3656.6817,3411.2116,3955.5968,30245.8882,2666.9537,18197.1267,23936.1234,13844.4055,14735.341,102088.9881,11024.3184,84215.2241,16545.7845,240665.0766,107676.7297,43317.6781,52584.4174,9852.1105,3359.0084,1645.611,706.5209,8713.4481,988.9693,45904.5527,4610.041,11075.3153,611.1643,1488775.254,76462.7939,23203.3374,1024383.872,304127.1324,33163.7867,24748.0291,26312.0044,7200.9283,2569.2936,6010.1952,32418.6535,8437.7919,5443.8499,9625.7313,514.1022,40325.9068,9102.9967,5932.8917,2982.4151,1326.1707,254.2455,11892.7494,3720.5955,24638.545,16223.4611,31135.4084,20782.4049,2498.9124,208764.3242,5505.3408,8836.9849,93773.7897,54189.8392,77402.1519,972.6412,395.3304,4260.6377,1665.5173,3362.6372,5528.2747,3563.9368,3831.1341,22736.2983,21174.4264,9730.7116,6454.9282,6410.3377,171976.4096,251978.1359,24324.9906,4867.1247,9019.5704,16090.9624,4322.8867,87181.6681,166541.0439,74517.9193,76953.4,59110.4465,149760.8803,2848.812,89783.3739,3576.3039,5647.302,9252.3367,51127.0899,72642.3273,17312.8652,32358.6063,81433.6399,4007.7727,9086.4368,1951.4032,1167.5086,53913.1634,4503.6147,6876.0273,4213.3018,5918.2382,4223.3314,5380.0952,14076.5193,2642.0767,1824.6669,18129.8793,11969.58,11325.8061,11166.7039,4208.9148,3970.9401,3135.3583,3371.6659,4067.0113,193.829,5682.7915,2216.986,4654.4927,453.6621,12870.379,2379.5797,9031.9667,1099.1494,13902.8556,8735.012,3165.9405,5216.5687,4033.0753,11307.1452,16943.3058,3201.5759,2537.6026,35750.7129,11561.0968,14025.4358,3927.3271,4341.7413,15791.7149,5353.503,10374.8641,1617.3561,2259.5605,5653.8709,1180.8225,14177.9498,2481.697,2985.8505,79277.0965,4893.3191,26635.1311,6427.6222,263112.3792,63540.8521,2565.829,56149.4634,11484.5449,2436.2496,5444.7118,52733.6323,8777.4341,34177.0076,4179.5285,82124.8467,30080.9553,32235.8367,1705.4229,60258.4946,36023.8394,1372.9783,84870.6273,118023.0354,64436.1366,42924.004,8575.032,18482.9025,1698.0142
SMP_804E27345A63097EF46A,0,529177.1001,45576.8266,147385.1274,48436.1924,26632.7372,984989.8061,4390.4144,88508.5408,534101.1933,10280.0985,3748.4427,3715.2983,3572.1089,24162.6501,1632.1867,10983.9809,15812.0707,11406.2131,10955.2529,74262.0986,8332.3356,81728.6818,17944.4561,212530.3698,77916.3658,34610.05,52811.1482,11387.8269,6814.5113,674.5299,659.4862,5209.4971,1117.0001,41350.8616,4772.6303,10087.5469,535.5284,1509890.68,49085.8472,20291.2016,538633.3685,104433.9831,8714.5767,28409.9986,11247.6356,2501.6389,1926.5916,3062.6088,17126.1746,4497.4486,5003.5045,3173.6358,108.0804,15486.9294,9711.0822,3680.0096,3685.6009,1262.9675,298.1193,10240.0146,4764.205,26295.9636,23025.8411,39577.9433,22805.4142,1944.0134,129587.7769,2505.9645,4719.2054,52215.2346,32814.8947,30334.9188,105.3374,268.9772,2219.6337,319.5642,2484.73,3084.3144,2241.4517,2237.2215,22811.7946,25751.8718,9305.5571,8378.2329,5757.3448,189606.7398,222136.7114,25633.1799,3590.7566,9391.0185,13562.4036,3768.5092,96414.9585,152085.6768,70223.5118,81337.9692,39478.9544,117717.9177,2015.1729,91579.006,3325.5315,3931.9495,7756.7127,50173.8316,51334.1224,16391.4709,27587.4939,57457.0456,4185.3543,8574.8456,2300.7646,1446.4946,37994.1399,3133.2541,3977.5061,4319.7852,6750.596,3862.8434,6036.8026,11596.2916,3419.1023,847.4103,17247.0888,7502.0686,10494.5264,10304.6985,2212.8597,2930.931,2705.2912,2309.3375,2914.3728,125.4341,3879.6897,2642.1819,4091.975,1162.3705,9888.824,1424.7774,6739.6169,571.6729,10989.4474,10067.8845,2555.2306,3941.9469,4523.1128,11296.4292,9310.1577,2661.652,2012.7996,21780.2614,8182.4582,9058.7304,2329.9064,3789.8663,9359.0304,3154.1482,8003.7275,2228.5988,1776.5253,5217.2955,564.4079,11735.9754,3354.1538,3782.4923,79516.7635,4180.7563,32779.4861,8046.9736,259455.5925,51756.7548,2392.4853,45124.8343,7628.8132,1049.401,5594.6099,46405.7604,7123.7671,36800.1816,4010.3235,78001.8954,29871.5196,26394.5796,1388.077,62253.0362,42473.8268,1013.2435,82928.3155,107068.1785,56701.4374,35912.9626,8694.7302,15273.2554,1928.4864
SMP_F24C072D62818F5724D7,0,478942.9277,41543.5968,136066.1259,42982.9952,22966.8039,884836.6874,4043.0959,87615.8594,503392.481,7630.6868,2692.9462,3575.367,4332.7908,25927.8596,2237.4826,12234.8648,16469.0782,11322.5698,7850.0727,102284.9404,5154.2574,79631.9165,15404.6911,303861.075,72527.1562,50158.4183,34793.0918,10025.4527,51.3389,763.0861,345.7277,10017.1746,1090.1457,69702.1584,4815.2123,15373.5637,884.0569,2059875.383,78737.3719,27796.2402,1781849.26,1698255.219,57370.4792,27026.3058,26158.6294,18120.0566,1617.909,8894.3058,36995.7559,4297.1956,5316.0198,5872.9561,819.2746,32793.025,8944.0517,3528.8133,3201.2921,1293.8785,595.7297,14775.9668,6616.0813,40805.8501,18619.6461,40373.3904,21660.7216,842.8039,139890.954,1937.4032,7233.3534,77164.6119,21572.4498,51615.1056,118.5267,428.9058,2052.143,459.4053,2363.7973,6474.2883,1168.5039,3030.9952,23177.1021,7432.7746,10713.035,2338.1939,6551.0591,131402.2882,275767.581,20350.2986,2586.7943,4582.5927,16198.014,2936.2349,52751.4501,204093.229,87794.8379,77900.4682,75749.0823,134722.1883,2671.1977,40485.7036,3218.5162,4106.4581,10804.5894,45469.4952,75706.9663,11858.7518,16247.8726,63659.3763,4402.0695,5990.9529,873.7762,1204.4215,39439.5441,3960.7034,4756.7686,5709.9003,8936.7386,9677.8659,4026.3586,24521.3766,7580.383,6107.8702,17560.3288,9896.9374,14781.5622,10631.2662,4615.6428,2941.3468,3712.3698,2661.8434,3370.3703,1338.2229,3718.2103,1769.4133,8090.3392,481.6435,21776.098,1460.7197,11190.0994,1354.4217,21810.2411,12488.8026,1615.0842,8565.0511,4792.6897,23598.7017,11635.0572,2352.6074,2221.0712,28640.2254,9614.1911,14781.6477,2117.8947,4993.4894,21286.154,6361.5577,17955.5911,1645.829,865.615,4218.6165,756.0097,8214.8688,1943.2802,2417.2826,61338.6108,3707.6186,25017.0872,7442.0923,261743.2658,65344.656,764.3948,47668.4825,11568.1939,3333.4566,3654.3834,52622.8441,10985.9425,33671.1844,2965.4365,102390.9726,17925.8242,45248.6007,2183.1733,62276.9797,36384.5363,1080.1843,107109.6009,88753.4888,76028.2947,45113.7322,7759.2996,8577.9077,1160.4163
SMP_45B188BB159D5C4AA646,0,522999.4454,42302.5674,138970.189,44379.4785,23288.1371,936249.8799,4229.0127,79399.4909,550303.6306,8197.0736,3117.9603,3616.1244,2857.6102,29261.3197,1625.1048,20217.214,20652.7757,12229.9623,8015.6604,101799.6912,9602.4732,87491.4057,13374.5889,239227.3522,125457.6732,37583.47,41042.476,9928.6802,7927.1405,1952.899,700.7193,6296.521,1206.4478,54976.8918,5832.8193,13171.9357,678.1036,1966944.548,119605.5493,25653.6237,1422907.312,347920.6771,28270.4967,28772.156,33068.8519,8145.83,2685.5423,6260.425,26278.2579,6977.2435,5123.5224,6307.8161,607.5301,45257.3298,8159.8024,6966.3268,2839.837,1210.2838,287.9799,13229.4,3638.5196,23871.7837,15267.2488,30476.1678,19670.8049,1840.5107,181554.0766,3238.7155,7001.4882,75203.2938,37024.8114,48219.8449,466.3909,506.0419,3744.6352,559.6432,4336.1452,5096.1945,3670.7582,4492.0761,22727.7053,22154.181,10681.5127,5495.7847,7235.7457,178132.4878,276865.425,25285.2351,4016.0776,8200.2107,17247.6577,3978.4366,85115.5281,183402.9914,71049.9605,89843.8749,46182.7337,149737.5565,1658.6227,101929.2149,2656.2735,5756.1741,10226.5221,55878.8652,75644.5017,19078.1873,30800.9424,85835.5211,5098.3071,9523.5578,2246.046,735.8631,50000.7438,3043.05,4020.3665,4838.7409,7528.2603,4695.1078,5810.4299,17681.9711,3162.7005,2179.5499,21544.6416,12527.1006,13085.7447,13363.4708,5166.914,3828.515,3885.8571,3572.5296,4177.1283,1704.2525,6814.1739,3502.2303,6827.9825,1344.817,17343.2329,1490.1842,14165.1906,910.8988,21089.0336,18604.285,3208.381,6653.4244,5771.8755,17583.2934,17302.9791,3412.163,2703.3293,33575.8727,14489.161,16016.3402,4629.5077,5423.0385,19690.5566,6998.0203,14041.6008,1393.3199,1056.1965,3541.391,1091.9813,18563.717,3089.8442,2724.4957,67005.9256,3719.969,26316.494,5364.6265,262916.5304,62184.9674,2197.9106,52458.9832,11820.6981,2036.803,4969.4256,47482.0059,8480.409,32103.751,3149.477,83769.0118,28028.0246,31975.9061,1304.7651,61371.2192,35894.4681,1020.9308,79564.8003,124503.3794,60064.4211,46416.643,6673.8876,16615.9223,1974.8723
SMP_C8076FC1143770068389,0,526767.1906,45306.7834,141551.8964,45207.4346,22187.1339,891556.6366,4037.9307,80690.7082,505297.2727,9571.5348,2174.9873,3412.377,2449.7913,28453.5982,1883.8058,16404.9414,18060.4168,10719.5615,5888.8744,82630.256,10895.917,74855.4606,9315.8387,224106.7147,148620.2997,33318.0286,42298.7443,11035.1142,5166.7448,2036.6546,446.0812,5418.5651,939.8745,58407.9957,9658.5162,11733.0925,845.5364,1562908.817,167356.4766,23142.5071,1462006.704,361230.4351,39098.7788,20441.212,29122.1083,8357.6169,2207.1887,8057.7354,31666.8524,7394.3732,3437.2531,5790.7134,3.0948,41570.8084,8162.6075,6794.6448,3255.2955,1133.923,295.6618,16120.7465,5140.0106,22829.8134,14425.016,30636.7552,32171.6418,1139.7254,163785.2465,4063.6919,6882.3528,77080.072,35607.5895,34016.7969,679.9904,513.7715,3232.4436,884.9243,2740.2452,3228.5491,1723.2167,3361.11,25052.8936,20665.3987,7463.5337,5463.2141,4767.2761,171990.1538,236499.4673,20626.7565,2210.8371,7870.6925,14053.6525,3702.5129,78604.6982,163342.8271,75909.9862,77988.8623,39795.1086,137128.097,1405.7903,80878.4848,2949.01,4852.3283,9549.0566,52078.6256,69008.0203,17292.2459,26752.3466,77252.2017,3089.1275,7756.8989,1454.0726,735.1289,43742.8064,5446.194,4272.7967,7232.4138,11901.3699,11481.2421,6418.4872,18419.9865,4126.0943,4643.8321,33976.1182,12783.3589,14111.3235,17838.3021,5638.6967,7181.8143,4104.7182,4374.519,5361.6643,220.7471,9023.2095,1122.682,2507.2226,1248.8203,6116.2035,512.1782,5763.3606,1214.5585,10427.6871,8401.1604,4274.7179,6243.4966,5551.7963,16919.4076,20136.5488,3725.2988,3334.0636,46032.2052,23763.4563,15884.9963,3428.0937,5110.5265,21144.4941,9291.5674,16145.0434,2657.6227,1802.9146,3174.3493,767.9713,19680.4265,3234.9937,2954.7472,79352.2539,4406.906,34786.7208,7465.3536,300246.5156,62994.3023,2574.6664,54180.6516,12225.4728,2137.0728,5175.8128,50781.9152,9417.8567,30675.1881,2367.1308,77767.7737,34539.3204,27177.5728,1818.9159,64274.936,34662.8786,776.9723,89221.6508,165951.6053,62796.6418,60794.6128,9183.5361,23984.533,3151.5858
SMP_BF96298BD26B62FD3056,0,518488.7407,43430.6031,139304.0464,45828.946,22402.3077,927730.8805,4576.6997,78567.1693,489589.9599,8250.5737,3901.4683,3242.1378,3069.1739,28481.0677,1642.7409,17032.8329,22139.3468,12953.6132,8817.737,98544.9089,13721.5723,83331.4764,16464.9765,228873.7864,120318.058,34714.9011,28974.8544,7817.0985,3457.4729,1004.4242,266.2301,6559.2296,647.6022,57972.0287,7734.4578,11146.9683,850.1863,1996323.941,153009.3673,28172.5529,1727167.058,297230.3589,27599.8046,31581.2495,38911.2353,8900.1805,2767.1371,8965.4104,38738.5146,9668.5026,4586.6796,7662.0716,293.8166,44611.1674,9520.4217,6304.3726,2638.5191,1269.6181,513.6355,11552.7239,4408.0221,19844.6203,14410.5372,27323.4369,20376.3214,2255.2256,189121.2611,5228.5158,6153.5957,72093.404,46119.9847,40823.026,540.6688,515.8208,4514.1299,921.1303,4401.2772,5886.0203,2916.6019,4664.0898,21930.1799,47978.1481,11869.4277,7856.3108,5457.1919,208518.2553,244819.3264,29426.031,4439.1338,8334.7999,13865.7979,3024.5425,98240.4438,157129.9795,71112.0229,87031.1992,33678.5421,117341.6004,1633.8295,102197.3624,2674.2119,3308.4954,9389.0238,52840.4062,45598.7466,18778.8103,26321.234,78879.7245,3964.963,8862.2768,1482.4494,1264.0217,42604.5679,3698.3847,4124.2926,4399.5778,8168.659,5560.3531,5510.612,13827.5351,2833.8543,2028.0945,17860.5982,6033.3374,9907.8303,11711.0937,2414.6026,3568.6291,2060.2656,3020.4848,3689.0685,254.2313,4903.8125,3378.3177,7597.6433,790.7072,20871.3463,2033.2328,12143.7748,443.5521,16513.0728,16833.4952,3648.7173,6023.7431,4878.0775,13477.5904,11822.9629,3898.294,2737.6865,21062.7502,9783.4531,10936.0466,2116.9933,3960.8972,11511.0655,4909.7687,9849.4581,1709.288,1918.9907,4443.3808,862.3001,15522.9467,3345.82,1881.0244,74971.2283,3546.4493,24035.3055,5975.9081,248827.7845,48936.208,2210.1724,49728.9447,9036.808,1582.0744,4314.3053,50566.6055,6673.0955,33599.2137,2902.6174,85200.6004,33179.0476,25552.5795,1053.3915,60150.0658,30916.3599,1349.3752,88288.2159,123572.3709,50831.921,38924.7106,3947.7954,10970.5924,1693.1444
SMP_3741111DEECCCCEAE2B9,0,513322.6781,43458.7975,142736.8193,40034.9265,22914.4319,912417.8615,3923.2661,78288.6328,517817.7348,7756.6084,3132.7468,3367.0003,2337.1534,23572.9603,2482.6018,16646.5392,19463.4078,12960.25,6795.9044,89506.8477,10324.108,87355.3427,13734.8191,214035.04,95231.2425,35283.6885,38096.7817,8087.2311,3893.3433,1599.4156,672.9102,5766.4487,1356.3112,54237.5583,6381.6883,10988.367,786.5244,1950109.622,138671.2437,26693.2036,1629389.907,379630.9959,31060.3686,24099.4374,32729.4797,10053.0696,2868.7903,8799.8386,24745.7405,6529.1531,4190.398,5732.0384,533.1058,48556.9271,8662.9096,4630.8593,3038.3717,1283.9078,610.4079,13826.5696,2826.1491,18745.4388,12602.6105,25226.6449,14248.9184,1466.0111,119108.4766,3302.6014,5178.9833,55754.7655,29137.2535,26225.7629,223.7852,97.4176,2966.0414,368.413,2257.4849,4584.4964,2939.6747,2903.602,23162.3464,37858.1636,13079.4048,5956.2568,6297.1662,200467.9645,273195.7526,29211.599,4403.6537,7415.9785,14775.754,3161.1609,110680.8323,187593.5089,81553.0452,97245.4763,42266.7426,133180.5222,1994.5786,97440.7628,3602.072,4155.6069,13697.6912,65610.1221,63572.1087,18597.6669,29749.2483,86598.7758,5511.9316,9913.5108,1594.6702,1038.4565,48523.1493,4341.5166,4341.9109,4121.5424,7424.7125,5388.2923,5351.8657,17641.1065,4248.3877,2156.2551,15883.1369,7663.7207,10369.4298,10044.871,2829.3965,2395.1626,2303.5951,2897.5997,2958.7269,3.43,4066.7628,4739.8216,8476.0125,1178.1553,26075.3564,3148.0757,16378.7778,1225.88,22335.3215,22385.3698,4648.825,8184.9359,6731.9607,19727.2205,15038.4364,3753.1091,3808.6543,32309.4334,13310.5457,16548.3572,2037.2448,5455.423,16280.85,5363.5118,20736.8856,1968.5037,2080.714,4474.3753,1081.7225,21626.8144,2724.5638,3187.5032,81638.6659,4413.7513,23284.4024,5337.616,235853.2023,61705.5509,2185.4772,47833.4249,11120.014,2026.2724,4195.4478,46777.9474,6496.6272,35303.4751,2804.204,80513.7338,28387.4135,23610.2304,1223.7162,64057.0464,35209.3355,1024.5451,85655.5629,109476.7749,55806.9812,34374.4033,6255.5488,14027.882,1658.8184
SMP_A6274BFB3BB323B870EA,0,497022.7951,44153.7919,135628.1085,45062.2687,21552.7399,926611.1212,4019.8652,71896.6778,543205.6121,8204.5341,4031.5915,4469.9384,4368.7548,35754.3199,2966.1409,18871.4243,26546.5043,21196.1865,11936.315,121130.7073,15633.7969,134841.7694,16059.3315,305569.8219,133954.6743,51018.2443,50417.7606,12233.7156,5548.672,2651.6842,712.8057,8377.6622,1397.156,82253.6233,10362.5379,19031.7122,1140.9662,1929155.124,144938.4237,29230.9695,1336415.147,199627.4523,27633.9375,32481.7959,25984.0694,4468.4429,1787.753,4988.4668,24834.6527,8166.5643,5903.3006,6886.2954,237.2682,45017.6682,10564.8805,5174.7724,4045.2936,1623.8707,546.9637,22217.29,3996.625,22125.0378,17184.5887,25130.8267,16915.638,2280.7989,184295.5873,4588.3961,6553.1788,68019.2576,44108.7974,31385.2637,433.8004,2.1911,2525.95,543.3035,4557.4689,3271.2343,4009.6139,4183.7171,28732.6424,44485.3959,10104.2912,10890.0085,6184.4564,225557.6726,247290.6066,37754.258,5265.0198,12580.172,14239.0926,5143.2082,114540.147,155461.2575,67315.079,74769.6424,33869.467,136229.2381,2017.4964,110968.9422,2975.2901,4968.4292,9006.7686,41813.0725,64240.7154,21748.4897,34917.356,98093.5937,4226.8636,8237.4797,4271.9364,1013.6729,48971.6398,4433.9935,4586.9032,5736.8093,10481.2659,2754.5447,8185.635,13245.988,2181.7077,1296.3305,22662.6035,11582.1303,13992.4464,13445.4107,4569.4562,4853.0384,3872.1019,2799.2989,4127.3432,270.9333,5401.2287,5269.2658,7727.6848,1612.6096,18806.183,1998.6779,20646.5104,1415.623,23865.4276,25862.8995,4639.3655,4453.4619,6710.4537,12696.625,15037.8227,4852.182,2614.0893,29296.3318,13785.3688,20185.9813,4112.8289,4824.7219,20582.9081,7585.0951,14910.1908,2012.2933,941.2482,3496.6355,846.4943,26135.8951,5242.0769,4142.0495,109751.6217,5686.2222,41582.42,6681.0696,296931.2472,69711.6414,1950.6833,54176.9592,11945.0353,2741.4264,5639.4874,51535.5899,6566.434,42939.1615,4570.5856,89353.876,34648.3638,27026.3364,512.5033,83580.7637,44173.5917,834.1403,97793.0032,120942.4651,62884.1762,39125.3111,7125.815,14182.0989,1657.9871
SMP_137D89BF8C37C3843CF6,0,525192.6237,46465.9806,143890.2853,45786.759,23787.3386,943540.9494,4166.2866,82752.3594,502000.0624,10192.1482,3800.3235,3994.6444,3242.6292,39115.2163,2633.7989,23171.9603,21730.4944,9103.7141,5713.1473,73599.7966,7888.2159,62163.0594,11061.146,168951.2127,95047.956,26138.4307,37340.3424,10114.3601,4559.0192,1093.4614,818.8445,6640.9143,897.5498,54028.9129,5234.119,12926.3501,789.6925,1643109.203,65160.941,26464.6812,1203507.695,276687.7225,21962.1877,26342.8894,25083.6094,7563.5853,2931.1399,8987.7399,56308.7992,6848.2827,4446.4255,5676.008,152.8222,30738.6954,9483.5502,5083.7207,3693.1417,1689.8174,457.546,10817.7844,4521.1828,20457.5361,17018.9739,24669.5895,19969.6829,1728.9652,146441.9418,2345.9056,5540.5972,65909.8438,33513.7096,42293.238,185.2893,169.4708,3336.4796,1232.226,2553.8581,3673.6236,2878.454,3029.593,22566.8362,14632.3862,7307.2328,5017.4294,5352.5941,157576.718,229322.2751,22555.0838,2888.9271,7416.9747,14311.7973,3253.1206,70058.7936,147519.8902,73071.2732,77876.0361,36314.8094,123739.7882,1433.1277,67609.9383,2560.3612,4790.0909,8355.7522,47513.5638,62253.6963,17967.139,19975.5188,53923.6467,3865.4423,8307.5328,1555.1008,2087.3904,29371.3805,2761.966,4087.0889,5472.4391,8755.6852,8540.2201,6298.7889,12314.1437,3103.2321,2527.1376,20259.4896,8948.067,12388.2492,12447.5599,3872.1661,3975.5656,2351.0178,3223.0483,4355.1462,551.5436,5421.4169,1962.5657,3893.6513,521.4642,9116.1194,1478.3626,7052.5102,1282.2992,13233.464,8958.365,4288.4496,10462.6268,7055.0456,19618.1047,19693.2552,3583.5118,4191.2238,30726.2319,12363.3245,11924.6643,4269.7405,6176.3419,12179.2182,4046.0904,8448.3673,901.23,1150.7912,4181.2701,522.93,7185.6793,2342.5262,3545.7941,64793.7478,3245.1616,29643.6115,7046.0344,264503.2098,54749.0465,2942.7595,61038.552,12288.5777,2543.356,5661.5144,51051.3346,9702.4596,28800.4708,3727.2593,75916.2,23463.1754,29830.4568,1583.0032,58409.1825,33616.8385,706.4162,79840.8675,122843.3605,60664.0654,42941.5396,7717.8204,19536.1698,1778.6023
SMP_6460F5865163C6F82DB5,0,465748.1516,17244.5797,123515.6373,41735.3152,14036.7517,670579.9061,3188.2018,62781.9729,425959.9857,5616.4014,1828.6123,2499.628,3420.4238,23626.5421,1756.6265,12661.6429,14755.4073,7531.1181,19842.2663,75915.3247,8454.5735,66210.1465,22413.2365,269039.7091,125660.1019,38908.2003,41899.6744,10221.1977,74.7726,7268.1049,2551.6667,16392.102,1494.4298,125956.6884,15177.5103,16590.9974,1090.4036,2190739.782,322748.3579,30861.3784,2497428.165,351252.7973,31588.3816,21574.3354,42691.3454,9457.2314,8389.8269,12000.8514,53614.8697,14851.2306,4385.7619,6265.0939,817.1487,56801.9241,8044.7772,6035.6226,2909.8843,1376.2336,13137.3191,12088.27,3741.0509,16041.0886,10118.8599,28858.7697,19047.344,4202.7435,247649.9584,10478.1951,12923.2916,84756.0616,62086.6609,43764.9364,370.1186,501.1106,4612.977,976.2836,2522.9481,1977.6365,2164.7898,2428.8366,28894.5507,46896.3563,11567.3078,7615.588,5157.7303,221184.8888,249185.0108,29648.6398,6794.5352,8675.7329,12004.345,3905.269,101767.693,162726.6727,78912.7307,92742.623,43997.5782,158483.2838,2104.1959,113466.2944,2414.6861,4795.8816,8653.8278,55299.8526,67186.4465,25214.9384,32864.2388,98832.5917,6609.2262,9831.8036,3667.5138,2289.5864,48860.7162,7019.2766,6374.1849,4865.0007,9500.4435,3489.5567,9555.176,15328.705,2558.4945,1415.3661,17840.8732,11937.637,11789.2654,11583.6564,4495.8007,2920.8684,3134.5624,3091.0217,4906.2812,145.3481,9148.3525,2416.512,3714.4419,692.0892,8646.5612,1380.2126,8638.1317,798.0701,14547.8307,11648.2966,3966.107,4356.6847,5493.292,12665.6921,14927.6222,4085.6869,3069.0816,40222.4328,15127.3698,16999.7125,3963.178,5260.46,19189.1037,6599.5428,8223.6136,396.3144,3255.3475,4281.2222,439.7783,15273.221,3424.2658,3797.0519,73631.1221,4602.9681,22586.5502,6611.6036,256488.6081,68478.6112,2680.0457,42845.1542,10677.5335,2040.0691,3064.5314,39177.5499,5373.7027,22333.9684,1814.6441,72060.7771,23369.2388,20003.7676,739.1769,51282.0455,28545.9054,776.9173,96622.9519,136750.3171,66280.6007,42513.9143,5695.5162,13239.419,2774.3015
SMP_A1194D269F0BA401CDFA,0,530908.038,42343.5207,138848.8076,44403.353,25859.3232,957191.364,4561.6531,77890.2036,507383.0915,6898.5868,2801.3071,2493.8431,2261.8675,23264.1028,2227.051,10266.0447,13765.6005,7874.2294,6008.3854,75858.8169,9817.9628,61744.3432,11545.9201,211999.7157,117373.5157,33057.042,23431.2831,7073.4692,8924.9674,1637.4519,374.8612,7505.494,1640.654,47479.0735,6761.8371,9092.5968,742.9904,1865590.513,83123.4747,26955.8612,1343092.82,480838.2814,43943.5686,27851.9047,32921.6077,13850.8473,2674.1184,10809.3315,40419.1011,11055.0638,6457.5674,9114.2202,629.7486,101898.7365,11431.2759,6804.7435,4173.9552,1910.7435,418.835,12391.094,3075.4526,19067.6654,9585.3236,24076.9602,18836.2333,1326.0573,159150.4984,3721.5417,5690.4486,63122.0511,38375.9173,46240.1836,571.2558,309.0574,2936.3185,913.165,3554.9049,3195.2512,2530.6522,3054.677,23277.2877,24967.8819,9095.7935,4313.8434,3424.2239,184280.1557,257221.6129,25555.7458,5574.6203,6339.9362,10362.1858,2814.3875,85834.6974,166755.2596,77337.3249,72852.5579,46370.6724,165936.1842,1605.3949,101296.7243,2293.2677,4103.1398,9099.1849,39428.7821,73603.6967,18432.1819,29751.5999,85927.7639,5039.2959,7265.0751,1592.8546,1098.4382,44213.861,4302.6142,5852.9956,5773.4609,8292.409,5665.1376,5491.5596,16624.0373,2806.1973,2984.8078,22639.9021,13652.1589,14178.1292,15804.016,6621.2621,5260.6203,3512.5414,3544.9404,4363.2492,2.664,7299.5001,1767.9979,3866.5401,1699.8973,9988.5255,1518.1451,10029.3226,1174.8928,11774.0213,11486.3097,3242.0168,5621.2583,5218.8912,14531.6894,23149.7898,4935.8763,2106.2461,52649.3239,20676.9466,19486.6079,4138.2413,5796.9585,28825.734,10750.0941,10410.155,1108.8758,878.1602,3536.8373,570.6547,11899.8605,1492.3467,2875.9655,64391.5014,2880.8864,22365.224,4777.8581,249417.0186,57385.2759,1212.847,35842.8664,8510.8105,2261.3415,3290.8414,41912.7248,7113.1917,28858.387,1735.2901,73648.7718,29698.0558,27142.4418,1446.4195,52144.1703,29588.0047,784.9202,80498.93,135110.1182,58017.1164,47234.4585,3965.3974,12015.9431,2029.0157
SMP_4C5654D42881D77E198C,0,500111.2961,41099.2488,132353.5505,41320.6068,22732.0876,909691.5404,4259.1126,80116.2158,474616.7581,7208.0648,2940.0039,2874.943,2801.264,23776.8262,2161.371,12345.7983,17415.3454,11032.4093,7660.4177,92061.0066,8063.3446,78659.1964,14015.4247,245121.2661,104311.3362,36196.1725,25493.3823,10240.8411,3601.9197,2791.3752,716.3137,8644.3753,1257.0661,77458.7772,12456.1563,11925.047,1048.8399,1858289.66,179789.1682,25268.8919,1666160.527,525744.3059,42784.1508,21202.2428,29508.0645,12202.4128,2306,8160.6596,32051.7214,10733.9975,5251.9796,7579.6242,734.649,61530.1146,8949.3472,3993.1015,3806.695,1496.7304,439.9537,10714.199,2047.8405,16393.8617,9108.3879,18681.2622,15414.2944,2216.0917,134678.8672,4336.3751,6035.0997,59183.2945,33174.2507,46500.0671,610.183,314.8735,2769.405,642.2767,3325.2132,6511.3284,2586.3744,2726.522,26542.1096,34336.7884,14226.7177,5020.9503,4790.2685,170519.197,254506.8966,27429.8502,6600.7348,6218.7105,11127.1453,3057.5327,101521.6841,188040.3415,74299.9297,79285.05,62526.3025,138396.8655,3116.5761,88993.1298,3102.4577,3576.3676,12072.2668,48850.4082,66459.2896,15034.5401,30739.2333,61182.5697,5178.4299,7506.389,1790.5288,1244.2176,42979.3487,2643.9235,5776.5803,4699.6171,7427.4961,7432.2168,5738.2638,21483.8881,3617.9731,3304.4474,18544.7579,11112.7141,9120.5352,13216.2643,4550.388,3267.1583,2230.7233,2845.2863,2914.8912,178.6531,4465.331,1560.023,4140.1377,308.6957,13064.2515,1216.4755,7661.9891,1260.1048,10313.9542,7131.9023,3875.8162,8126.7074,5934.4357,17355.3113,19976.3823,4027.178,2528.5777,43093.4652,18353.4817,14939.5406,3157.0452,6557.6947,17814.9174,7490.893,21646.8752,2437.0188,1637.2076,4448.2502,1027.0776,13138.4502,2640.7418,2400.071,62211.233,3494.859,18060.9092,5326.9344,236712.9235,56739.9589,1688.3679,38493.4469,8590.0037,2116.9706,2515.5881,41681.7614,7441.6263,25214.9807,2723.476,69112.6044,25811.238,22673.8518,992.7297,47158.9951,28320.9114,885.5713,67608.1243,120281.2923,52290.1001,40092.7734,3489.0483,9587.0379,1994.4237
SMP_3763A3724A1D46534D8F,0,477286.472,44003.4939,133959.7149,46077.8133,23669.7423,926109.6484,4541.1773,79292.952,529712.0098,5620.5509,2540.6364,3707.5986,2688.3321,29604.763,1664.5342,11446.907,18835.0036,10429.0467,6166.3147,102585.3154,7625.0715,65442.3272,9485.6784,205950.6103,84050.2461,41195.2866,35120.3781,8087.801,6436.8528,1480.152,625.2842,5843.4373,612.2555,52834.0902,5604.6495,14673.8608,912.3052,1419698.902,87605.2674,24099.8951,1210561.966,478973.4592,31305.0071,20527.9248,29102.5307,9037.5125,1647.01,7414.0061,28319.6359,6690.2345,5739.2062,7097.3996,578.117,36260.5705,13642.8418,4630.8328,3983.9988,1923.2722,227.8554,13769.3009,3474.8158,26663.8511,10842.7343,21502.6822,12366.5843,1365.4658,172927.8137,2887.0098,6403.3527,74871.2336,36180.6777,55819.0825,654.2121,139.6182,3678.8645,821.0476,4257.142,7349.0385,3433.6561,4846.2007,23857.9392,18639.6881,10706.8659,4359.2876,6228.2669,156946.021,258446.5541,25975.2445,2934.7455,5949.9068,15997.2786,2681.0197,61409.7628,178189.1754,81219.0131,92175.749,52793.4692,107599.2465,2590.1754,71784.3316,3878.6554,3519.3255,8511.8782,48030.1554,50657.7533,17298.9205,19710.0481,74668.8844,3098.4816,7534.007,780.012,956.2667,38151.1756,5073.1108,4372.0544,4564.6353,8610.0092,8765.1606,4334.1704,16773.6023,4804.448,4458.8667,14189.7171,6506.4922,6987.3001,10289.2868,3331.9436,2070.8728,2139.6232,2692.1627,2138.1402,323.1701,2624.5937,2846.6241,7693.0561,3.2427,19169.9658,3584.8115,10683.543,1326.3903,17324.4663,15132.6251,2368.4501,7877.578,3705.1637,17719.8442,14632.4212,2882.5917,2678.9036,30473.0975,11777.0441,11639.6144,3438.6059,3757.9356,17071.0426,5835.1191,16202.6798,1752.8955,1384.5225,3459.8583,257.5054,11183.435,2758.3967,2006.6233,62121.5775,4998.0421,24396.8014,6473.297,237011.2259,56845.2566,1661.2657,33592.5813,6043.9344,2762.6277,3665.8706,44735.1299,8186.9842,29011.03,4386.5908,95581.3116,19338.0523,45558.7575,1474.9928,46880.9738,28170.5887,864.166,70725.3129,88233.6902,62914.6235,34072.5353,5688.213,10642.6517,1644.9751
SMP_B03E243DE79EA369E659,0,494474.3132,46451.8235,135890.8556,42466.0496,24883.2587,888375.3368,4650.4288,79034.6947,532401.0147,8803.7851,1929.2956,2331.0178,2113.2121,20977.6025,2006.2329,8872.6887,11147.2717,7237.3195,5221.9314,58342.663,6755.4688,52612.8523,8126.1235,161304.3051,97456.0898,30063.5928,19153.4673,5867.2651,4957.1751,1160.5166,462.9392,6154.3557,895.941,38590.0032,5205.6306,7734.9392,522.8035,1389374.772,96430.1575,18372.3498,903110.4311,251157.201,20899.2573,22168.5772,24083.0778,5862.9942,1571.8445,5851.2633,31242.6887,6698.0919,3805.7702,5815.2508,350.256,41311.0359,7469.8084,5629.1936,3156.9519,1567.4772,534.4314,6615.4033,3037.7612,17406.2502,10425.8455,22760.007,21964.0776,1169.7549,164564.2419,3522.5028,6286.1997,65915.6105,42167.9691,55986.6291,925.5042,389.9776,3647.4282,1113.9495,3476.9924,4246.1232,2401.8824,3958.417,24023.4148,16134.8881,5452.2948,3216.6258,3421.6179,163589.3395,232963.7149,23714.7255,2018.1739,6072.5265,10619.4828,2187.8667,72343.3684,157395.3981,73809.9256,69789.9401,49888.001,118763.7631,1875.562,93615.2777,2719.3887,3570.0837,8010.3515,40594.4488,54626.7764,16365.1687,28296.4623,69887.1905,3220.8938,8299.3489,901.8099,811.1432,43936.6747,3791.5717,5544.3554,5403.1996,10083.2549,8559.6429,7104.6253,25346.6642,3079.1603,4075.5709,19815.4842,11571.0138,8079.7292,12800.5265,2862.7117,5857.2989,2343.8306,2984.6144,3201.2423,3.5601,4552.9829,1937.653,5537.8967,1306.0171,14011.358,1291.0978,8929.406,1015.1284,12410.224,14600.9747,4106.9983,10198.3958,5578.2505,16645.1169,24952.563,8759.6149,2561.4763,33256.9645,17877.745,19904.8579,3106.2723,5738.3288,21681.621,8657.134,10291.8194,1269.6572,919.4116,3138.7216,645.6947,11145.5146,2345.067,2319.8554,54476.7148,2524.9648,23249.6656,4774.2736,245899.8413,62818.5217,1774.0947,36275.3305,8293.6802,2182.9093,2916.9797,34435.9174,6768.7753,21566.606,2644.2098,56896.4349,27500.6131,26056.9261,1779.9336,43204.1297,28498.8252,557.9111,66070.9974,124657.9425,59945.6426,49891.1565,2979.4506,9080.8207,2292.841
SMP_0D8C867D4DB5F52F69F6,0,498653.6124,41428.2805,125451.8968,39769.0061,21629.5277,878063.7634,3999.1948,74691.3838,502603.0193,7265.7482,2459.2168,2912.806,2465.9209,22708.5206,2490.8802,10345.1284,17563.2284,12445.4632,5918.8731,78884.3534,9676.6971,81823.6585,9071.4534,217440.3935,104110.3573,36903.9592,43442.03,6815.1257,3900.7272,1908.4628,639.4905,11680.4341,885.0985,50749.3193,8544.2627,8040.3946,810.2275,1325431.675,123562.8603,20114.3828,1102791.71,218788.6026,18676.3446,18301.1704,21923.3264,6275.1314,3904.9843,7707.4742,30219.8016,5878.3258,3759.0655,12037.98,801.2569,40213.4569,8186.3465,4600.3449,3227.115,1399.7266,3.081,6980.0279,4139.5022,21958.7974,13741.7606,28619.7331,16862.1487,2656.4147,182578.7158,7870.3522,6040.5647,61357.5504,59802.0077,53337.605,191.4471,427.5392,5495.7382,858.0965,4062.2304,4869.2668,3825.4783,3163.1755,22110.7995,46286.0874,12305.2769,6577.6634,5370.7635,210535.6811,242820.7624,27056.2525,5576.4449,7809.7528,12278.9664,2867.9818,90994.1562,157944.3716,78899.6885,91534.6737,45806.7924,146450.4051,1522.72,88779.0001,3054.2361,3708.6686,9415.1734,53000.7235,57454.6577,18109.332,23968.217,68772.2498,4453.0516,7857.2939,2881.0984,817.4863,33793.7974,4569.2004,4786.6917,4591.5891,8048.6456,6652.6121,6081.9589,16531.9407,3348.7339,2276.6567,19538.4915,9415.3398,11570.0561,12576.8748,3939.5489,3054.3521,3521.6965,2969.2737,3566.2837,355.5305,4307.6103,3541.507,7696.6049,1218.7875,16339.3688,2899.7685,16444.3588,1078.479,17740.8102,16288.6973,3153.244,5411.052,4999.6253,12891.0194,18519.1394,3346.9054,3239.1078,33144.2139,13045.6403,13237.6445,3226.327,5429.5198,15830.8609,5547.6877,9534.5598,528.4751,2389.1773,5590.4653,948.6852,12042.7559,3262.5607,2834.6606,61163.3262,3554.7782,21160.7095,4773.7884,226108.5731,50483.4121,1704.562,36108.7124,7065.3118,1589.2274,3581.5253,43244.08,5470.2777,29643.9016,2626.2728,66750.6911,23986.2416,24258.1022,699.7261,48111.7146,31923.5774,668.5531,69786.9767,105910.7955,53582.3997,34650.0769,6142.2503,13660.541,1682.161
SMP_8B36F8698E9E140C44E5,0,479175.5742,43427.6541,128450.9435,42658.7297,21928.293,854159.2217,3312.1902,78027.2128,469475.3643,8810.5125,3457.1523,2097.1896,2314.7417,25146.7285,1383.1056,13778.7791,23163.0086,13294.8178,10338.7139,91425.7693,10241.563,79456.3951,16293.0485,201586.8567,92268.2092,33791.9514,38107.1756,8228.0755,6442.5157,1743.1551,602.4514,16162.8813,764.2993,54000.0012,5337.5048,10032.6515,552.5822,1150371.356,62642.1877,20931.6116,697958.4927,161982.5432,14769.4423,19310.3484,10963.7696,3847.4178,3672.8403,5984.5948,26290.5348,9197.3929,4403.9057,4315.5176,388.8908,26041.738,11175.7722,4541.5946,3908.2872,1830.5579,525.8177,6377.0279,3101.0879,16187.4418,8737.5896,18919.6261,10737.2662,4538.7427,157970.855,4290.0099,4641.8728,63245.7136,39725.4202,34897.2909,255.5788,156.3661,3488.8624,507.2895,1830.6643,3125.8367,2042.2043,1979.2443,24422.9406,38654.1627,11781.6472,8157.5162,5247.3957,187036.7032,216184.279,30756.3035,7246.349,8314.7364,12754.24,3961.8521,103778.901,162678.3105,69027.3086,86117.2676,41652.0757,132706.3943,2345.3428,102179.8794,2797.9522,4731.095,9632.7889,52928.2302,59310.8492,16341.4919,32371.8992,60401.6796,5798.4328,8326.6471,3437.7583,1490.3071,37882.1664,3673.3306,5901.2213,4249.3504,6009.9975,6503.492,5532.607,13470.0271,1423.5445,3122.0372,18355.5022,8878.2892,9437.1284,10541.5561,2548.1425,2646.5756,2601.094,2505.6735,2401.6567,3.388,3474.0813,2469.6725,3479.583,4.3712,12589.4617,1704.7077,4845.7509,1144.3366,10143.6843,6580.0395,4295.2817,6106.8291,5435.1201,11950.7827,14414.3524,4219.1641,2826.272,25486.2187,12677.6978,10712.7063,2675.2892,3705.8661,10772.3279,3781.0071,7762.2441,1916.1577,1654.6493,5489.5654,519.6757,9677.6984,2974.7494,3098.3016,69016.8851,4394.5712,21518.8786,4979.0239,216459.5103,51403.6928,2324.5488,40571.8642,6813.5118,1196.5403,3725.9833,42726.2536,6707.2486,27813.0995,2796.345,71267.2864,22539.7296,22264.5146,589.8078,44941.6756,25856.8315,1671.4342,63711.859,97779.4155,45085.3694,28277.5855,4767.3622,10714.903,1136.3703
SMP_4962C4B8544A9EA46DB3,0,552273.2643,46732.3769,141081.9514,46603.6532,28132.8431,989649.7721,4060.0128,75504.28,561302.1259,8568.8286,3131.701,3728.7006,5000.074,35304.4023,2678.6364,15040.5482,18647.4165,12248.7625,5756.1178,89280.0071,10927.9685,99222.2863,12688.4347,250394.1082,123254.4733,40320.8434,45809.7162,9778.1081,4590.4337,777.3414,362.5504,5259.2844,926.2172,36514.2223,3969.2569,8647.1899,317.5317,1295490.055,42569.0936,19471.2955,686955.7379,165364.7985,16412.3028,21841.2975,16464.6923,6270.1623,1265.895,5671.952,23235.358,5625.5551,4003.7882,7197.3636,241.7451,30658.7225,7671.3479,5254.8413,2787.7327,1499.4388,437.162,13546.5414,4767.5344,23760.5504,16321.4503,30600.5578,26158.4686,2132.4517,158869.6257,3570.3646,6124.66,68162.6322,39919.2282,46383.7508,325.3158,87.803,3824.8678,749.5038,2749.5191,3666.804,2439.1258,2754.7004,23051.5654,25375.4674,11509.3468,6515.7832,6108.6091,189063.3654,266785.7572,31343.7857,4768.9669,9016.06,15886.9113,4249.8491,94988.9706,179422.5841,86201.1408,80898.4427,58929.3704,138671.4567,3425.2852,90395.8141,3413.9558,4853.6096,10869.036,50023.9789,59456.9472,16900.5189,23240.6082,82395.2922,3467.4765,6761.8285,1968.617,882.2495,42690.303,5006.0415,6165.6392,5236.3726,9981.4609,6709.1149,6524.1684,15611.4123,4307.4536,2803.2845,23463.7185,10945.38,15260.7744,13447.5178,4600.8992,4491.7338,3472.5094,4264.0495,4672.6079,435.0378,5980.6475,3663.1297,5185.9301,523.737,14130.6028,2168.4945,11204.9073,1279.649,14676.77,11738.988,5053.733,7899.1634,7833.0146,17906.6936,17582.0442,4204.6843,5019.5005,36696.1291,15168.076,17764.3409,2564.6278,6000.3494,19366.6568,6803.0731,9690.0967,1077.7432,911.7436,4195.9796,459.1188,13820.4152,2977.5778,2945.6918,79889.342,4581.9568,33225.843,5873.4911,271196.9402,59591.8101,1252.1191,47682.1888,10611.8193,1381.8214,3861.6908,43347.8392,7714.0199,29537.4943,3393.6784,73001.5029,27042.6859,25081.5061,1188.2385,57157.2006,40226.2725,504.9113,75110.3892,127659.1167,55233.5324,42552.3728,6225.892,14238.1174,1610.6961
SMP_E524A0CF563161E26C9E,0,526509.306,49728.1899,153157.7406,47167.5926,26518.5985,931725.5356,4615.1511,91540.9657,513608.9832,8134.0382,1691.1922,2478.4506,2481.8721,23213.8421,1624.1247,10967.7177,11066.9033,5007.404,4719.365,54436.3019,6673.1798,43834.7564,9254.5276,152466.7879,105666.5368,20182.4733,10882.4649,6604.9782,3706.7666,633.5351,18.9532,4708.6296,255.26,26995.9147,2747.2174,6766.5389,353.4736,1338708.724,66723.5453,15266.6062,701160.2293,158191.107,18864.8892,20346.8965,13077.7707,4123.8921,992.5905,3679.787,14839.5935,4637.4183,3550.9199,5307.5791,59.4263,22231.9282,7610.7071,5247.1694,3063.6619,1363.34,275.1849,5274.9873,2987.5013,14802.676,7137.3813,21731.522,20908.7517,1390.7759,130652.5986,3534.2562,3253.5355,41832.5931,33554.6502,36415.8907,315.9334,3.0284,2625.1186,551.7945,3190.4954,4063.942,3053.162,4574.8368,23813.1222,30745.056,6017.5532,5121.982,2871.2485,192033.987,237812.5308,28465.5828,2154.6146,6085.0599,10960.5947,2733.5502,81376.0874,153946.6811,65960.2031,77101.5371,29261.306,144609.8105,1335.6895,120777.0886,2364.1711,3383.468,6310.3181,37796.3379,57280.1725,16476.6434,33811.8684,82256.2347,3640.0518,7087.4762,2109.1362,569.9938,42166.7823,3756.9747,5550.4894,4272.1803,8477.597,4218.5339,5943.224,10865.9426,998.2662,1608.393,19795.2162,10118.9586,11515.8232,13391.1659,3746.404,3593.6516,2920.2435,3328.7872,3542.493,199.9308,5188.0692,4250.6701,9028.2372,2.9753,24016.8425,3656.6316,17090.8398,1108.4486,23206.0503,27595.0806,2960.2908,3692.2358,3603.7486,10045.7322,11906.29,3086.4616,1386.2037,23810.4542,9446.9615,12361.7891,2515.0494,3779.1033,13492.5265,5556.9685,8622.8201,820.9749,505.9088,2917.1974,388.393,15467.2549,639.5559,1629.0149,43765.2956,2607.1067,16648.0511,4438.2438,235434.1644,53459.4973,3064.0371,42596.3313,7246.2812,1541.1214,2299.7079,36642.4859,6016.1551,16026.049,964.6927,56385.6799,23730.6319,18402.2373,950.4424,38269.4039,18001.9422,1562.898,68875.1371,128576.0296,39804.7293,42926.7188,1931.1352,6113.3197,1136.766
SMP_DF7A0D14F8585E59E0C3,0,479182.0867,41656.923,116886.0428,43361.7726,23412.8618,840761.5069,2547.4484,72042.0604,450359.6384,7702.5759,1790.4441,2325.542,3032.4617,21788.1193,1273.9978,11473.3375,12798.0736,7367.2388,7907.2607,59672.8521,7548.7972,61592.9915,14880.6712,182021.5227,102219.4636,24607.5064,29755.5842,8326.9511,8170.4534,1032.2938,402.2088,4991.7887,660.4146,26621.898,1505.1626,6325.5576,607.3678,941433.2737,23371.1525,15037.1062,392283.3181,121744.6228,14263.9171,16453.3385,9040.4285,2972.0974,1065.3496,4057.4341,16178.7182,5676.3128,3791.6998,4420.5403,100.5469,14438.53,8107.1433,4183.2776,3387.4364,1393.2299,601.5758,8116.5197,3335.5314,20905.9846,12433.0871,25206.0546,24762.4679,2021.1534,137408.8102,2797.7571,4788.3056,53986.2694,31431.1381,48200.3278,562.9053,2.4283,2807.0717,608.951,2186.3275,5020.2145,3049.1114,2426.2107,22194.0947,17035.7256,7909.4599,6284.4115,5766.6169,160747.3676,253349.9327,22679.8977,2656.6397,6967.1701,16060.8309,2943.1574,82657.2545,169173.3829,79574.9654,84930.3683,45559.6028,126278.3413,1706.1687,74695.2777,2960.3946,4498.6325,8971.8929,42840.1736,59179.8189,16146.9675,21882.3802,58037.7206,3521.1398,6686.6158,1519.246,571.3637,31239.0644,3163.0539,5030.0385,4895.7104,8813.8649,5398.1376,5633.5959,15236.1503,3446.2612,1598.3058,22480.7853,12335.6123,12620.6955,13230.0237,5448.0576,3869.7726,3584.3121,3520.4205,4482.8044,411.6733,5658.135,2548.2289,6533.6722,1322.3688,20968.5022,2635.0525,10872.5413,1323.4579,18212.5338,12345.5704,3402.1864,6333.9213,6258.7068,14677.5501,17026.2014,3064.9527,2986.3249,40063.9184,15806.1495,11946.7631,2492.0381,4811.5727,15907.3355,6021.2372,7657.6996,1614.1261,1305.9882,4319.9251,1171.3261,10102.8528,2140.9053,2376.7146,54841.3644,2930.2676,21100.9893,6332.4698,246013.118,46827.7952,3907.5783,49145.8391,7130.5088,1502.1294,4137.4657,43210.8174,6729.0125,24790.533,2136.4474,70833.8666,26559.1017,24457.0073,1425.2045,50539.2374,26732.1315,940.7815,72225.7199,130370.9701,49159.722,42489.3284,4980.6276,12886.9168,1997.1456
SMP_FD95E096E94928E535B1,0,516413.2926,47055.3699,138391.0185,44839.8447,24572.2948,896433.9259,4047.4256,74299.2094,520224.061,8700.8117,2778.0228,2859.0407,1987.9979,19315.5127,1678.3216,9629.4495,15199.9437,10402.1802,6504.1671,77264.7882,8423.3084,68093.9669,10227.9367,221036.8567,91851.7137,33552.6484,33611.8997,6638.4028,3302.4373,185.7446,676.9601,5433.7411,860.5467,30488.082,3984.6816,6731.467,794.27,1200197.737,45056.5822,17046.0668,585094.3157,202680.361,19116.6718,22315.0675,13412.3702,4952.5922,738.9434,4389.2607,24661.4443,3347.3416,3965.685,6564.5311,277.9883,21702.999,7837.816,3974.9875,2866.3955,1265.2823,333.2718,8217.7014,5623.8041,29179.2727,17363.1484,33264.9895,23014.0519,1710.1058,135257.176,2844.3295,5643.9178,62430.9842,29464.6614,44662.0917,622.598,491.6247,2855.4642,693.0585,2036.844,4881.9246,3196.8865,2769.2327,22843.5604,19755.4272,11874.2781,4215.4589,5948.1118,149298.6036,241390.4931,34697.9956,4236.1573,6609.2909,15155.1888,3885.4687,67590.8846,171198.2871,82086.313,88738.4877,50314.5387,123138.71,2787.0361,51379.9469,3132.6322,3940.1264,9656.285,54017.4477,61141.2312,15917.1841,19500.3403,56657.9208,4695.7679,7470.1407,2328.3117,1761.0957,43473.6502,7441.3906,4607.3143,4555.4245,7314.6358,4634.9368,4624.8671,13939.8842,3573.5028,2594.3508,18252.6075,7011.498,12355.5651,12249.8999,3588.6423,1420.992,3384.5563,3306.7708,4911.4887,633.6755,5835.796,1467.0409,3070.1875,1282.3518,8291.8219,1714.4797,4537.9874,1365.8296,8245.4273,5935.5374,2543.2028,4811.1604,4026.2459,11744.7251,14049.7771,1447.8685,2770.7471,28922.6543,11548.4014,10171.9679,3647.5896,3960.7376,14593.4839,4739.6464,11871.6679,1482.2631,2210.1685,4362.1453,1077.5544,8915.8469,3201.5505,2472.4727,69594.432,4341.1983,26402.4928,5767.5008,250275.6119,49243.3033,1466.2191,42318.417,7561.5986,2910.1636,4020.2843,48221.7348,8169.1265,30813.8083,2950.4879,76520.0613,28976.9137,32258.203,2155.7385,50988.5237,32342.106,713.0041,77545.6681,117178.0666,58253.3393,43030.2004,5928.4211,12887.8755,1424.6006
SMP_1FB8B69C9E992993DB08,0,473627.7082,43164.2231,129424.2631,41243.4023,21489.0298,869052.0185,4075.24,72817.9064,482717.211,6979.6216,2215.2953,2638.8596,2092.8059,17190.3918,1326.2127,6845.9348,12037.1216,6768.7752,5466.7044,63208.4335,4800.2699,45871.081,10358.8624,177502.2165,52180.3133,30515.0684,26515.6688,6374.3227,5514.4414,2053.9949,247.3393,10493.6904,477.824,43239.7167,3090.0794,9273.6895,448.603,1256679.948,25805.802,18514.7186,463814.2827,291478.1955,24286.1158,22473.2223,11002.8826,5153.0055,763.2374,4141.7224,15340.3943,3064.773,5978.61,6412.224,37.7524,15802.5313,11030.1258,3723.7104,4195.9843,1646.0372,329.8313,4753.138,3485.601,24016.9491,11672.4176,27380.8863,14579.5195,2007.2762,133835.3943,2191.5669,5346.1837,66260.2562,29791.0577,78344.8284,637.2127,332.4238,3246.5368,711.9009,2982.2571,10766.3923,2713.3621,3104.3565,22839.5087,10904.3125,11276.2885,2886.3815,4911.5605,127469.9182,241899.1242,32709.9786,2708.5558,4799.3692,14432.1214,2285.9434,60065.7775,180084.2236,90350.518,100198.7734,70277.4883,91769.3051,3116.2542,48559.1185,3054.5071,3358.435,8240.5177,42088.696,50689.4633,14397.0495,18791.5197,59949.892,2997.9476,7546.7885,882.0577,2216.9671,37499.9256,3721.3521,5793.2309,4244.9643,7441.7486,9732.452,4207.1908,18392.054,5871.7334,4278.9176,15173.2611,7398.6755,9542.5521,9879.0993,3058.2191,3219.0635,1998.6103,3064.5866,2750.1488,410.1351,3081.3231,1237.3802,5603.9512,1316.3518,18237.9765,3799.143,4391.6386,872.0537,8535.8697,5942.7349,2297.8731,5948.8626,3170.6541,13862.1612,8230.0983,626.6302,1485.6252,18021.8954,6361.9594,10028.9924,2090.4387,3690.7811,10757.9927,3854.7326,14809.6896,3593.0063,888.3197,4357.3774,236.9621,8801.7818,2596.4026,1052.8432,46807.8968,3666.6105,18650.4169,5943.8827,235161.963,45082.7711,373.7669,32651.2036,5743.8919,2605.9455,2317.2837,44015.7816,9040.7244,23624.6386,2950.6664,70556.4122,18274.8635,36830.6241,1767.723,39273.7498,27245.6621,330.7703,62990.6436,90412.8851,59503.3755,35914.9727,3922.0508,8594.7011,1262.3824
SMP_A2153D57AE100EB47033,0,473374.4609,44621.1272,142392.663,46011.4543,23959.7186,902242.0787,4416.6598,73125.2012,552825.7383,6846.8355,4293.7734,3598.1681,3624.6427,36831.8578,3248.0079,13764.0592,17091.797,8271.9188,6365.3408,73960.9071,6227.3296,62871.3008,14835.0301,211762.9861,87870.2702,36188.8875,27204.9127,6720.6509,7062.4721,793.2338,403.0555,6313.2252,1749.0839,38178.0062,4385.718,8361.5287,578.8828,1261554.118,77516.2085,17419.6137,678388.1672,424623.5028,30037.6823,16924.6616,14911.6022,6907.9065,1135.7833,5378.9513,19989.9672,8860.717,3731.5521,8988.4532,253.4175,44541.8921,9087.6803,4219.0021,3287.6733,1441.4665,214.075,12789.9877,2697.5382,18144.8454,11632.4088,24419.4736,15565.1129,2075.0725,209741.3058,3542.1267,9611.2306,103796.9176,37505.2069,71188.7257,668.8888,135.7645,3726.2445,926.0766,3780.0704,4552.7508,2681.0939,3972.0833,23208.5054,14951.0611,13292.6313,3665.7223,4787.6568,150258.1223,278783.6824,16675.4033,2970.8128,6112.5615,14285.3911,3048.8691,72577.6219,192924.5983,78801.7381,70877.8662,63292.5918,119475.5074,2830.6411,101304.4445,4128.35,3758.4968,8633.457,42371.6623,58534.6469,17641.9273,32114.5029,94338.2263,2724.3807,8173.8022,1867.0304,766.5564,57934.1759,6573.6143,8134.4157,4750.0726,8037.5102,6534.5931,5779.5355,23638.9281,4362.9293,3381.5938,14687.3635,8432.0296,7848.3226,9043.7473,3906.7589,3956.0941,1920.5614,2105.2951,1385.1788,545.1474,3551.6807,1256.775,4287.8663,585.3673,12526.6105,1800.8599,8455.5063,1357.6678,12751.5862,14147.3568,3320.6233,7817.5148,3589.0218,15701.7732,15708.2564,7579.259,1681.4943,28828.173,10308.5952,21272.459,2637.509,4051.2992,24170.3278,9278.595,15105.2618,1974.5187,2006.0086,4000.6681,654.9252,14400.033,3371.2333,4348.7216,82781.239,6019.9814,29238.112,11301.1998,295919.7355,75371.1578,1630.859,41988.7428,9413.3029,2936.6347,2632.043,47220.2671,8590.7132,24709.7092,2251.3271,68839.3563,20857.3654,27727.0194,1221.1438,52539.4659,26655.0609,890.9969,85693.1669,115921.4678,59240.5217,42343.4794,4807.6574,9679.2214,2294.7381
SMP_260F25AFD926D8FD1028,0,529194.9656,47529.1296,139529.4047,46399.961,22786.7432,864367.1001,3846.5594,68169.4264,496193.7325,9462.5536,3161.4271,3297.9565,2622.9069,28756.3276,2231.2407,16871.2804,20137.1985,12328.1337,6213.7192,90524.6692,9090.1919,86628.9044,10819.0089,247469.8888,97755.5031,36480.0653,38456.3289,10074.2055,3773.2766,1309.5995,425.3687,6934.2,1013.22,58004.1559,5197.7663,14044.4259,963.2441,1550405.873,95029.3572,22105.3426,977139.896,184499.7966,20298.1554,24061.5875,16280.4528,4190.532,1472.9638,5388.2902,39395.2954,8346.5401,3838.1962,4554.0112,213.2714,35513.3326,8541.2555,4278.5058,3147.4932,1503.0224,157.3189,10871.4133,3714.4877,18440.1913,14247.5681,25911.3859,14431.2774,2429.9212,216470.7761,3976.0302,9634.5847,95898.1132,41258.3199,39457.5161,328.4408,410.4506,3202.7841,1001.1007,4398.1561,4126.9372,3491.1677,4608.4004,23371.0083,23244.1016,8841.2092,7400.8937,4928.9979,174729.8734,236423.8159,19406.8236,4455.5557,9038.912,14587.8949,4263.5926,88760.8837,150745.9844,67936.0133,77506.6006,40916.7298,141965.7605,1818.733,93168.1422,2825.9421,5979.8668,10528.2652,47837.1704,65754.7077,21674.4225,31875.2846,90342.737,4604.3647,9408.8898,4124.1416,1237.3253,50156.5145,3799.8014,7165.8074,3967.536,6557.0987,4420.2969,5406.2098,12534.8359,2891.7111,576.8918,21464.7759,10966.8515,12951.876,10351.3793,4309.0856,3854.1542,3554.6887,2157.2518,2977.3595,371.5661,4903.4351,1518.8874,4273.5679,962.6298,10270.4319,1308.4827,9551.9429,1264.2652,15069.0827,13622.4,3477.5396,4351.6318,5115.2321,12278.3246,13910.135,2576.8484,2662.2428,31574.6035,10474.451,11500.9707,3576.7648,4611.5666,15550.619,4937.2459,10915.7226,1982.0402,1699.7696,5793.9609,1384.7309,20313.4188,2374.1659,3262.5942,64654.1408,3943.7361,23013.3756,6992.179,257723.5716,48654.1374,2361.884,50108.7467,9924.4226,1956.2298,4684.3084,49168.9905,7090.1063,33815.9585,3506.9585,83454.07,25174.069,26137.2535,1864.9533,71785.2496,39263.4954,1438.2859,96857.2178,120719.2828,62013.4531,38185.5897,8268.2744,12448.712,1623.1241
SMP_EF9D58132DB6C83BE936,0,493558.5246,46892.3607,142348.1986,43336.7148,24853.0349,883351.6331,3458.0059,68898.2326,489534.3863,8644.897,3905.9818,3724.8276,4003.4908,27908.0561,1451.5194,13663.2642,19605.8393,13049.0498,9176.2449,80723.8544,13466.7565,79150.9728,14384.2534,210808.0157,112175.6145,28826.285,36949.9546,8368.0661,2580.3273,1064.5794,664.6185,7585.8166,944.5481,57817.6449,7444.2361,13406.948,680.8821,1745514.965,67664.35,26835.3492,1009425.339,223058.7831,24531.7767,29484.606,20531.632,7365.8695,2628.8419,8507.2929,49997.8032,9220.9591,5000.9979,7891.8085,417.9581,52886.6104,10580.7285,5489.7037,3828.1126,1920.0663,3.1443,11200.5685,5699.5668,23299.3923,17732.5095,30879.7223,22215.8358,2576.2008,161608.0817,4260.8685,6818.9217,79311.4209,38335.707,41381.3822,598.9635,521.7573,3226.0337,843.1876,3256.5881,4630.0128,2651.2604,3968.8733,26322.0053,25314.6868,14793.2572,6408.3873,7212.3084,169774.5076,239346.8673,25068.1984,4929.8759,7883.0486,14925.9967,3837.0706,77999.6663,161946.4266,70605.967,82535.5681,45774.2528,114342.4121,2293.3931,84247.1915,3337.7163,4343.9579,11869.9067,50125.62,58584.4152,19238.0478,23273.0128,69644.2199,3862.5075,9350.2662,1807.7572,1491.0686,43850.5023,4471.5987,5345.0514,5897.503,8761.7035,8042.3509,6030.3098,17947.7263,4414.3349,3261.8574,23628.419,12271.8047,13085.8939,12874.0336,4523.768,5477.7511,3373.119,3224.1289,4602.0414,403.7061,6230.947,1913.7279,4773.5657,467.7217,13400.517,1456.9941,7296.73,1028.3092,11641.0073,11946.0378,4028.4057,8573.3674,5934.8389,15850.9575,21189.0163,6066.322,4258.049,44356.2608,21543.2027,18647.6916,3040.6552,5853.7885,23400.2993,8493.447,10050.5158,1586.4566,976.2258,4529.2172,680.5525,11079.1111,4632.0759,4076.9531,103566.8663,5150.6367,33743.8254,7888.9075,263099.0665,57004.7104,2783.8155,49909.5262,8484.7257,2326.039,5528.6552,49210.378,6703.5632,35990.5909,3559.2602,77614.0678,37666.4808,24938.3648,1949.6423,60864.2957,35439.1491,1732.0815,83866.1021,126162.2425,49352.6381,43602.5046,7126.0109,18697.9689,2169.0882
SMP_F82781B871FF89AFCE92,0,500568.7183,44387.2939,135112.1841,45895.4016,24189.9585,918838.0112,4287.424,63391.4813,515155.8639,8908.6796,4559.9083,4208.4463,2188.5736,35299.5124,3039.3695,20212.0578,27596.4421,19770.4209,5213.9453,105753.8475,16409.671,96474.5014,9218.1207,201585.2598,117846.2654,40635.7968,31243.7144,7517.6563,5896.3616,2202.5155,526.3931,10126.1879,480.213,60624.834,5932.9092,11322.5579,585.8041,1367522.911,83020.7433,22733.9005,1124235.793,192584.6469,17884.9764,17385.5953,21416.5776,5717.8343,2009.7646,5456.0462,23060.6135,7882.8825,4013.8495,6989.5866,595.4122,30798.7443,8851.4906,6434.7966,3685.196,1575.0606,636.0931,14892.6346,5234.3945,21962.652,14528.059,25230.9978,15845.2892,2454.8461,197057.4957,4196.0732,5876.7852,71366.3559,41661.6454,36679.0504,328.7403,3.0038,3097.5742,388.7969,4201.7059,5004.667,2343.7013,3053.2464,28059.7587,32805.8945,10641.4713,8819.731,6617.7008,204931.753,257467.532,29513.1877,4143.4355,9042.9575,15727.7599,3744.4447,107877.8932,166039.4,75620.7265,100290.2528,37439.7519,122273.5823,2139.6303,95096.8492,3316.5177,4404.4367,11815.3193,59882.0209,53629.2714,17973.6799,27289.1761,71514.8054,4208.1509,7884.2299,2644.597,1006.0459,40978.9061,3138.7769,6398.0832,4712.1961,9254.6732,3945.5131,6086.9934,11507.9582,4010.7618,2133.9732,18618.1067,8797.6013,12049.5767,12259.0878,3618.1157,2649.1701,3105.9315,2789.1693,3364.2469,268.8144,4278.2516,2380.4576,7136.3374,829.5466,18665.6809,2057.5789,11802.6223,1310.4636,14992.0861,14543.016,4506.0563,7153.9157,6005.4257,14145.4292,15750.907,3630.3002,4369.1236,29025.5199,12573.9267,13579.9215,2877.1919,4762.0975,14485.6306,5638.5412,10180.2427,1011.9294,2934.4648,5486.8126,765.8645,13419.2347,5098.4189,2938.2011,96220.0866,5605.3749,32611.8031,4512.3758,266548.0784,64736.1542,1680.6056,52905.9019,12672.8113,2305.5484,5614.7685,52552.4774,8259.7382,37295.9906,3992.976,74944.6648,29040.7357,30590.1641,1096.4286,52624.2753,39049.5079,347.2828,61273.0551,98896.905,51832.9355,32961.0042,4132.5188,10071.4232,824.675
SMP_A1E3788F9A168319AC0C,0,502864.4956,46589.1131,138738.8883,44816.4023,22974.7371,893006.1113,4109.8682,74249.0356,475551.7616,7754.5651,2448.9758,2710.0223,2085.0914,27945.3139,1787.8688,17745.682,17655.272,6189.8561,6618.7871,66965.4786,7327.8251,56411.5368,11016.6737,195040.2616,121895.4229,27621.2233,27242.7396,8198.9356,7315.0846,1450.6128,562.2699,6563.7535,1139.7033,53700.6276,10700.6465,11060.6749,1281.5557,1490665.071,178030.0277,20993.0655,1419649.044,372172.0752,37216.2874,17334.1742,26763.8502,10021.1579,3785.5218,10419.1349,41876.8235,9519.159,4077.6459,4357.1607,401.3547,60266.3909,7436.1434,4753.0483,2446.9079,1250.7632,162.8761,14055.1518,4534.4331,22164.3448,13577.7958,30014.3565,31499.3635,1609.5415,160316.6062,5285.3419,6446.1992,65562.7508,36252.0341,43274.0295,248.2018,269.48,2918.1243,619.0495,3597.9396,4271.9628,2664.4304,3797.3188,26419.7589,33286.5031,9773.7326,4921.8882,4843.7427,169303.474,241904.4842,19148.0833,3299.0274,6689.2411,12572.113,2699.346,72833.2078,166631.4062,70650.5939,82076.0667,39348.9366,116546.8072,1415.1837,68649.8811,2632.6459,4349.0632,8934.0279,57360.5146,60500.0199,15196.3461,22444.4731,73578.2359,3615.1201,7697.2199,1316.6721,802.9798,47912.9822,5180.9448,4977.8651,4636.0809,8432.2706,4820.104,5566.1275,15159.0792,1987.7654,1976.6567,16056.9225,9005.937,7208.7901,10927.4236,2425.9282,3728.6386,2369.8799,2760.9436,4069.2343,741.9907,6278.9071,2207.6746,4456.2679,624.0094,11716.6363,1539.1998,7738.3337,1240.9213,13199.0796,10531.2527,2307.1943,3399.6996,2970.3854,7004.0601,10338.9588,671.1967,1207.3644,20648.7805,9432.9689,11757.963,2551.0242,2728.3888,10751.4671,6461.4265,12722.279,551.6503,1344.167,4905.0581,1322.0837,13716.0966,2518.2476,2647.8139,57396.9993,4548.1351,22175.8982,6250.1065,262644.3378,60079.9023,3092.4507,53964.5964,12441.5705,2225.5865,5156.9923,50314.0374,10515.5662,27647.6701,2446.1151,76144.5043,27620.4001,29444.9917,1551.4409,55725.8043,28011.8884,545.7657,98142.5435,156068.5516,60826.7645,56878.0983,6577.4896,19825.7195,2994.8293
SMP_1D940184DEC5CD8F1FA0,0,523339.0621,44867.0569,141187.6445,42799.4013,23518.014,843233.7486,3783.8148,72835.0557,510614.6132,7306.3297,2345.8196,2487.6528,3031.2496,25962.3573,1828.6342,13473.644,18451.4266,9057.3163,8560.5964,75908.934,11237.2985,69626.7432,15489.0644,220850.9478,139445.0632,33949.9448,37984.6862,6703.9037,6623.3812,1068.0032,598.9941,6736.6525,1779.9532,45791.3492,4702.3006,9929.913,1001.3086,1518273.839,79919.6761,21474.2358,1054441.307,345342.841,36681.4133,20321.3009,20802.8294,8182.2487,2223.6129,8675.37,36945.3208,23837.5956,4141.3038,7236.2921,458.2325,102079.1001,8463.539,6438.4043,3016.6759,1815.5696,306.7184,9321.1153,4218.7812,20316.2104,11797.8506,27038.8659,22855.4301,2053.6101,188976.3962,3639.0475,7083.3811,83023.5674,31107.5537,36982.9031,314.9794,207.0061,2726.2367,1200.5711,3912.4317,2930.9664,1597.8129,3915.4178,23560.1705,22779.864,10079.9186,5410.7145,4895.8652,182856.9363,255332.7161,24189.4813,3627.8653,7328.6622,14313.964,3750.5159,87843.6686,177820.0785,61825.0528,80604.4047,33034.9976,122327.633,1862.866,145424.446,3582.1305,5013.9093,11984.9421,60000.6834,62568.5244,22700.6788,53998.4887,114360.4584,4599.473,12303.7693,2571.8053,1679.8319,74833.6236,5584.2136,7221.9983,4072.0609,6485.8079,2899.0973,4416.2393,11131.2748,1407.8807,1763.1464,18820.5611,7080.3589,10231.4933,10057.1172,2818.7892,4911.1578,2434.5207,3431.8584,3179.049,954.1392,5071.1988,2603.1079,5076.5782,318.8039,15081.9762,1259.9885,8036.3428,990.5665,16532.8949,24846.4795,5028.8391,4571.3612,4730.704,14968.5117,10747.4355,5791.1822,2328.5922,23318.7859,9879.572,18125.9338,2930.7443,2691.747,19791.5933,9841.3092,16474.9315,1475.3108,2297.9945,4261.3149,1643.7619,27694.2621,3131.7111,2344.0096,66843.2746,3843.2831,23189.1285,5104.5502,233431.682,52971.0055,3588.7909,40404.3574,9636.7807,2002.8053,4296.7267,50055.7111,6958.3476,27574.7828,1802.891,73197.8218,30775.8933,24520.5085,974.4215,51952.8371,26083.8876,1364.0123,80205.2358,135418.4027,50135.8837,40551.772,5635.8423,19069.4499,2916.9791
SMP_467CA0F8816815308C5C,0,522293.3194,44419.89,146681.8823,45130.0791,24807.4775,912088.6922,3844.6276,74309.8481,473564.0309,8616.576,2868.6885,3354.0523,2613.1356,25422.7536,1674.8058,12303.6866,14226.1219,11318.2332,7008.2562,68538.7559,8283.029,77217.5669,11842.069,183920.5036,97266.0431,27591.304,34941.3062,8299.4785,7464.6148,4183.3825,825.2752,7849.3003,1099.0224,56886.44,7430.8609,13230.3138,854.2453,1469807.885,95881.8669,24612.6299,888412.1754,160699.3784,18573.7552,22361.0796,19832.2953,4326.9787,1613.7216,4936.2405,20831.6033,6950.395,5194.9352,7340.564,268.066,30628.2439,11288.04,4444.5014,5351.7383,3092.582,654.0141,14144.3612,3616.282,21496.9893,18280.0835,31141.8668,23155.3233,1259.7643,126312.1657,2999.3779,4432.8766,62998.2912,41324.6036,36679.8074,282.2089,253.2483,2440.1934,1132.9258,3272.5638,4283.1776,3069.2457,3744.9694,24880.6122,21847.3741,8158.2287,8168.2957,6153.8759,177631.5038,228419.4175,24080.6832,3578.2181,9630.9465,15669.6833,3741.2004,96969.8489,157571.9297,79530.0866,75337.6336,48289.7347,113210.2058,2394.3043,79359.1598,3153.698,4611.9895,10575.1901,39763.1916,58352.4374,20048.3571,23907.6346,72662.4657,3496.9461,8013.5155,695.9442,654.9507,39593.8866,4281.7094,5564.8023,5681.0294,9428.3076,5888.801,6457.5759,14423.6779,3463.0325,3101.0367,23169.4594,11052.1679,14315.3398,14149.2229,5338.3987,5754.865,3383.9734,3936.2449,4423.5915,519.6518,6524.3334,2802.9619,5874.7781,685.4234,13207.2206,2638.5793,10001.6852,991.0688,15772.4652,17312.1275,3885.4734,5501.1204,7116.1518,16432.4463,15288.4338,3126.003,3559.6558,35058.1375,17825.5713,13757.8591,3608.3844,6232.4392,18380.5413,7265.4989,8128.8241,1713.5205,1445.2051,3602.3623,855.5421,17438.0095,2270.1003,3663.299,72230.8373,3730.6748,33656.6441,7538.5639,271605.1364,52947.221,2485.6405,47849.6663,8628.8962,1405.3117,4513.679,40734.9305,6519.6112,30237.8436,3408.75,69117.4129,27071.5761,21709.4526,422.192,59179.2139,35452.7574,498.3316,74104.6926,117108.6071,48761.1992,36120.506,5542.6392,13879.1002,1997.9356
SMP_3AE44A72121156CD93CF,0,527607.2984,44124.5032,141033.8883,46770.5394,24418.767,924416.3068,4010.9812,72423.5716,493605.3083,8579.6443,3245.2561,3065.4444,2444.8952,25136.357,1440.5669,15074.0091,21350.3536,13977.9254,8513.0237,96157.4356,11269.8071,84423.2774,12244.6173,235521.8446,106703.7509,35305.9702,41069.8161,7662.2993,75.0901,1529.4449,407.6211,7356.7265,960.6082,53434.0242,5213.4582,9634.8427,414.6354,1387285.428,104958.1248,20036.8048,1178229.701,353908.2857,36658.7271,17130.0118,20346.658,7600.3815,3773.4111,9624.7637,61015.2483,22291.3182,3124.2686,21180.9733,609.6964,59530.3446,8452.0049,5408.9638,2955.076,1425.0094,403.659,7898.6751,4009.155,20679.1246,12909.4736,27225.3648,17760.4804,2844.3422,293883.5969,6179.5912,11571.0344,124208.4307,55012.2358,46134.531,788.073,523.0383,4677.3665,1116.7558,3530.6445,2800.0103,2643.4963,3592.6267,18154.0409,15107.2042,7666.0929,3322.1878,3622.6393,170544.8849,234508.8449,27771.3279,4454.5767,6123.0367,12543.1527,3121.7776,77428.4785,157100.5926,74737.3969,85633.0261,38470.217,155459.4175,1971.8422,113577.9073,2069.5313,5090.938,8144.8172,49150.3461,78044.7563,21569.6247,37878.3009,90853.1662,4313.102,8248.1815,2191.2678,1207.504,48796.9979,3262.1275,5651.7484,3311.6064,6470.9567,6516.4175,5067.0854,12794.8352,2461.955,3403.0189,20445.7084,9117.3615,10807.3694,12730.9973,3770.0945,4712.5029,2783.428,3019.9275,2719.9684,3.8537,5030.8979,1604.2436,3697.8766,501.9596,11119.1031,1635.3463,7106.0039,716.3593,14800.0347,14680.0155,3741.666,5835.6081,4491.8234,13736.2071,15077.4928,5046.7638,2422.6683,28350.4189,16743.9919,16533.9057,3444.7878,5837.3233,18155.8591,8752.9839,10189.9155,1296.8889,1820.1713,3700.5804,779.7822,16194.2861,2796.0394,2809.3719,70459.5326,3092.5299,25375.6991,4393.3569,233294.8183,49626.3587,2295.2169,48613.2941,8541.7781,1570.7841,4616.3754,48274.2955,7960.1556,31299.5371,2970.9108,74330.0543,30137.9937,26489.8308,1293.8415,43090.0264,30170.1878,494.6128,59935.7011,105247.9932,47828.5863,36476.9908,4809.3904,13377.625,1686.3111
SMP_641492EA253A05F66F36,0,506637.5178,45935.7811,134024.6047,45185.0203,22474.2323,873638.3793,3692.9795,70301.4341,518220.2864,7358.6261,3270.389,3059.2095,3607.6134,33065.8731,2096.548,11150.3416,16791.9386,7685.3558,4329.806,71369.9918,9812.7697,66562.1231,8676.2765,225193.0127,136109.1159,32603.1707,34031.7954,8369.2616,7461.3957,1316.9735,480.6725,8098.8477,1122.8356,48073.9412,5977.132,8483.344,798.1117,1001037.036,95378.3635,19530.0189,978557.9841,259169.392,44029.9115,12584.6549,23280.1304,8406.4198,1451.9873,5983.9265,20380.0616,7372.3862,3091.1636,6775.6812,576.4309,49974.4536,7178.9548,5942.513,2868.6076,1318.4683,267.1814,12771.1341,3930.6503,24775.2515,13762.0915,30820.745,32140.248,2272.1956,170156.068,3893.7428,7250.9167,73674.9659,35808.601,48390.2468,342.5263,147.0073,2158.5579,1187.9725,4059.529,4919.0793,2897.1712,4897.9522,25306.2666,22322.818,11973.9753,6288.2728,5947.0023,166741.4501,248204.7257,38530.8984,3307.3299,8551.9226,14761.0598,3426.8806,73915.8349,172627.3303,72671.0788,72126.5397,51807.5187,106177.4849,3940.4183,67994.1976,3282.5369,3644.5148,9717.5457,37774.6944,53171.554,21901.5195,22703.6222,96238.1714,3074.9424,9835.9528,1565.8524,1087.6242,56636.9357,6332.5618,5132.2555,5285.796,8703.6189,4635.2735,5700.4739,13469.085,1700.4801,3210.956,14779.7037,7462.4178,9643.6804,10703.1677,3039.6281,4753.1855,1911.6862,3380.2687,3663.4587,606.4564,5489.4857,2335.7808,4776.8973,1746.8238,13371.2682,1980.4049,9716.7447,880.8243,11521.3798,13880.22,3416.3131,6477.4765,4466.115,15212.475,12680.9804,2962.2904,1709.8095,24864.4511,10460.9598,15638.6855,2642.5672,3809.5029,20185.2956,8834.2799,17484.2456,2937.7372,1633.5405,4076.579,726.9146,24496.7582,3386.0161,3670.0797,73751.2017,5425.2105,27594.7247,8852.8297,265313.7005,60227.6502,1315.5728,41870.3784,10194.5871,1621.2108,3933.2557,45449.4001,7341.0514,24912.339,2517.9576,70403.5393,28250.5605,25802.4163,1794.5355,52470.54,29402.4887,883.4773,84312.0575,148103.2106,62107.9639,52560.4102,5972.5319,16190.7053,2609.5858
SMP_700D0F6C3E2DBEF8796A,0,484100.6705,44920.6011,139660.3458,42652.2338,23550.2704,909164.3051,3287.5104,63269.1964,488960.8768,6401.2859,3770.5071,3196.0236,3449.8209,27641.8191,1918.385,10832.2157,15643.5618,11962.0914,8228.7089,98059.2594,9372.0568,84357.0179,15329.4896,292004.2858,95053.2628,36194.3152,58691.3858,12422.516,5557.3785,809.6943,238.7241,6601.7892,694.0226,48177.5272,5662.7543,11418.4066,890.4857,1231428.893,83616.1398,20207.0086,969874.136,303177.3277,25762.6026,14739.194,21326.0111,6486.9858,2093.5817,7837.9437,40198.8821,7757.742,3231.5453,5289.6253,398.7597,44658.0821,8618.797,5292.7482,2954.3948,1368.2365,202.84,14285.2932,3904.7887,24073.0292,15517.2204,30860.8015,21160.7315,1939.3702,160018.7052,3555.8945,5932.1316,66227.1811,30721.7202,43776.762,544.5131,118.0044,3363.1866,821.0182,2542.1539,4562.1355,1859.8611,3150.7256,25129.191,22973.8577,14849.093,4668.0098,6044.7182,160122.1429,272286.026,26922.1486,4695.516,6318.5408,13788.616,3708.1807,74540.8059,178298.5114,82675.8055,92916.2765,52102.5045,124553.3779,2364.5328,82702.4103,3078.147,3485.5133,9033.3206,50335.329,53116.6024,17724.0586,21172.6231,71446.2416,3204.1333,7321.9739,941.5501,1091.8896,42917.368,4355.8111,3429.7625,5537.0259,8715.1673,7564.8505,5860.1093,18696.1636,4558.7636,2861.8394,16194.1538,8359.664,11183.8174,10713.1326,3766.6245,3383.9385,2448.797,3181.2924,4171.369,630.5998,5400.4886,1958.8,4663.366,700.2292,12561.5407,1867.5546,7907.9742,878.9026,12500.8906,9704.142,3060.5824,6464.2891,4719.1207,16430.2939,13128.5308,3243.2824,2680.9067,29935.6268,11190.7407,15624.4792,2499.5765,4744.8081,15680.6,5268.5636,13877.9999,1841.7702,1231.6242,3565.6006,859.899,13418.7143,3977.919,3883,83315.7562,4638.1408,28826.4216,7155.9506,260202.0288,55196.6261,1888.9906,47161.5996,9300.4846,2902.4676,3836.1701,50516.3033,5995.2777,37647.5868,3216.0486,91144.6867,32566.1985,29502.107,1786.2739,67575.168,35756.8702,490.0106,103104.5405,119686.787,61198.1998,40442.899,10974.7822,18408.5788,3043.0266
SMP_B4E17CD3C98C1446F621,0,515684.3919,44333.2444,140732.4164,44258.8816,23819.8046,936557.9591,3892.0141,70499.4637,508034.2478,7005.7876,2967.7397,2969.4399,3849.5648,26697.239,1909.9327,13129.5272,18937.7466,11956.6066,5187.5113,92935.2842,10128.8365,93149.3787,9625.099,264212.867,116520.4347,46003.4998,36482.877,8676.3379,4990.9212,1517.9242,646.2971,7992.2399,1607.8458,51963.5094,8650.5762,17541.5762,3058.2938,1167119.06,102456.8737,20595.3656,687350.6053,160587.6416,17572.623,19235.6465,18165.2947,5563.4599,2253.4145,6146.5635,37132.1656,10623.3061,4183.268,6107.0567,294.5571,38830.0291,12611.6351,4987.0973,4950.1405,1862.1299,442.1249,14271.2016,3247.1547,19341.7473,14227.8147,24971.238,17515.5755,2684.3488,172751.6809,3889.5269,7053.1679,77234.5776,37646.7448,36312.349,524.2269,613.5315,2662.3736,966.7867,3716.5909,3924.9196,2591.4102,4800.1162,28601.4913,32974.2731,10894.0065,7821.3814,6459.628,193088.3271,256451.1146,26947.9453,4392.9466,9419.2654,15146.9454,3877.8024,88949.0871,172520.7214,78388.3,81618.1386,55583.7083,121707.2172,2855.3453,105815.1744,3578.3769,4053.1463,10339.8145,44019.4747,55786.745,17403.7834,31884.1791,84077.6309,3442.1172,6503.7809,1845.5458,1049.7785,49843.9245,4410.6956,4975.0674,5497.3971,8644.5069,4914.8786,7205.0488,14588.6999,1721.2017,2040.8823,15506.6495,8982.9003,8819.5781,10729.3898,3387.3002,3077.0818,2601.6054,2816.9148,3528.3141,334.8678,5336.6712,3840.612,7911.9447,1143.4688,23548.8638,3078.3227,15652.9169,1507.6434,21186.7788,31179.8504,4294.7127,6110.6076,4990.1761,14690.4002,12165.2203,3673.9526,2590.0782,27835.3662,11591.8787,13661.042,3637.622,4962.3702,17593.1957,6367.0318,16541.2272,2319.0707,2173.8884,3827.7264,526.064,27635.1368,3330.887,3111.9534,71370.2721,4809.0259,29106.6301,6260.9454,262252.4334,62088.2377,1054.0769,40396.4287,8783.5192,1878.8854,3914.903,44094.3966,7862.6193,30249.4056,3646.6886,71120.0578,26884.3453,27291.1247,1314.7001,56192.673,40748.4821,358.8156,75387.1886,116159.4514,63278.7904,44276.5521,5328.8212,12507.5554,1705.5143
SMP_69A9412603D53DEDA140,0,525613.9232,43281.6121,141356.6988,47310.9138,24977.8381,910639.5764,4077.9817,69766.3167,505642.7014,7519.2612,2797.1801,2385.0129,3192.3249,22370.8025,1102.1486,9359.5116,12452.0925,6722.3357,16068.5027,68365.5172,7477.289,55485.3984,18489.9409,201510.0609,88799.8911,27234.2147,41812.7211,9184.7718,5219.0672,629.3285,447.17,9258.5137,1596.4101,56305.088,7011.0842,11693.8863,690.5068,1220734.661,117529.1452,19207.8348,993778.9084,184633.4303,19980.5612,13858.1853,21531.4989,5332.9279,3378.2123,8143.0318,42293.3108,14989.9089,3669.3769,7762.957,468.446,57996.1003,8207.4724,5837.4609,2445.4605,1378.157,537.3868,8553.9564,5535.0672,31211.5998,18175.9103,40639.9231,25842.5376,3253.5765,225731.3423,6743.4836,8305.5357,85835.5518,51359.9909,44391.9756,717.4199,312.1174,4275.5232,1113.2415,4635.6117,4096.1153,2718.9162,4437.7805,28371.3561,42578.7972,12811.7404,7997.7228,6181.4705,203458.5538,244165.8019,28373.4445,5176.8305,7948.9196,11794.5183,3587.9388,90128.4998,155793.1865,70266.4208,80993.6634,36870.6368,122928.1398,1876.4022,122692.5584,2295.3399,3086.7131,9571.9377,48822.3543,51249.0095,19298.2327,36906.8619,96639.8118,3908.7924,8465.8918,1461.055,1344.9111,46434.6347,4882.8698,5608.0605,5771.2522,10261.5064,5573.6308,7276.587,14967.9374,2746.1163,3206.2268,21471.8487,9816.8167,11037.9973,13767.1222,3465.662,3990.9365,2479.3366,2953.4041,2718.0507,144.2601,3532.6232,2899.3531,6396.2462,1067.8726,14202.931,1169.391,14363.1351,1274.5007,16606.1587,22532.5162,4039.4769,6540.3813,5335.4487,15118.8256,18215.0689,6724.3286,3264.6565,31767.7295,17214.8775,17856.0032,3116.2035,4485.7946,18071.7741,9418.1446,10327.1952,1365.2098,1224.0085,3167.5887,821.465,18440.945,3153.4488,4138.1263,67454.0072,4464.3529,25928.1072,7087.2257,247460.3998,49195.8788,2690.2534,40575.4445,7035.1991,1618.532,4532.8168,43733.5718,5648.4972,27053.6172,2826.0658,78545.5019,28102.593,25926.4906,694.1986,54369.8937,31045.4021,1246.8644,85685.1067,124906.8539,58944.1075,35459.3405,6830.5896,17424.5428,2467.5109
SMP_74D19F1DDB3F124CD4F3,0,548028.1888,44402.2783,155659.114,44331.5412,22857.6654,951653.9687,3926.8256,64124.5325,504346.7265,8568.5049,4146.4421,4867.2291,3195.6751,32996.9973,1833.176,14781.8354,19164.5956,14896.5917,8394.7591,98601.1278,11904.1278,99428.4155,13851.9592,247631.2238,127922.3859,37777.8305,49788.6177,11352.4898,4890.7858,1744.8124,403.5564,4744.1255,1266.7484,32977.4067,3454.4194,9003.7942,428.2274,1381149.054,56312.1896,18378.3995,523782.8879,119573.1697,10810.0941,21566.137,14157.1452,4134.9767,2027.1211,5601.2641,42463.6134,10960.7111,4452.7917,4417.0618,128.8771,28504.1353,8478.6382,5735.8441,2784.2746,1510.3339,517.6098,15879.5161,5160.1802,28297.5166,17818.0234,32704.3793,23786.7938,2210.1487,175003.1437,4120.4979,7067.7191,74627.5976,45881.3065,36317.4938,705.6398,520.6757,2612.5142,984.6458,3792.4627,3063.2305,2370.5343,2949.4332,27651.8557,28757.051,7555.7802,7871.4209,3585.641,200599.0301,217975.0092,23897.5351,4270.0174,9719.4227,12086.5099,3020.3748,96510.963,145691.1928,67834.9426,75248.1147,31354.7001,130697.744,814.6366,109405.1519,2827.6155,4663.6633,10720.0824,43312.4383,51974.0154,20501.3005,33910.1451,74131.7499,4011.8059,7787.9798,1511.0841,1005.5669,39817.2167,4909.5719,5308.2073,5773.9708,9168.9099,6582.9347,6351.4796,16178.993,3635.637,2962.598,25591.5635,10632.8952,14212.811,12448.5651,4734.7186,4945.9956,3684.7651,3148.1831,3792.7063,302.7719,4819.9918,2282.0913,3538.6116,685.6684,8547.5487,958.27,7894.0335,1206.8755,10940.8362,9757.151,3970.8957,5246.683,6291.97,13883.4096,16267.3267,5364.1117,3227.2788,34421.986,13822.2477,15491.3399,1572.0638,4939.861,19062.6328,6525.6177,11702.7671,602.8225,1572.9852,5366.9725,732.0031,19366.971,2940.6079,3175.0213,74462.6172,3707.4788,31135.3241,7174.6477,262911.0326,54775.5026,2300.7687,48545.6831,8534.4878,1806.6896,3686.9991,45469.2643,6957.8023,34782.7153,4414.1587,84952.2019,31406.1975,27604.3105,1254.0729,65550.9667,38411.0774,819.4263,89403.9009,124559.9991,62655.7239,39838.0249,7665.673,16093.3326,2569.8719
SMP_A57566D1A0C6C62C5F3B,0,533012.1105,46097.4768,139687.8768,41633.8625,24010.5394,849535.4714,4321.992,63092.8458,491277.9874,7612.2627,3783.5267,2973.4877,3149.7716,26284.406,2185.5092,14895.5212,20584.4554,14029.9479,10837.8091,93409.5964,11600.7391,92156.4976,13798.8005,244460.9795,102433.5554,40727.2461,42709.5617,8718.1175,5540.8971,2630.176,462.1281,9033.9276,1566.0524,74335.0086,7954.3504,13640.8998,856.6521,1399841.282,102873.8982,25465.6413,1267428.32,235745.3369,27223.1905,16793.1137,23698.2557,7417.1138,2900.1792,8479.5978,34286.788,6617.207,4043.9247,7102.7563,442.6846,39077.587,9025.3163,6033.2155,3363.7351,1362.9418,443.2446,12586.8198,4844.5067,22887.1493,16901.743,31888.8571,26265.5525,2061.5665,183138.9745,3783.5244,7835.6654,84349.2036,44991.9577,42097.983,665.1852,233.9443,4129.8374,492.9376,4286.4829,5078.9259,3480.944,3812.8286,23456.7569,28833.6344,8195.5682,8128.9929,5707.6589,198377.8589,241461.6288,27279.5143,4480.353,9408.3415,14687.2977,3709.3059,106650.4035,161602.9962,72599.1876,97145.0399,39961.0735,138795.9939,2098.8108,87805.7211,3238.9374,4794.6688,10795.3059,59742.9933,60185.2604,21309.0477,23814.2855,81009.2456,4613.7432,9532.8154,2569.4824,1734.0109,48245.2871,5671.175,5562.6986,4711.331,7875.4096,4662.1883,6251.3742,14215.2941,3038.1458,1789.3606,18749.6674,10370.0659,13538.7305,11514.0213,3577.5629,3629.4477,3916.9974,3312.7368,4344.8956,133.7008,5799.2648,4477.8537,6189.1108,537.338,15132.7312,2532.6131,12996.0778,1178.7225,18047.0601,14553.7756,3867.7501,7193.1824,5885.643,17819.5594,14158.3866,2762.909,4457.2025,31158.9606,10758.916,12923.0652,2699.3541,4808.1963,17739.4257,5409.8396,9885.2414,1441.6418,2639.3786,6609.4437,988.9995,14188.3482,4515.4893,3428.6114,90228.0107,5140.1657,29282.9657,7512.9886,260741.5987,57821.8623,1458.8473,42847.444,9372.3882,2013.9275,3403.201,49385.2442,6358.999,36471.9961,3991.9594,77296.1692,31518.4513,29088.8501,1298.2519,62516.4288,40153.479,1063.7156,80668.3341,117708.0642,61552.4626,36721.7385,6749.5988,13596.0698,1769.5864
SMP_C1D4C053CE57EE972371,0,490113.6909,45939.7169,139659.0863,42671.9224,23206.0752,879098.0562,3858.2621,57723.9143,481761.4409,8317.736,3200.2535,3675.6962,2454.567,25391.4326,1899.4617,17336.996,23196.0152,15908.384,14228.0517,99140.5646,10320.1902,101220.1743,17181.1084,255569.8183,95140.818,35371.0854,60469.0559,11405.8233,5119.5974,2250.9436,523.6364,11205.0471,1460.4611,95380.485,13442.2983,16489.2418,1019.804,1515531.351,162616.3033,26305.3903,1489147.816,230485.9522,27513.7907,16849.9051,20925.6178,6135.42,3103.3268,6505.005,26769.7706,7566.9336,4986.3145,4632.4694,209.8749,37120.4583,10973.6867,4417.252,4693.7315,1849.524,524.1731,18072.036,5044.301,23056.1079,17264.5246,28885.7741,18436.4152,2744.975,167997.8872,4656.5783,6892.6821,69260.1442,49631.6602,48358.3962,722.0638,141.2053,4352.9372,1086.1697,4672.8108,5590.3827,3685.8535,4158.1295,24093.6357,35516.2083,12983.9422,9181.5283,6043.0687,202134.2114,247946.0904,30965.5345,5702.555,10415.3835,14114.7139,3944.8945,96174.6917,160322.3143,77595.8058,89414.6878,39896.7079,135422.3998,2219.3829,88247.9735,2730.0205,4730.7346,10258.0395,55065.8454,56411.27,20317.9613,23342.5166,79984.415,4919.4736,8603.5685,2391.5697,1174.4602,44253.7686,4503.3463,5167.4835,5616.8425,8460.0906,4447.0994,6240.2832,10997.721,2524.5568,1406.6291,21999.1518,7975.4275,14015.0682,10780.0699,3008.5955,3372.9494,3054.3081,3179.9319,3659.4194,2.6298,3910.6189,2229.0656,4386.4439,764.6737,12334.9555,2174.7513,9237.3764,1277.2992,13999.5816,8442.2915,3388.7429,5169.6416,5281.2779,11843.9086,15173.0289,2576.9128,3451.5686,29389.3433,14111.283,15257.5519,3996.8315,4802.5115,15440.7462,5590.1646,10761.1985,1759.8512,2137.1283,3585.5878,539.6452,16829.4282,4293.4617,3808.1262,87049.8528,6852.6264,35677.936,6220.3184,264043.4953,66275.8997,2773.5725,60458.3992,14573.5643,2847.5322,6717.6814,56261.9139,8954.0335,39682.5137,4431.7797,84985.5016,28931.4485,27922.8749,1169.0052,73465.2702,42683.8609,557.763,92723.3722,117792.077,62265.7257,38656.4714,8515.518,18046.8506,2064.5424
SMP_B9FF98657E933DB2C381,0,509793.4112,43607.1196,133205.4216,44655.5235,24441.4157,932452.5245,3938.8054,64699.9804,522701.4582,5898.229,3209.839,3124.6089,3262.6977,22287.6457,2610.8841,9890.5029,18523.9512,14297.3916,11443.4554,97270.0298,14892.6484,88338.4925,23123.6993,269988.6508,134849.9409,43513.0973,38779.6507,9537.7462,4715.5634,2127.2367,592.6057,7742.0806,1406.7173,45286.1863,4677.9055,8649.1749,585.4033,1122996.115,45199.4526,20219.7566,627971.2593,170497.6191,29184.0759,16234.9493,16708.1305,7096.9732,2679.5082,7535.9435,36348.0563,14743.164,3620.8382,8256.5457,318.2672,75882.6267,9944.3499,6703.5793,4347.5636,1445.546,1260.4298,12526.0704,3470.6208,18225.8817,11541.8491,23580.2187,16120.2597,3467.9891,218798.4919,5332.8576,7290.0854,86397.7815,56079.924,58177.6538,930.554,383.1782,4996.5169,1067.8533,4068.1605,5418.3869,2910.5365,4390.6552,25113.8451,33455.1563,14533.591,6900.8598,4681.5771,191872.0104,256038.9004,32453.9592,7922.1598,7756.763,13149.0875,3540.992,103975.5461,164548.0296,80470.5352,88600.0663,53502.1949,136720.4054,4371.2514,141634.3911,3563.6435,4182.0644,10830.8543,55220.403,61932.3158,21625.0256,48704.5156,87173.7193,4486.9568,9387.4424,1985.2119,945.5377,55121.7718,6373.9088,6663.4862,4485.182,7482.6753,5851.0521,4640.5353,14751.5953,2581.0456,2803.9552,21437.1807,9022.6494,9921.3443,11935.2983,3742.2608,4851.2021,2572.0167,2689.8149,3203.7083,297.4848,4704.5676,3329.4629,5497.1041,934.0099,17172.6505,2471.0801,10542.0024,1172.5389,16963.8928,17686.9911,5198.7071,6846.9941,6109.2526,15424.7449,20442.8348,9633.6649,3568.044,41206.552,17150.0913,23478.1165,4773.7777,5545.2282,26672.4546,11000.3355,17557.4534,1740.0056,1617.8639,3118.8934,895.7322,18318.6817,5012.5482,3116.8814,88401.533,5391.7291,28619.2604,5738.4003,237436.9296,58374.8407,1631.9165,30923.1703,7906.6169,1664.6457,3322.9736,45595.6735,6305.7794,34557.7235,2809.0348,79215.1229,34976.5737,25081.7036,892.5476,59169.0276,33749.7899,799.2268,87198.4126,119136.8104,60671.1486,39390.1806,6484.9741,13891.5284,2177.826
SMP_8ABC3472A6A76C40802C,0,523527.006,42415.6282,138344.0322,47497.5588,23272.2393,915260.9953,3839.7295,72195.7974,492392.2619,8343.8996,3192.1155,2875.3496,2166.4193,21788.1137,1344.224,11637.2373,17169.5887,11561.2876,6465.1629,89090.8026,9007.8006,76547.4355,13011.4033,252464.7992,91191.5556,37710.8101,39539.4483,10146.229,2613.778,2498.0631,542.4322,8244.2605,1030.1834,84046.2002,8844.2931,14342.9358,743.3437,1710895.118,75564.0287,24562.3418,1223517.068,282796.1317,40742.0682,19726.2954,22806.8619,6755.6921,3608.1764,11606.7398,47143.0139,12866.8782,4804.2447,8397.1403,305.4002,43051.4356,9365.7329,4793.2378,3662.4444,1493.007,270.0962,9883.8199,4162.5259,23829.91,15662.8374,33222.2727,17363.177,4627.8585,265718.0301,4720.2502,12011.8581,123964.7536,44748.0068,39253.252,578.1649,902.4839,3579.8997,1159.742,3598.4899,3362.9156,2481.6822,2537.7979,20924.8068,19376.7794,10166.9336,5450.6743,6125.3004,172205.2522,232880.7764,31158.3172,6273.8936,7516.6975,12797.5896,3535.7291,92939.3661,166131.617,71194.8406,79782.4055,39551.9361,130194.9435,2727.6052,84818.5523,2521.609,4757.3365,11190.0632,55902.9982,68614.9163,20626.2296,26044.4577,70733.4675,4772.9836,9546.1418,1923.7621,1899.7698,40227.8301,3536.2882,3747.6079,3922.2153,6313.8613,6242.8941,5521.4036,17791.5213,3651.3969,2846.168,23541.7577,15732.4772,10510.7541,13414.122,5950.1364,3663.3682,3603.2893,2294.1798,4745.3804,259.2877,5479.7755,2784.6386,5265.0962,379.3807,16528.4247,1926.2094,11093.0971,983.6796,20118.6706,14023.1841,4706.0185,8007.4357,10461.8491,21663.0386,30006.3761,5169.6951,5232.4568,73732.717,27554.5453,18864.0284,4906.3209,8081.662,27020.47,9019.1296,11310.542,1648.1483,2473.8241,6015.2809,746.2233,12936.3257,3129.58,2585.3685,72938.5804,4671.4238,23354.5473,4372.5097,251115.5267,57701.5882,1469.317,36346.8401,8564.8854,1574.0828,3715.5683,41510.0547,5929.7839,31285.7749,3000.6724,80717.1928,23506.1833,25192.7031,891.8076,58730.0418,35842.5475,401.8513,87612.1642,101782.0684,55318.6231,34658.0769,6817.1074,11297.3563,1443.3977
SMP_CB518E02C1DD1B37C31D,0,499035.7302,41866.689,127522.834,43925.7209,23378.4545,808234.708,3696.4447,64586.4193,441383.5905,7743.9578,2380.6204,2763.813,3415.9082,26753.4685,1904.7322,11096.8906,14493.6604,7776.9303,7729.2594,60978.1674,10971.2693,51396.5967,12183.6894,179948.1076,119472.8996,31689.7835,20319.5016,5516.7491,4099.5404,1535.5666,520.8522,6305.0887,1673.7358,79347.5389,10300.6849,14957.5637,1067.2812,1910981.39,274824.8754,23891.2241,2013683.56,418491.9751,39832.407,16640.9781,51100.9667,12412.8566,4782.0203,14385.4744,75916.548,40373.2282,3602.9003,8395.383,924.2375,144471.6168,9199.5214,7664.5372,3142.7039,1288.41,611.8566,9981.2431,2883.1607,19233.2815,13245.0008,29058.4363,24761.4538,5466.0307,344390.656,10414.3663,12448.4597,132955.6658,55217.0458,35668.6277,1069.2377,876.602,4251.5479,1837.4475,7068.4369,2986.3426,2544.7746,5826.8524,26860.5399,38834.579,8758.9952,6460.0023,3693.352,195267.0921,224368.3392,2849.9632,4749.5421,8365.9917,9586.0541,3727.5733,85692.782,139492.3128,55037.4639,80571.7704,24533.8035,136011.0432,1800.0098,146155.4847,2133.404,3696.3562,10056.3492,51497.6566,63081.0592,26787.1094,52553.9237,129555.7453,4428.3551,14451.8804,3198.4342,1874.9221,74496.9352,5082.4654,5321.8691,5534.727,7259.6604,1358.4684,5867.1949,12078.9966,369.0498,593.8435,16538.7283,8805.2301,8841.5624,9957.841,2620.8725,4438.2459,2210.8828,2797.4961,3818.4417,368.5796,5472.3919,1973.9074,4868.4269,750.4867,10533.3036,1102.8186,11672.0955,1208.2349,16253.1419,24162.883,4909.2369,3726.6123,3424.5033,10210.9688,9671.5601,3849.1329,1251.1634,17716.9672,7051.1559,16034.427,3098.8339,2546.6462,15296.5527,7379.7617,15444.8716,1138.677,1571.9509,6892.725,1461.3726,32440.3871,2738.6842,2525.7631,65255.8638,4390.3892,19465.0079,5488.7242,231189.4763,62100.8582,2769.347,30659.175,8013.2774,1520.2861,3121.2738,41800.2394,6446.6662,23956.2105,2510.7939,66441.6331,32922.1253,24763.2896,1268.7048,50759.5719,28422.8722,1186.9953,82476.5896,142875.2951,63961.4998,48445.6231,4780.4075,13953.1456,3328.2926
SMP_A1582B61B4F4BF4464F1,0,491210.9533,40820.4075,128660.2382,41493.158,20072.4731,846309.0639,3256.2587,63371.2225,466502.8362,6909.3125,2617.4367,2625.3269,2063.4645,23320.3166,2206.4165,14156.1955,22169.401,17432.7036,3940.4075,112541.0456,14783.7783,116851.9363,8136.7703,335273.1033,151304.5777,60222.1181,28314.838,9356.5188,70.1622,3252.0828,422.7022,11816.3254,1323.0475,88129.373,12473.5042,12892.276,605.6543,1875006.937,187722.8322,28464.5472,1864193.463,405943.1103,37371.6936,22353.4473,40259.379,15133.2723,3915.1673,12781.0444,50183.2966,9694.3473,4711.201,6708.4355,925.3766,73879.6508,10287.1772,6324.2279,3680.0743,1412.1818,3.9268,17931.9164,5017.3485,25378.8885,17599.7818,32543.7874,23024.6631,2054.2761,228658.0157,8187.4304,7725.699,100341.8042,64416.3115,47364.8474,616.65,348.1108,4839.5572,850.0081,7313.5132,8579.5644,5783.3007,6328.6984,25513.0486,62347.439,9967.5664,6465.4437,2992.6102,244936.0409,250099.9948,26241.4247,4658.5687,7885.8915,10543.8925,2457.5655,130945.4517,171783.2101,76013.8559,92165.1272,40153.5259,140851.1148,1429.3628,86489.4168,2745.3106,3956.1119,13066.7047,58173.5965,57816.8342,21905.6421,23967.4435,89975.5414,5899.1523,9114.5834,2021.9982,1610.6397,51344.4375,5749.0045,6533.2409,4674.1328,7724.7867,3683.5622,5054.038,10909.5555,3442.7545,1832.2627,22170.4106,6970.7315,13714.5836,13653.5578,3792.3748,3075.4985,4025.5614,3714.1113,4621.4686,304.5645,5551.0117,8480.0477,15125.9778,1687.1197,30331.6627,4523.0855,29665.7093,1349.7144,25886.1529,29896.0635,3086.5748,5824.4156,4574.6914,14415.396,13429.2359,1429.651,3272.3284,27560.5154,11381.9175,14661.1589,4652.3357,4209.9015,17264.5191,6018.4698,28747.4018,1683.5056,2587.8844,3429.5501,1223.6488,27966.7176,2578.4922,1869.1126,70314.9089,3866.6089,24043.3161,4379.9652,256876.9412,62716.986,332.5734,37895.4394,8488.2813,1309.5952,3351.6013,44851.2282,6576.1145,31689.4483,2546.9646,76927.5095,25040.6975,22833.1144,968.819,59702.4074,35368.512,292.5191,81350.6297,119674.2513,61216.1932,37897.5575,4138.8267,7341.1006,1412.9297
SMP_DE1CB2648FA40DA80799,0,514002.3919,42428.7297,141673.9939,43140.9025,25199.7064,896916.9297,4095.203,72269.0734,481590.532,6418.7973,2953.949,2463.0617,4052.1389,26273.2344,1450.0832,17330.2729,16638.1851,8182.251,15577.6525,81548.083,6986.4056,72394.7743,21302.7048,239464.2027,102549.5209,32460.1452,32555.734,10992.1962,5657.789,1655.5488,495.5626,6663.1166,1293.5268,59858.1996,6047.899,12127.7416,744.1612,1624957.581,124730.9152,26297.8234,1551655.495,522752.7588,46358.3262,17398.0681,31474.4667,13671.3802,2956.4133,11270.7828,43981.6077,13371.4712,3727.6996,6948.8953,912.8954,95098.1097,8616.3487,5820.2444,2997.6777,1373.4097,188.6425,13761.623,3991.0387,23088.7752,12701.5512,29539.192,18890.8332,2488.3613,150448.8384,3622.9681,6161.5891,67546.316,30087.7349,43341.4777,430.1828,2.0618,3557.5035,524.4341,2143.4068,3070.3297,2567.9009,3356.8959,23588.5232,23554.6092,12995.8275,4739.062,6607.0543,159672.25,248929.9262,27780.082,5907.6735,6502.718,13132.3972,4201.3852,78086.0389,176263.5458,67649.0172,86635.0909,40532.2568,137138.3787,2315.3829,100903.0804,3263.7094,4561.4381,10343.3103,54469.3987,70917.7728,15575.8494,33305.36,93856.7369,4502.3375,7611.0836,1376.2897,1206.9031,55683.7669,3567.8354,4696.2409,3992.5907,6299.5241,3968.8811,3205.0222,13382.1053,1881.4619,2753.8803,16633.0709,8699.9526,8589.3081,11432.2988,3346.2634,4018.3048,1996.306,2597.3933,2599.2355,657.7007,2816.6826,1250.0398,2162.2383,617.8339,9377.0522,856.1328,4595.6082,1200.0719,12258.964,7001.4175,3587.3609,4355.5857,3198.0523,9966.6237,12983.5819,3734.8853,1614.8637,25810.6334,10959.8837,16686.8898,3572.1536,4106.0997,16685.7016,6622.236,12002.5728,1517.2814,1477.4977,4742.9223,983.9393,15698.9813,2225.889,3430.8694,59468.2812,3619.2124,16927.7257,6745.1205,242190.4538,55180.2041,3453.4882,46204.3162,10752.1409,2934.8377,3282.5321,45295.4719,7493.029,24079.1985,2227.9041,78996.0636,22852.663,26677.5974,691.7707,59131.3537,29234.9979,1692.1278,98574.6168,132987.2213,64215.1214,41304.2781,4635.3991,11991.3739,2461.545
SMP_0D06D23642A02E5C5107,0,487881.2823,46329.8748,141962.919,45964.1539,24367.9529,840835.5171,3711.7158,65783.9714,543856.5516,6963.0387,2791.7773,3486.4137,2895.0976,27397.4954,2105.6408,10670.4779,16982.1406,14957.0338,6607.6098,85116.1719,10813.6246,95365.7435,11977.9932,229694.2053,111795.8995,35709.9175,42787.5843,11130.4783,2561.4875,2474.9437,738.7798,7975.1991,632.5571,74077.4471,10610.4314,16134.9498,1045.2669,1492880.18,170113.5711,22321.1783,1347108.627,247754.5288,24006.6529,18123.6791,25384.1086,5888.3403,3162.4369,6857.4659,34729.5989,7746.2883,4531.5186,7077.2377,581.5843,20241.0293,10300.1282,5574.3017,3719.705,1523.0877,510.9766,13061.5612,4349.551,26973.7396,19309.8517,35404.8207,23744.9647,2775.9575,226093.0949,7386.2354,9442.7487,103336.7528,60116.0249,59988.9606,876.3309,307.1759,3703.6255,1480.226,5051.2215,6385.9713,3482.9203,2807.7173,25126.6953,36194.1096,10079.1804,8944.8256,7431.5582,196796.6813,263599.921,27548.6823,3012.7416,10267.4687,16487.8182,2967.9086,101503.7271,174128.8865,86487.4347,81823.2068,60794.1531,110263.5878,2844.6864,93726.2553,4602.247,3939.2225,8253.8236,46019.3717,48644.2961,21860.19,24083.6326,56562.1916,4054.7697,8553.6504,1804.5808,800.551,29288.1243,4227.2433,4749.215,5431.2656,10387.3436,6411.7682,7886.8327,18870.8442,4192.9817,1952.0557,17327.2807,9091.0934,12562.2807,10815.4957,3532.308,2083.1645,3620.3478,3403.6669,3551.2649,376.3082,4520.8124,3307.3023,6579.5857,1313.7741,14186.386,1801.516,13383.1297,1703.9921,13592.0159,8310.6571,3973.9043,6309.9067,5941.3263,17057.0202,9303.0665,2841.5656,3318.2422,22089.6322,10017.889,9317.82,3282.8109,4839.7726,11355.6489,3528.2977,16123.3121,586.3782,1679.6349,2799.0195,435.5358,14148.9937,3389.8449,2786.4684,83158.0015,5189.6998,33244.574,6492.8272,259041.0643,66910.571,922.8216,44320.3604,9200.8077,2265.2163,3923.1421,40423.2538,6142.9449,31912.8048,3464.0168,67529.8774,29768.416,22283.1067,1161.7579,59662.0899,38907.3514,313.9825,72826.2447,114561.6842,56997.8436,37990.0994,6129.8474,13411.3943,1814.5441
SMP_7D57B16964850675242D,0,502411.6424,42180.3963,139473.0516,44899.4251,25338.8371,902630.4376,3866.9009,69434.6763,504505.8811,7343.6092,3842.8956,3887.0772,2559.9764,25445.7666,2360.6416,11916.8909,14363.2336,11431.0019,4664.52,77773.2845,7291.4117,79725.5328,9670.843,224169.0877,79568.8541,41704.9132,23395.0564,8236.262,6469.0805,2217.6435,664.014,9360.1429,1018.9121,50211.3537,5756.668,10669.6316,852.9043,1536242.884,87993.1787,25459.1457,1119603.184,386447.9904,25483.9459,24535.2331,31414.8778,8425.5994,1920.1072,5933.3773,21923.8773,4984.4563,5054.1514,8578.7635,511.9852,25125.6842,10617.4655,6526.4986,3569.0229,1170.421,717.8252,18112.8868,3768.4049,22663.6904,18819.252,30291.9736,20260.9436,1195.7338,140127.5213,2696.0979,7283.5194,77357.2484,41536.7057,63088.5961,468.1687,79.1873,2830.306,1201.527,2701.3905,7484.2234,3774.1312,2514.065,18920.5666,14687.406,6077.7265,5524.4095,6098.7058,164630.9256,259477.6036,20125.3508,1012.8562,9009.0451,17466.8129,3266.0133,86940.7916,193282.9059,89321.532,76052.3586,65072.1623,124498.9998,2762.3147,55307.0397,4379.2592,4185.1166,10111.5943,39758.9645,65146.2062,19170.959,18034.7429,58652.1966,3856.2969,7566.7961,666.5948,1193.9972,31253.1611,4083.0499,5150.0394,5152.2948,9922.571,8676.9789,7366.8795,21910.9779,5559.3436,3720.9939,21293.5755,10801.9732,12973.7435,11243.3192,4664.0015,2992.42,3167.1327,2783.3793,5053.6879,274.0191,4527.1694,2083.1453,5171.9515,471.712,14719.5939,2537.17,10145.2589,1240.9741,18022.122,9387.0495,3636.4092,7379.4438,6765.1248,25506.1268,12962.7875,2371.4822,3427.9419,35266.2346,14752.5739,11315.2064,4282.1855,7426.6929,17845.6748,5582.3768,12439.8838,1254.417,2371.2325,4238.193,1176.6725,11593.5231,2229.8729,2714.9186,82325.3191,3396.8777,29109.5242,6331.2586,271240.9873,64268.8493,719.2709,53966.9005,12649.5811,3866.501,4906.5898,46811.0379,8984.0349,36657.5748,4500.6842,82272.3638,25702.5729,32705.4134,1512.8858,68755.8912,46380.891,733.0716,86526.1669,103277.2117,72080.6336,39884.2145,5288.7048,7358.3782,1247.0839
SMP_2A292013A77416FCEF04,0,515451.5173,48016.3058,146471.0011,46591.9428,27797.5668,933572.08,3659.3499,73922.806,514464.1698,7662.0451,3781.2149,3802.8041,2541.9545,30893.8127,2745.1896,16613.7101,19888.2454,12110.7419,7936.6011,100284.3503,10372.7275,84857.9883,11798.7433,237264.2057,111611.5794,45867.4752,33159.1042,8955.8566,67.4935,2056.5298,372.3752,7734.6304,691.6904,41067.5569,3647.872,8178.6912,582.5464,1201960.435,43692.7261,19593.7231,692299.903,187646.3025,18418.7885,17936.9084,13038.1405,4314.5123,2093.047,6132.2324,29033.1152,6478.3786,3782.049,6892.0521,219.6358,26958.0922,7463.065,5266.836,3045.8028,1200.378,161.1503,16156.4178,3862.645,24565.2755,15328.6156,29683.6629,21812.7505,2826.5152,173315.8924,2925.9475,6098.8361,68051.0041,34067.0266,42838.5915,526.0525,237.969,3726.6656,852.7294,3686.5527,4589.4316,4181.1597,5079.0512,25787.8813,24223.0391,9482.8419,5494.6394,5572.7738,177385.3498,247941.628,27995.5829,5139.6191,7760.0647,14866.8212,3378.7266,84976.8149,164281.3467,74525.192,97697.5414,45111.0623,138405.2878,2442.8864,88442.2553,3163.7556,4375.4247,9800.53,60410.7408,61628.5458,20034.4875,26717.5431,80919.3991,5820.2003,9793.6666,2150.5353,1895.0159,49203.0405,3119.296,6142.1059,4767.1188,6319.8859,3508.399,4601.9153,11310.8631,3519.3533,2559.0316,18019.7487,7442.8345,13553.8999,11704.9765,3063.8687,3350.7859,3580.5404,3352.9132,4155.7157,264.959,5582.9967,2956.6341,5305.24,1072.957,14200.249,1657.8105,12684.6636,1446.9782,17592.266,12689.35,3294.6506,4820.7709,4569.3461,13026.8492,15739.195,3230.8612,2838.2059,30860.127,11756.5973,14053.3048,3909.3497,5134.3436,16392.6066,5402.1797,13608.6482,2336.2256,1999.5931,5522.3957,1191.6933,17683.4182,3452.3117,3617.7184,79380.3074,5425.0311,28389.1504,5100.0077,259197.5449,60718.0606,941.898,44267.0924,10897.295,2295.707,4322.0434,49650.6137,7736.3091,32450.6538,3727.7446,78171.0083,25874.1507,32950.2851,1271.8646,58054.2845,37292.1617,1119.2968,81134.1888,118814.6282,67615.8222,37371.4753,5749.5507,11577.3949,1673.5838
SMP_FFA2077D3E18890065D9,0,479785.6997,44769.7994,134906.1284,43891.9838,25241.7004,874749.8544,4072.691,71421.2682,511719.8935,6171.313,2920.6678,3208.5991,2322.0264,25488.1172,1749.2222,14912.6154,24654.3882,17696.514,16320.5639,118483.1893,12620.0069,107855.6172,19731.9685,272967.2108,118571.2611,44879.7006,31209.9333,7421.4657,3886.7756,809.9291,527.2366,5521.2816,1555.557,49937.7664,4139.4526,8329.141,488.5399,1165718.93,71237.1854,18006.0882,852481.223,393262.0756,22121.4451,14709.5641,18225.9629,5870.644,1267.6042,6179.5149,20492.3189,9460.1307,3028.3825,6018.7771,609.274,41739.9145,7073.1371,4901.7161,2619.8964,1324.3419,312.0528,10479.756,4507.4195,21506.8479,13299.3363,27668.1392,16862.0783,2184.421,154545.1057,2420.4041,5837.5985,68516.843,24030.955,42074.2863,382.0057,45.0702,2430.7432,793.5579,3186.0618,3991.8215,2707.3421,4238.4011,21886.9369,16492.6642,15320.2922,4038.2543,8417.1591,149109.6638,281136.4903,13842.0912,5462.2007,4846.0534,15597.9701,3239.3531,67326.0273,181857.345,69173.753,75214.8561,55925.0581,133231.1073,2168.429,118213.7069,2841.9332,4261.5109,9097.1671,55453.7774,70629.941,21132.8938,36122.5257,92146.5053,3841.9247,10465.906,1267.0324,995.9055,52866.8307,5189.5565,7074.9749,2167.1383,6212.7854,4863.8657,3889.8723,14281.2321,2384.3582,2860.1579,16383.5585,7099.6856,8466.4533,10921.9775,2417.5767,4680.9481,2499.2153,3029.9333,2973.1966,147.2571,3827.6643,2745.1408,9346.0334,952.0913,25215.3261,2805.9615,16183.574,1024.4756,23066.9511,26083.5144,4009.4547,6156.409,4881.7848,13517.3354,15512.8543,5837.1484,3498.7774,28058.218,14226.2642,24889.0211,1837.6032,5472.9152,23689.0422,10483.2526,22941.5692,1439.1266,2103.9528,4372.168,1095.7325,22871.6005,3334.721,2405.6316,67974.1601,4939.1675,21532.6651,4821.6258,227127.3866,60961.5475,929.9694,40202.2825,11048.7663,2256.6602,3136.1182,49750.2179,7800.5075,32830.3241,3007.1262,81105.5356,27413.5499,30622.4003,1743.3585,61788.0165,34537.3982,1742.4573,80002.9433,107808.8311,52412.0547,41555.3562,4492.2042,8171.8934,1219.5223
SMP_237ECEAC3EA42F5A7E2A,0,492724.907,47334.0385,130748.3589,43091.9313,23832.7375,927406.2999,3923.7144,68367.8678,507865.1071,8042.7011,3410.9438,3664.2207,1888.7809,27366.9691,2970.6273,13501.9984,16911.2023,8203.8349,4262.6209,80702.8362,9487.223,66298.8958,8316.6782,189261.0909,124953.9704,37589.2718,19346.7807,5762.9834,4001.7617,875.3207,701.7837,3357.1716,986.9378,24069.3918,2724.1629,6222.9293,420.8467,829712.3882,49926.8486,14102.3125,595621.6269,177249.5594,14174.4109,16039.5675,22249.0244,5536.3414,1204.4355,4042.8194,26984.2729,3804.4023,3448.8559,7513.2786,215.6744,21674.9439,7184.3467,5687.5707,2476.3363,1373.6287,592.0466,11782.3418,3337.4774,22577.2451,10868.4309,23711.1124,21535.6887,973.5056,132419.8647,2481.5327,5417.7223,64694.8278,32974.7364,38422.5582,402.4117,2.299,2257.3788,702.0668,2796.8345,2687.9487,2520.9061,2873.0045,21884.681,15531.1867,7760.0181,4494.0921,4152.5815,159442.3952,235063.8897,20190.8365,2510.99,8005.1451,15459.4208,2762.6114,70490.4184,166561.297,77357.0395,75856.594,48980.9921,112690.1719,1725.631,53391.3918,2127.7158,4462.8166,10305.8893,40598.5138,63233.3082,16881.1989,18740.1697,69631.0997,2928.6161,6668.322,1621.2378,1316.108,40930.9588,5881.6341,4640.9034,4862.63,9049.7069,7323.8004,5800.8928,17034.9494,4067.1814,4207.4765,19920.3458,11093.7676,10051.7335,13193.9947,5589.864,4139.1828,2279.4037,3119.6333,3390.1584,394.7274,4228.4259,2662.7177,5156.7711,446.3591,11722.3215,2061.1149,7902.7141,1192.2809,16714.6761,12520.2171,2846.8502,5377.5738,4372.3551,12538.4628,14906.3727,1603.3086,2205.1654,33927.183,13796.9006,12765.6298,2226.7039,4424.8899,16724.4967,6713.9518,8692.7942,1693.1502,1006.8231,4524.1074,1289.4618,10560.9718,2037.7895,2484.6313,67390.6414,3896.2503,28275.2156,6350.0266,259767.5044,66700.7722,1421.118,39554.1052,10410.1506,3329.6325,4247.8366,40764.6563,8377.9035,26125.352,3478.5919,74558.8757,27914.5863,34536.9677,1481.2028,48350.5334,32843.8925,779.9181,68349.8709,127371.8735,64021.4423,45687.5006,3784.8807,10990.0958,2020.2017
SMP_903E8D2E721812FA3B2D,0,498870.3336,45456.381,135063.6618,44283.6085,26287.8487,921176.3094,4256.3201,66905.2177,484069.4887,8955.1166,1834.0458,3025.6763,2858.4348,24547.6423,1796.3461,12679.9667,16450.5582,11234.5264,2838.447,77451.72,10636.297,81230.3813,7937.3991,200942.0486,125228.6999,37480.6677,28296.6795,7385.3765,2986.8058,2235.9124,862.0196,6898.4324,991.8211,58470.1288,6848.6997,10823.7872,1084.5131,1497965.084,120948.8945,21275.8985,1178152.361,202468.7977,21565.1949,18460.4684,29220.0374,8305.0127,2474.6303,5393.0322,34224.6738,7060.8908,3919.1953,7972.5033,418.1945,53281.6021,8426.0745,5870.9485,2719.3095,1306.5445,117.9738,11141.637,4372.0144,22700.3232,15792.3582,34038.3887,29580.0408,2203.0645,178683.9362,5778.5948,5144.7654,63733.9359,53343.5061,34937.2123,505.9829,354.8299,3039.7335,1103.3191,4211.1574,4438.5242,4436.5982,4770.8204,23092.583,46689.0027,6921.4548,7135.2838,2773.0922,217433.4783,213167.1142,49616.5558,4453.7469,9064.5321,11027.3751,2190.9389,106834.3251,145111.8818,59465.4071,70551.1167,24531.1187,135960.386,1260.3458,90942.6472,3018.1326,4710.6479,11621.4987,45391.7394,56250.4918,21128.519,31289.0974,98411.8172,7072.3229,10383.1792,5820.4723,1968.2749,66928.107,5306.7054,4902.0562,4579.624,7822.8791,2317.2267,6317.9801,10031.2594,2251.2096,949.2701,20402.5662,9108.9888,12130.7791,11569.5796,3964.8489,3475.2153,3483.6347,3628.3333,4441.1827,407.4693,7586.4985,2369.4603,4398.382,570.4076,10867.468,1151.9172,10628.825,1065.8818,13926.8518,11384.7174,2128.338,2604.0275,3521.7121,7592.7182,10935.8668,1696.8535,1521.7913,19772.4738,7538.163,10963.3569,2713.1332,3651.8829,12543.2695,4139.763,13405.3468,2097.3555,1890.5107,6615.1893,1103.8941,21995.9543,2186.3077,1476.0326,58311.4404,3694.8355,20834.8538,4395.3777,241827.0227,56264.0177,1815.9797,38494.252,8415.8141,1104.3463,4045.2287,37359.5428,5197.7185,25617.2507,2574.3692,63835.0599,26876.5243,20320.1671,621.7313,48101.8255,30875.4151,598.3111,70649.1152,120849.4703,52485.8892,41548.6918,5638.8804,13581.3164,1861.2069
SMP_8F9A72051013CD03F8E9,0,475931.4933,44960.4177,129920.6206,43176.5002,25657.675,835620.2723,2939.0488,67066.7141,531037.5723,7212.271,2805.1981,2899.6429,3441.5005,26882.0545,1926.3267,17973.2649,24538.2533,13426.2471,21537.2992,107724.2518,12422.9924,88336.2088,24131.4268,265778.0871,97942.904,42087.9626,25274.9689,8092.8068,5279.188,1537.9234,533.7406,8385.7473,682.2645,49968.9543,3871.081,8760.1016,618.9893,1622485.81,73687.9065,22752.1565,1187606.698,439633.9875,42979.1364,19404.8575,26740.8299,11027.2361,2671.5959,10866.06,36377.3736,9971.2567,4531.0025,5227.2814,516.3771,47459.5807,9374.9293,5048.2732,3633.9876,808.682,574.2221,8645.889,4024.9657,17971.7306,10786.4678,24334.1678,13200.8103,3331.1122,220805.4769,4187.7191,7968.1106,89354.7737,46038.889,66711.2013,231.1285,608.3528,5137.2437,1125.5183,3506.5845,7074.4182,3610.5366,4002.1586,27781.3297,34384.9048,13386.4171,4743.8496,4899.1912,195650.4271,294016.8921,30713.343,6113.7278,5542.2201,12975.0088,2892.579,97280.7688,179205.7007,74662.7421,99195.9097,55069.8829,148042.2606,3806.7256,99928.4622,3043.174,3873.2454,10981.2484,67329.1724,66229.4187,23625.967,28417.7462,103065.0621,5288.8436,12727.1994,2378.6175,879.3969,58935.1305,4045.9028,5773.8007,4102.9087,5851.2275,4826.4915,3584.974,11373.2812,2952.7354,2541.3541,19497.3559,7953.5718,9814.4308,11861.3513,3584.8282,4604.6198,1886.7941,2610.7392,2896.4994,204.2787,3366.1729,2925.9843,5119.6309,272.5695,20254.1558,3045.8141,10323.2139,1022.7864,17370.7164,9006.394,4382.33,6013.1464,5354.4043,13643.3785,18132.296,4234.7087,3149.8525,38665.2401,15394.9329,19662.4567,3108.5964,5554.159,20286.9966,7413.4821,18440.6578,1877.3147,1623.3755,5233.8501,1665.3725,18139.8564,1405.0663,2229.4459,62337.3408,4067.9459,17275.5275,4081.4977,200030.7126,56217.0926,2039.2561,37863.3066,12175.401,1932.6581,3766.5399,46021.7571,7256.0699,28875.3095,2230.9438,81445.9005,23331.5879,24416.3943,193.1705,56228.2176,29348.1293,1358.0853,77103.8673,106845.8324,48929.8734,32851.0776,3648.1595,7282.4816,1321.22
SMP_EB5C04E00375A6DFB065,0,480712.4202,45234.7699,136293.8409,41527.2645,26285.3751,868643.0329,3720.0691,71056.076,480041.177,9656.014,2785.1092,3067.9948,2863.6449,24061.177,1932.7308,19459.2215,17382.3835,8356.5854,9408.7738,81047.516,7024.4591,68598.9364,11530.2243,214738.5804,90849.2814,26470.2402,31359.4388,8310.537,5225.4509,1960.3393,526.2325,5901.7513,1231.0252,42683.5485,4293.4633,10188.4088,615.5988,1398033.55,79639.4045,20784.3832,1117769.43,281327.6718,27835.0476,16720.6061,23083.4678,6412.0973,2714.459,8416.5946,43264.5743,6430.4878,3780.9092,12219.4908,441.7195,36251.4834,7377.6948,4561.221,2796.5419,1311.8751,446.6211,12688.8208,3484.6496,18713.2743,12276.9933,23711.0357,17790.6597,1886.934,138565.5863,3469.7421,5359.5817,66858.2036,28236.0431,31997.057,178.2213,98.4928,3294.6479,588.806,2441.9938,3740.5773,3085.776,3652.6437,22001.85,24429.762,8612.2421,4500.8858,3765.808,162226.3102,220204.792,22558.0693,3469.3366,6368.7631,11288.7542,2996.8046,83455.9732,159716.2489,64839.2332,79319.874,29942.0568,125297.1887,1168.909,69969.5798,2184.4621,4167.1257,11777.7364,58963.3691,66987.6229,13120.702,26255.2332,64009.4963,4033.4395,6579.2519,1930.6161,1021.2571,43711.4953,3238.7106,4483.3858,4013.4288,6654.2464,4526.8509,3586.558,9792.3689,2835.8476,1916.6501,21471.5127,8752.8325,11280.3045,12173.9793,3248.8054,3291.5042,3337.9096,2843.345,3160.8192,238.6006,2698.5678,1628.597,2663.8372,695.1554,7922.2654,945.1898,4615.2916,1180.2256,10227.8973,5032.2266,2482.4951,6656.0772,5996.1955,13597.2145,17658.9741,2632.8619,3442.3146,35146.3417,15454.7838,15333.8992,3448.4233,5155.8092,15995.8279,6057.1194,15890.6278,550.2427,1302.1575,5341.0487,771.0133,11789.9044,1513.9699,1958.8238,68338.0652,2992.3023,23946.2802,5662.5798,256763.3161,51653.0524,2420.0155,59073.0568,12439.0076,1846.3359,4394.0487,51128.3462,7775.3126,33120.5949,2264.0531,90541.7347,25592.9479,26277.0962,1716.5334,67935.5317,29058.4903,1838.4079,103761.7202,131271.5255,59034.5951,39225.8206,6057.5382,14741.2571,2494.6874
SMP_33B4983CD68FBCC4DAEF,0,507443.8424,45097.4593,127842.9897,43763.7865,22880.6153,854804.6354,3744.0643,62399.0665,455442.4576,7847.1592,4739.8356,4563.144,2871.469,40420.5328,3531.1428,29346.6117,28998.3477,14338.3672,4851.3634,120069.2699,11473.1369,93134.3644,8876.5911,281110.712,139281.4415,47157.7873,55401.7011,10013.0094,69.3889,2158.2837,341.6787,10059.5928,893.7726,82270.1104,11925.97,13162.9243,932.4866,1837212.801,169832.6359,23685.5805,1602019.713,263880.8389,26974.8049,24573.7004,31952.3113,7016.901,3435.3312,8845.4555,33037.3903,5583.2284,4626.6719,8395.2442,593.228,28639.1797,7935.6379,6742.6163,3194.7325,1240.9056,537.3447,15706.9562,5962.0708,29979.8813,18600.7291,35848.1281,34510.8042,3340.4998,198132.9058,5314.8557,8729.4869,91768.8249,47206.926,34113.6057,792.5372,705.1958,4314.4069,738.3834,3840.7551,4523.0192,2879.4622,3596.2202,27059.649,34196.2206,9452.0974,7668.8397,4810.8948,209730.2639,232677.8481,32028.2271,3546.7529,8985.1806,15289.6301,2687.149,110274.4687,160065.9214,71996.677,98029.0284,40278.4706,119628.4983,1769.351,74833.7508,3427.2994,4898.1986,15597.0411,64146.8912,56370.1896,19274.3743,21892.3447,67334.6362,7639.8374,9392.1275,3489.6466,1703.6186,40616.9322,4414.5791,5141.2106,5276.0287,9253.7138,3196.4872,4394.5219,9515.7111,2800.1554,947.6707,20662.8441,5870.5286,14478.8151,13166.3455,1980.7798,3420.707,4536.6192,4865.7696,5727.2446,3.0756,6962.2293,3408.0283,5788.3205,1185.5414,15902.602,1548.5115,11111.7276,1334.7277,17081.5902,10145.4926,3568.8199,5165.1588,4413.117,10743.3323,11099.4324,1874.9945,2727.602,17932.0876,9014.0627,8699.9485,2415.3524,3493.065,9159.193,3322.7933,15748.1172,1536.3686,3697.5827,4624.8788,801.1945,17121.5825,2479.23,2595.7931,81537.021,5104.1222,31220.7558,5019.5666,282795.6628,63442.1158,825.1112,53274.1789,11564.79,1869.2011,4290.145,53247.3806,8280.0582,30744.9888,2693.2971,77423.1491,24413.3966,26685.0002,953.4673,56365.5159,32279.2904,293.6093,84881.8097,125009.6311,63496.6358,35632.1247,7530.9964,18726.9421,1705.94
SMP_8EBD942D3D48750F8C2B,0,485750.6335,44642.7173,136903.2357,42859.6648,26025.4231,843502.5808,4187.3802,76536.3981,476339.9651,7821.3123,2993.4211,3310.1329,2126.7856,25442.9869,1332.6397,14489.6792,19192.025,12391.7225,7618.5444,85239.8697,10225.4689,85032.4525,18119.5451,231413.6079,106924.6411,33648.1874,55218.1379,9929.1495,4832.8855,1437.8061,566.1112,7461.5858,1188.8156,65253.0043,7525.6091,14884.9219,831.8822,1885430.941,130953.2772,26587.0956,1654223.513,353936.8768,38203.1291,20917.478,32618.7712,9261.0535,2618.4977,9143.3542,42008.872,6122.6961,4015.6015,5984.9345,375.5727,53005.3643,8403.1395,5089.9206,2876.5386,1397.3204,875.2179,11056.3366,3973.9498,22052.138,14164.4959,29787.0829,19228.7232,1538.0272,117211.6758,3413.2265,4427.8102,47041.1908,24131.4891,34528.2986,189.7562,69.1317,2559.4699,398.3304,1825.1506,3875.2379,3511.0762,3911.1372,20616.4402,20551.7639,7939.5091,5121.5928,6079.602,153471.5556,233381.7676,24025.8982,3690.1601,5994.6685,12883.8244,4469.2021,61055.3956,159838.2745,65378.1409,83540.0226,28677.6808,149610.9193,858.4206,58996.7453,1883.8558,5257.7432,9083.5972,48695.7014,77132.906,13540.2343,17497.912,73524.8494,4237.1872,6398.9247,2370.1059,973.8124,39429.3824,3452.8372,2917.9466,5217.3322,7291.5709,5674.3312,5537.761,13508.5379,3908.2803,2164.242,22273.2895,11789.2473,13268.5203,13303.4059,5407.6013,4452.0109,3747.2942,1811.5444,4481.1663,627.9661,6773.8848,1380.4435,3868.1122,621.579,8813.1838,971.8751,8302.1204,1122.7817,16005.6037,10654.7135,2839.2989,3945.8303,4471.378,14468.0246,20502.8402,2115.7068,2885.5184,48504.128,16895.3436,20034.9732,2830.879,4023.4041,22422.6117,7387.3031,10221.0838,2178.0674,1265.538,7802.6141,718.3426,12145.6073,3015.4549,3179.8878,70775.4201,4051.5898,25165.2524,6459.1561,247689.9998,56986.684,3664.9928,52489.7904,12087.0459,3022.1716,5100.1387,50695.415,9623.4303,35317.9325,3654.5179,76452.1774,31393.8449,30364.043,1669.7733,65661.5162,35327.3809,1609.6652,87179.2639,119165.5593,60758.7628,44740.5872,9009.9367,20391.9192,2476.9844
SMP_F8A4ECBFA7F13E32B323,0,490419.9306,39891.2405,147833.063,45651.1038,24160.5339,921968.86,3817.5065,67702.4967,511709.5171,8195.7151,3463.3022,3171.7805,2924.895,26371.9443,2096.6208,13338.2145,17814.7758,12593.2889,8092.9793,87934.3473,13902.8497,84980.2492,14510.1886,213455.7496,124783.8815,40592.2709,44069.2704,8105.7387,4088.1605,2152.9471,685.7154,5735.199,1805.606,45081.9288,3938.2853,12097.5611,910.432,1448757.543,57853.0013,21951.0389,757331.9087,173686.768,19053.1566,19054.0049,16985.0568,4919.8099,2120.1612,6935.6367,27213.0765,15038.9762,3806.821,5150.9355,524.35,54327.2878,9501.5866,6137.3727,3993.7405,1804.8954,517.7417,15544.1813,5334.0914,27189.4158,17004.8731,33604.1935,24365.6573,3865.6018,184458.369,3983.0849,6868.2913,80452.581,35636.9301,34240.366,660.5429,236.3419,3474.2274,616.6313,3298.155,3202.001,3187.9598,5465.2341,22191.5705,22801.0144,9223.9093,5362.9505,5898.2837,180204.7772,232952.5928,4128.3974,4174.7615,8058.6959,13658.4073,4059.671,86378.4069,161012.6812,66577.9764,86341.1628,39665.7525,133099.3257,2447.5672,138935.3557,2933.0678,4913.9554,10113.5285,61451.5996,63515.3933,21025.2388,49878.4883,95087.6493,4360.122,9539.3941,3097.1117,1884.0649,57380.3912,5542.1213,6260.6416,4484.7985,7171.6229,3375.5533,6160.4401,13130.4187,2114.7978,639.3869,18209.0407,9092.7884,10880.7801,10827.9977,3203.6306,3425.7858,3100.9657,3221.0832,3194.8048,3.1451,4478.4819,1963.1575,4311.8736,571.2408,12218.4827,1305.9986,8869.6123,1235.2494,14051.0613,15843.4544,4504.4634,5331.8856,4686.1439,11380.5083,14234.5041,5120.6821,3046.7191,25594.0973,11483.9628,18096.2643,4023.5348,4481.3643,16968.6401,7526.6072,12702.0075,1070.8396,2292.1529,3999.8343,617.2048,16343.8123,3997.9145,3249.7564,88012.4772,5181.5329,31143.791,6137.0908,239364.6068,61946.9019,2167.2744,40866.5467,10230.0315,2058.704,4332.1204,42000.4591,7038.9279,33291.185,3296.6047,74063.9228,31025.4886,30624.9767,909.9244,55550.5302,36088.7974,1033.803,73386.6665,112725.5273,57004.9371,41622.4968,6839.4386,14695.6164,1964.7625
SMP_62064787886ABAA71577,0,503998.8611,46682.4701,143538.6198,44875.6647,28120.0428,922690.6249,3613.6964,75388.0351,499874.5339,8742.3887,2629.8393,3956.4918,3356.0178,27685.4761,2057.2692,17542.987,18758.9685,9390.1419,7315.2066,86147.8486,7312.9522,70846.2421,12489.2529,196772.3169,94077.1784,34445.7305,31068.899,8442.144,4643.4928,1968.0193,548.8164,5090.7314,1262.0439,38140.1952,3746.1561,9022.8927,202.0564,1594205.572,40790.3928,19604.0307,714849.6888,245395.1809,18998.9657,25065.3001,15887.734,5244.8108,1594.6536,6573.2401,26558.7967,10283.9421,4692.6145,4338.4303,163.5059,39012.8418,7853.8031,5170.6246,3454.576,1425.1453,509.9435,12008.0733,3595.2198,26584.1355,14996.5459,30595.5293,19044.8721,2908.4467,167103.5902,2574.3245,6951.5078,75064.832,32458.2819,48715.3575,418.0605,220.9817,2645.4086,1016.1977,3355.5484,4387.6434,2472.1825,4281.0488,23148.8875,15312.4122,9020.1599,4808.1723,5965.1553,154517.9268,248589.4891,22195.8859,3223.6697,6982.7947,13359.8519,3501.0541,75909.5838,167213.9975,66945.1827,79388.1128,38540.0062,124709.3883,1399.8969,109736.8124,2600.9088,4143.6947,8874.2947,49519.4187,62606.0393,14465.3665,36851.6647,71358.4688,2890.6816,6917.6211,2112.47,956.746,45478.2504,2386.9855,4836.7673,4363.8643,8119.998,7500.8268,4415.7342,15372.6826,3888.8808,2728.9534,21925.079,9949.819,12204.0353,12840.0462,4332.1222,5074.0549,2853.4896,3191.2523,3541.736,548.254,4772.2913,2641.8415,5041.527,433.9512,15611.5776,2541.8715,10417.9321,878.4013,18186.1568,16187.4175,3412.3481,6333.8061,4644.1626,13166.0961,17710.2055,6154.5296,3067.6371,29732.3653,15188.6145,19246.0696,2754.7675,5106.3779,20809.576,8269.1534,12150.2577,847.7119,1141.423,3419.3967,924.0253,12533.4135,1976.3292,2714.011,67335.1159,4523.3838,25145.2596,7191.2404,249868.6698,68507.6243,2472.0665,52076.8853,13731.1307,3515.9764,4206.6911,48339.7864,10135.0112,29564.0417,3248.8871,82612.8252,25816.9389,33550.4008,1805.6322,59263.438,37332.2182,1263.4207,83892.9422,117236.3646,61924.1571,46320.0014,6433.3572,13559.7075,2048.6429
SMP_92E5DE764042898212CA,0,468678.8942,43206.3809,124164.6622,42878.0068,24483.2462,833369.5434,3526.9693,60340.9771,457689.4615,9282.0293,3816.107,4233.5343,2810.4949,31072.1739,1918.6119,19236.2412,25545.9508,20574.1289,13684.6324,129129.1904,11867.0515,129692.3202,19940.8874,279151.3702,121959.7225,41574.2409,66496.7185,13250.7766,77.4637,2513.8038,648.1185,7359.5746,1881.2572,115649.1536,17918.0276,18640.8305,1331.2607,2351894.359,275278.7153,31736.4399,2200340.37,313033.983,29227.1863,27446.1737,32791.9328,7262.8869,3324.4425,9142.807,41292.1131,14566.2574,4990.1197,4573.5463,236.1802,52430.473,7984.8943,4563.4345,3192.5476,1566.025,585.1604,21505.7294,5016.7463,24642.1462,17363.5528,28869.9467,18534.7345,2819.7444,176679.6193,4146.1109,7092.0527,73799.1218,41935.2288,25907.8901,357.0344,251.052,2083.2886,597.9936,3656.3949,4311.7072,2893.8872,3994.8158,23532.6401,33160.7629,10069.3775,9724.4548,6518.952,209427.8752,239769.3971,33140.227,3846.2181,11317.0609,15662.5976,3784.0253,125034.3903,161224.4032,71325.3682,80470.5584,30812.7465,114710.6526,2017.7404,97112.7499,3035.4262,4526.8004,10363.4896,49926.3545,50095.2666,19139.3824,26414.864,85204.2459,3739.2595,7747.5083,1994.1813,1148.3536,45342.1975,4908.717,4072.0549,5678.2997,9294.1492,3648.6388,6241.1824,10987.9622,3185.0667,1262.8146,18993.4372,8459.5951,12187.6151,11914.7335,3395.8608,4181.2186,3249.0551,3330.7139,4373.2313,169.8837,4417.7676,2922.2268,5868.7083,1020.2066,17394.7873,2132.2135,11485.8113,954.2041,17475.8972,16718.3204,4129.3929,6471.7695,7351.0832,16881.8936,13952.8409,3745.8909,3986.1265,30031.9167,12108.4002,18674.8397,3866.1445,4725.5963,16820.3055,6420.1849,9223.6599,1794.1858,1878.8236,4534.021,779.9005,17640.9664,4954.2533,4039.1985,110613.0322,6536.1477,37991.2527,6159.1474,272944.7757,69466.9114,2832.5953,58989.0011,15951.1381,2633.9926,5551.1923,52162.0906,7276.806,42306.8578,4324.8517,86724.8132,28157.9011,26103.4939,1093.3851,72926.4006,43415.9714,1317.7085,89162.6439,108185.2615,58644.1528,34419.1879,9872.9005,17958.7159,1788.0396
SMP_A5220568781A7F888750,0,509353.4566,43983.6176,157380.1444,49873.2008,29503.1394,994103.8899,4345.7393,85440.5829,561861.5115,7424.9131,4684.7163,3119.3137,2619.3344,24950.6464,1578.8418,16028.623,24742.5369,19266.456,11315.4585,97256.5977,15684.4009,95163.0385,18011.4219,235075.9317,100794.2369,33447.0026,46999.9748,9646.8632,4770.7057,1282.386,225.0949,7372.0233,1294.3223,55276.7883,7258.0049,11638.8053,813.1128,1642801.036,80393.5592,19764.003,791051.948,177376.1297,23616.8984,24861.6119,13761.0785,3548.8582,2481.1201,4970.4515,21225.8522,6563.3788,4402.519,5125.5428,298.8397,19654.7254,9549.7874,4740.6631,3921.6278,1825.3031,708.5097,11528.3957,6083.3014,25781.8076,18311.1923,34243.3766,22064.0848,3935.8711,176799.8434,3802.4648,6791.4625,66573.1647,35651.9634,35212.5388,432.085,385.9838,3510.113,209.0852,3269.2249,4520.8305,2523.1225,2564.7382,24534.7687,35193.0914,13545.8697,7232.328,7768.1102,198415.654,257272.3974,44768.2504,5256.385,8875.921,15096.3688,3303.7844,108176.8722,169181.599,83208.606,98547.4132,48978.7694,125309.3659,4577.556,114852.8603,3771.7634,3525.8712,11310.4279,59312.8689,50089.5597,17451.6752,27888.5955,61232.679,4587.7949,8450.7155,1997.6461,1665.7401,30066.6522,4506.5574,5345.769,4480.9393,6386.2912,6450.1348,6516.8766,19541.388,3452.445,2594.2606,16546.2155,8566.0263,9126.1041,10343.1711,2921.596,2747.705,2990.7334,2594.1065,3754.409,413.5729,5526.992,4459.0589,6158.0699,503.8398,18368.6013,2280.6163,11760.6699,1077.0402,15884.641,10023.1347,6900.5518,9193.4346,9190.5168,21902.6375,17897.4591,7156.241,4740.3377,32245.5938,15966.446,16703.3328,3258.2611,6727.9248,14345.8569,5413.5701,14134.4135,444.8968,3226.7245,4257.9944,1153.4797,14230.4506,5065.3105,4227.9465,110236.6365,4932.5347,32367.0675,5535.3617,253906.2345,57001.7882,1952.0853,49149.3984,10673.6752,1803.7842,5179.6849,49455.5881,5265.587,44389.5059,3679.2728,79958.6541,35471.9728,21436.3635,1290.9897,62490.5086,36099.3483,1058.0827,83225.0578,105501.2551,55548.1936,34307.3431,6679.5779,13727.7365,2117.71
SMP_2099E1148BD45E8697C9,0,536888.7141,43446.7011,153972.3624,49738.8737,29735.7273,1023471.149,4809.6261,77404.7205,569138.5018,6931.51,2948.6348,3421.8937,2635.5745,27460.1987,2356.6466,13716.878,17726.1595,9908.0844,5583.2278,86001.846,9316.9571,70097.151,9044.5886,203988.8018,93424.3517,36345.5679,25130.8866,6647.5021,3079.6267,2614.4583,533.1124,7519.7001,985.0977,32785.1387,2530.3244,8718.53,428.8971,1712552.292,27941.0831,20577.2001,532026.2224,315486.5464,25854.9441,29980.9793,13081.2496,6803.1504,846.6847,4681.7431,22233.1433,3428.4364,5764.1966,7176.5302,374.4307,26819.7142,9484.3059,4981.1338,2920.0411,1575.3056,838.3191,17010.8173,3507.5363,22929.6853,13275.4254,26517.391,15209.8369,2935.1217,186036.2192,3775.3857,9646.4412,93567.3291,42941.6007,75700.1263,847.0123,648.8997,3172.0781,1144.299,3953.7472,8847.3526,3238.8527,4003.3578,21523.5625,15263.9482,11824.0499,3990.262,5688.1307,150066.1815,269839.4972,31638.6674,2772.9519,6756.1896,16808.5354,2150.7358,74322.2265,189899.5263,93004.4672,99120.5869,74380.2917,90756.6861,4814.8142,37529.2817,4804.873,3298.0314,13594.1913,46005.8152,51257.8061,14760.9292,13105.4232,70469.3019,4198.7338,7758.3362,1212.1916,2039.583,44119.1828,6218.7133,5485.2488,4752.7463,9679.3119,6751.338,4188.0549,15579.3647,5664.1191,4833.6935,17537.7895,6779.7052,12513.1676,13039.6275,4077.2782,3256.5692,3357.5908,3219.6099,3478.0158,835.5307,4904.3103,4198.6406,11338.2342,390.2513,33385.1978,5466.8602,14395.1265,1766.3951,22048.1139,17266.5152,2064.3625,7438.8471,4333.4204,20012.2502,10216.6629,979.156,1600.7377,23780.5708,9762.3353,12129.7731,2116.6355,4605.7766,15530.0904,6082.3103,22241.6683,3374.2923,1825.8699,3984.7756,590.4763,14770.9469,2248.6101,2229.8164,63190.4687,3483.9827,19783.4656,5667.1373,244026.0806,60462.6791,1165.5308,38905.6104,10815.674,4666.6702,2635.7376,46249.2936,8291.7062,27746.6846,2840.9919,84384.8869,22566.9571,34732.8353,1815.7163,59714.1275,34144.7396,1163.4504,92621.4813,112142.2864,70539.5706,41540.1355,5754.1422,11766.9527,1966.6066
SMP_BBC432234193AC02D257,0,504891.2842,41824.6276,151865.6742,50102.22,28759.6423,978931.7606,4735.1298,83083.8464,524444.2679,9643.1134,3714.7101,3434.2755,3004.1674,28613.7803,2650.5376,16184.743,17912.7109,10542.8465,7712.4922,78748.194,9419.5847,75454.6492,12600.6488,217942.736,110335.5829,33482.8066,43248.709,7011.688,3164.9003,2242.5352,246.7209,8349.8414,801.6743,68332.8343,7774.1056,13613.0647,806.4217,2148085.062,109313.5745,28276.3968,1438565.823,311965.688,35117.8716,24473.826,28504.6046,7371.4333,2524.537,9147.0815,39002.897,6168.5375,4225.51,6127.9005,647.6812,39296.4115,7410.3093,5752.7415,3084.8137,1199.8807,1405.5618,8925.8393,4664.2808,22134.3236,14183.4705,30121.5732,20531.1448,4733.5287,214451.4992,5565.7797,8891.7883,92658.7354,48723.1595,48147.449,644.1873,338.3865,4971.7433,858.4218,2741.8922,5019.7823,2372.984,3059.1523,20814.0252,28143.128,11738.458,6204.3768,6221.8199,180186.2937,229263.644,32357.4547,3986.021,7706.0931,14332.3767,3208.2783,88466.201,158220.2085,75571.7668,84973.7772,39834.99,104575.9074,2354.1284,51396.5968,3203.3067,3973.4133,11769.5186,58614.7106,49825.8187,14259.2628,14436.959,66771.2115,4632.3801,8624.1712,2335.7544,1249.0035,39515.733,3122.2969,4463.5155,4700.7651,6342.4971,3218.1703,4209.5946,13724.586,2601.0175,2203.9741,20877.799,7784.8882,12884.5539,12648.1905,3391.0545,3109.6736,4095.6558,3178.1581,4106.5053,485.0328,6113.0604,2105.8599,4926.261,439.4261,13055.5254,1527.7451,7310.1582,1370.6048,12393.208,8051.2541,2645.9598,4877.6964,5338.4451,13344.1519,10342.1581,1296.4255,3776.7062,28962.1053,8504.1459,11596.7139,2122.4677,3961.4533,14126.7143,4425.4909,8608.8498,1380,1516.5988,4411.0314,589.3603,10821.719,2666.6277,2368.245,61229.5269,3811.2362,23463.7512,5425.042,239182.3615,47507.6176,1653.8127,44772.8451,9799.3327,1743.9635,4057.4825,45071.7424,7854.2302,29837.0556,2175.776,74954.6914,24646.5498,23844.519,885.8791,53908.8921,30107.8715,783.9083,73960.0713,117280.36,52810.6266,35115.4011,6858.6043,16572.2388,1082.2126
SMP_E99DCE3050F437991FEA,0,510639.8428,43305.5459,142264.7975,46783.4556,27433.7527,853555.2079,4474.4411,87044.3233,531785.0012,8979.3277,4186.2845,3672.1849,2866.7502,32339.9058,2658.8577,16714.1435,22532.0417,13993.6118,5040.7239,92912.0761,12937.0233,78448.4669,10182.7854,188794.0799,129287.6458,36626.0976,39226.0323,7256.8696,9988.6173,1920.3779,698.8114,11955.6057,1460.5451,71092.104,8062.653,12289.9529,954.6658,1790433.651,117700.8196,26587.368,1280539.986,251467.2538,26718.9709,25498.4211,25059.1793,5106.6558,2505.4052,6069.4801,28753.4926,9346.0448,4754.4715,5495.5438,71.8547,34258.9356,8426.4701,6551.8589,3285.8524,1090.8432,771.3111,11166.4269,7374.6196,37548.5575,25657.6626,44022.6756,38598.1196,2997.1697,156200.984,3405.8257,6905.41,71161.5697,43299.0944,45072.4877,934.2182,248.1728,3337.9624,791.7017,4200.912,3191.2724,3495.507,5279.9213,26918.7921,21141.9424,7833.8389,6551.1339,5495.4844,164149.2564,237578.7848,26655.1176,2793.2235,7764.0216,13396.0373,3647.1305,81959.8964,155525.8955,67336.0581,74509.602,36647.6013,109788.1963,1616.2285,110135.2794,3328.7765,5027.8286,10080.6905,50173.8471,63984.2957,15406.7524,39221.2438,83622.8235,3777.3215,7947.0385,2199.3342,973.5944,52885.92,4021.4842,6031.6175,6243.4465,9337.3012,4948.1968,6704.6393,14094.4625,4132.2019,2494.8663,18798.5109,8495.3492,13195.443,12128.51,3715.0054,4712.1702,4665.5571,1802.3259,5510.4691,251.1199,7765.8154,2539.6785,4309.5009,1021.0601,9502.9822,1245.9118,8635.6715,1131.498,12995.7567,16621.5582,3172.7027,4111.4465,4011.3717,10256.2917,12505.0714,4274.4008,2427.4497,21574.3815,9093.3131,18126.4277,3024.1921,4435.4867,20155.6736,6741.8357,11274.7749,1918.5465,2463.1545,6203.5418,427.5112,21645.3593,5442.5296,3300.4197,91732.9926,6112.0081,33319.0728,5672.677,251411.671,61289.7655,1933.4656,42429.2962,10143.9534,1769.8709,4866.5706,50335.4553,9939.1468,33720.1551,4251.1659,68963.0801,35070.8152,32669.9272,1543.6682,50259.8688,37964.6836,212.9477,64385.6758,114633.5616,58173.1138,43600.0114,5967.3155,15138.9691,1775.0685
SMP_10B7EE30440248A29558,0,499847.1148,38872.6657,136932.2438,47787.2972,26084.1112,881725.7326,3678.56,82751.0544,512166.9476,9017.0026,3633.5758,3644.7576,5802.0519,36755.4678,2378.6597,25981.3611,23720.1047,9325.2018,18695.4342,97935.9532,8911.0067,74816.4665,21139.969,261909.9304,123207.517,31915.8125,43069.6108,10499.9574,4504.5748,2462.0327,409.9042,8301.9294,798.251,70137.4447,8968.1844,16551.3168,1022.3652,2033389.231,154706.2047,26037.9867,1635262.165,509630.3293,41908.41,28415.1826,30288.7326,9962.8148,3105.7235,13164.7914,53226.7291,16874.3607,4752.3603,4412.0343,565.2509,53799.4866,8857.8464,5288.1379,3239.7979,1419.1835,1051.1775,15418.0377,3625.8062,23734.6419,12196.84,26903.5087,19759.3976,3402.8366,296291.956,6325.0229,12147.9328,135170.6598,48951.394,50848.7921,895.0792,440.6257,5563.7713,974.4434,5873.4973,4423.6822,2991.7912,4696.4399,19172.9672,18665.4943,9545.8268,4187.6792,5323.3006,158378.0462,253645.4822,22768.0302,3782.9224,6531.75,13178.8899,3857.229,72527.3728,170811.155,73926.0224,92444.08,41258.6267,139082.8766,1872.4941,91582.6133,1703.5557,4279.7838,9698.0198,64010.3766,65285.0856,17703.1943,26517.4459,82025.6908,3430.8095,8271.5123,1439.8091,1433.7833,43659.2619,5034.7585,5551.5356,4809.8915,7421.1751,8698.1999,4528.9111,14531.9776,2409.1692,3365.7674,24225.0161,10239.7843,11137.4065,13979.3113,3561.9996,4665.4433,2672.2582,2440.6144,3830.0556,312.3401,6271.5876,3300.323,6840.7591,832.6124,17036.7757,1812.0653,15888.3331,1081.9722,21663.187,17864.7878,5110.5353,8473.8902,5726.294,16602.4919,27574.4562,6446.3914,3839.3703,41660.6423,22018.484,22352.6058,4338.0975,4889.6432,22090.18,9043.9152,13141.2784,1318.1042,2424.2519,5238.9716,692.8395,13996.3469,2502.7997,3673.7931,70509.1514,4992.2993,24907.7678,8321.5199,268416.9326,61822.6117,4510.3311,59484.7298,13021.1189,3424.4635,4724.2953,54124.0465,8255.782,31260.3161,2443.6051,94259.5495,26314.1367,29252.9463,1569.3821,77904.7665,34073.1073,1708.0738,112911.4912,142602.2805,66569.8282,45463.1545,10403.319,21020.2317,2591.1826
SMP_EDEFE7046B31F56E7199,0,522505.5541,41341.2417,151034.7768,48066.6244,29438.9083,972204.5497,4584.9696,84839.1735,578925.073,6554.5742,3067.0353,2742.21,2997.7471,24035.5006,1654.387,9614.4364,13866.4156,9524.8245,6526.748,65009.3485,10355.9614,62394.9669,10951.4412,175536.9239,116505.5038,26387.0777,36318.3253,7170.8665,7442.0659,2276.8888,481.5379,7857.2492,803.8006,29194.3681,2007.9632,5942.1124,402.64,1481681.566,21483.1098,16796.5664,369556.9617,143436.4235,15802.7739,24353.5769,9618.3005,4300.7801,916.8754,4363.2713,18551.9784,3276.1252,3681.5855,12463.137,100.3187,20300.8883,6668.4829,4260.8945,3178.6977,1406.2005,923.6483,11631.5717,2787.9899,19367.0172,13767.4126,24131.4407,17902.9273,3281.439,204539.5519,4605.9938,6763.0328,78043.606,44706.6897,65016.8612,732.7918,206.0969,4511.3568,1076.5641,4423.6644,8951.3398,3776.7454,4302.0678,24449.5294,24807.1469,11681.376,6567.923,8336.2654,181899.2712,273812.1518,26476.4612,3402.3879,7925.8724,18538.4015,3340.5822,75974.4088,173784.0714,82856.6472,82917.2093,52652.1389,112491.4283,3926.184,57513.5569,4060.8923,3834.2738,8827.1137,48973.1295,51002.2624,21182.2423,14713.4229,72300.8377,3961.2823,8643.8107,2206.545,1108.7466,37965.6964,5031.9672,5628.8207,5231.7352,9089.4194,8622.9338,4547.8679,17411.0829,5343.4891,3321.2155,19402.2453,8142.8072,11652.7428,12151.0566,4142.5332,3802.8539,3606.9929,3119.8339,4021.4681,649.1797,6356.0365,4389.4967,11075.7538,928.0232,30491.2903,5463.7017,16478.0642,1401.156,22604.2219,18154.7725,2359.8261,6598.6656,4511.9068,15565.1117,13154.4384,2573.6855,2535.6758,30474.7088,11039.5804,10964.2598,2715.2267,4257.9907,13541.048,4612.4161,13756.0798,1694.2952,2059.5878,4741.6631,327.709,12465.7426,2828.4561,3025.6349,66461.3898,3909.8447,24592.9823,4729.2177,236085.5826,55768.4181,1962.0098,37528.7893,8480.382,1595.9898,3231.9926,39621.4253,6086.4371,28110.2185,2450.99,70720.5943,31379.4836,25710.475,1646.2943,58480.3101,32244.6665,1093.7402,74683.2105,125226.5273,55275.3846,43080.4394,6693.5233,17957.095,1727.2144
SMP_519C60A042579002F47E,0,512997.7061,40912.7393,143063.799,44708.2153,25844.6945,889040.974,4302.2271,79332.7961,555785.1139,6582.7353,1627.0861,2373.7028,1927.8118,21860.1474,1726.7499,13750.2156,17206.9354,10075.3272,11300.7051,86515.2489,11588.492,74768.2223,16741.7123,233695.1756,133560.5616,43166.5035,31460.3168,7006.81,7800.3699,2608.3314,584.2738,7928.5889,977.7859,49569.1241,7445.0903,9756.1552,778.1459,1808937.5,145748.8729,22762.6176,1450025.543,299927.2059,28648.5299,22674.3501,28512.0539,8609.8887,3070.7549,8814.5669,33081.2127,5904.2858,4181.7533,5411.444,874.7653,34712.7089,7251.4732,5718.3912,3035.1712,1500.5044,926.6789,7914.171,3084.0644,18857.687,9813.494,23390.1254,18097.7283,1451.9381,192615.0629,6385.9317,6168.9423,61168.1084,40824.0163,29455.7536,312.3793,1.88,3793.2501,686.7917,3750.6894,4449.1658,3698.4273,3402.1332,20655.0802,55693.6375,10576.3024,7565.3773,6058.5885,230753.6904,280427.1013,33760.6013,4778.3235,7636.4354,13904.0915,3349.7605,104714.0816,172918.6002,82931.0577,106985.0127,35465.301,142405.8923,1366.6971,94641.9638,2684.1215,4240.8017,8267.9369,63903.6374,62778.8933,24411.7567,24621.4161,81368.3983,10038.3804,10404.5013,3633.8473,1479.6506,41905.9364,4365.9585,5485.7019,3842.4534,6791.1662,2620.5202,4378.5394,10341.4187,2908.2644,1519.6271,16140.8494,6420.6775,10283.033,13169.9019,2809.9011,1919.3941,3096.3798,3631.6602,4564.1887,166.612,5690.6649,6100.8674,9589.54,496.0637,25475.1245,3020.4362,23381.5137,837.2532,29704.4183,23046.1933,2020.2111,4058.1224,4015.4223,9598.8779,13238.531,1948.8789,2573.3808,25427.1597,10274.0028,12159.2881,2653.2222,3950.2171,10326.7813,4798.5035,23249.0053,3825.8438,1257.512,3666.4054,1053.8601,24511.2807,3160.7615,1835.1333,54730.5356,4021.7147,18605.2859,3051.9962,202545.8529,57457.4312,1847.7697,35538.5239,10280.9276,1982.1732,2451.1286,36717.7026,6623.8901,21411.5546,1823.8679,64285.3507,23737.892,22207.3054,705.8944,40936.4939,26563.4492,636.4736,59904.1429,110245.1867,51214.0341,40734.779,3282.6164,10664.4919,827.5924
SMP_59F0B262C6CC2724195C,0,526561.1173,39193.0899,150686.5983,44875.5195,26590.5456,936814.6988,4275.9454,80351.0792,552892.2594,8017.1149,3933.173,3770.6025,5900.3484,37731.2582,2945.7104,25615.9809,27383.1465,14247.1715,11865.0509,115163.1878,13286.1019,114594.6658,20216.0378,334113.9939,181421.2441,51794.547,67949.5368,13198.8548,78.7181,2622.5763,577.6121,9011.6071,1476.2763,70323.9482,8319.6664,11151.6171,800.054,1837384.356,114293.8713,31644.9379,1774844.593,385724.2715,42081.0777,20348.4525,47386.7707,17369.6216,3090.2212,11398.8433,41894.0229,18050.2725,4188.1087,7136.704,1036.3238,74481.3836,8866.1556,6965.1174,3312.7859,1349.1905,299.0755,21833.1906,7860.8252,39421.3561,27248.1603,54037.7397,40774.1151,2205.5045,190937.9629,4510.0847,6626.5901,80924.937,46694.2367,66388.3139,415.7579,558.9895,4390.5832,1151.2203,5235.6637,6077.9538,3460.7094,5312.7519,29329.5731,24943.3939,8319.2366,7061.0613,5764.9236,182209.907,286359.7818,24429.6132,2978.5888,9375.623,16534.8017,3969.0468,83801.0084,177900.9563,76026.6598,86782.0759,52630.6582,138484.3476,2816.4884,149718.8078,3466.64,5175.6477,11769.0961,53806.3135,59699.1336,21528.8428,44780.9485,102195.9319,3242.9022,9467.4853,1203.4389,926.5478,48771.3324,5735.7289,6219.6124,6593.5573,10043.537,5038.3606,7978.3425,19990.3698,2622.3087,2644.5909,17709.7691,8751.5428,9807.7555,12282.5652,3707.077,4287.5363,2966.0498,2938.407,4099.3057,380.6902,5679.3994,3222.6077,6562.9281,484.8946,17409.5735,3034.4844,13908.0238,1576.9813,19607.983,18472.2269,4970.782,7416.6069,6365.5446,18378.1717,14933.785,9049.1929,3672.287,33025.397,16901.582,19277.6015,5240.4521,6691.8506,25082.2729,11141.5837,14520.5606,974.074,2998.2243,3770.3781,1253.9029,19799.6158,3543.3573,3984.6454,90996.3381,5282.7519,33080.4315,8511.2163,272418.6835,70831.321,2394.5109,58820.2292,21175.1587,3112.4595,5756.7985,55719.7993,11088.1905,36389.0238,3473.3488,87316.0559,33252.9394,33021.6734,1912.3226,68208.3917,39585.2279,463.5683,105438.4005,152135.9828,79241.4283,59208.121,8800.7436,23781.2294,2646.8055
SMP_B7F3C5BB89A66182A299,0,524043.5902,39121.3245,141040.8824,44962.9573,27560.8348,901533.6766,4194.8512,82352.1497,487821.8229,8252.9896,3150.1794,3483.3252,2464.8594,26498.8572,2682.5327,15254.4458,17640.4055,11660.9068,5389.2362,82432.3865,8896.5503,85268.9129,11621.9054,240102.8343,114887.2052,40431.8922,30618.458,9061.0977,81.3967,4319.751,761.4778,16445.3041,1586.1813,127715.1495,13296.582,17626.2787,1262.2004,2274311.157,179397.6239,39375.2632,2373269.319,495502.6122,64640.933,20763.0825,46047.7037,12071.5146,6260.917,12694.9726,54334.5872,12465.0713,4501.556,9794.6061,969.3595,67042.9879,9336.684,7670.4686,3392.3021,1377.282,1010.1046,13494.3467,5373.5665,28509.3911,18554.8747,35950.5949,25110.049,2925.3884,155590.4107,3678.915,6678.7566,77516.1692,43051.715,36272.2675,444.0213,824.6804,3597.7806,948.0445,3989.9071,5092.9949,3758.063,4264.7391,28107.277,36406.1287,11612.7815,8115.1544,5482.8099,197377.9103,231005.7821,32726.3713,4272.0407,9040.3547,13664.9472,3486.1651,107977.4843,168325.8387,75387.0143,85377.381,44304.0707,124070.5671,2914.8305,100343.7045,3031.7261,4442.7639,13227.2546,60290.7814,63612.4061,19546.1809,31384.7906,77925.9251,4992.8997,9879.1958,1993.6711,1680.9013,46524.1779,6854.6473,6831.8356,5238.4958,9691.792,5392.1789,6864.0073,15696.2137,3439.2063,2380.0735,20228.6675,9507.7767,14320.1123,12516.4818,2957.0965,3276.135,3945.2758,3596.37,4494.9997,134.9993,5978.7977,2814.7042,7056.8734,1706.9316,16283.34,2059.573,12376.6021,1609.1441,18331.3221,16469.0649,3207.6172,4449.0255,4120.7248,12880.317,11234.6234,2556.5372,2579.7557,22767.404,10980.5353,11914.2719,2669.9348,4890.8976,13740.7701,5345.9246,17672.5118,1125.5925,2583.5458,4833.413,857.4133,25331.1659,3315.914,2824.7816,78376.3076,4451.0449,28780.5365,5188.0994,273727.727,60147.6595,1570.5535,46356.6758,12087.818,1662.6886,4742.8795,47325.6319,7525.6541,32633.3055,2459.2886,77691.7212,27570.8119,26297.4968,1044.506,67280.0129,40770.467,336.0865,96250.014,135548.1459,66917.257,43932.1539,5881.3259,12251.1293,2051.0729
SMP_CA2928C4B1A3C9EE304B,0,541017.559,41006.7764,149385.0821,50169.5151,28772.3964,894659.7422,4772.778,83460.306,520586.2912,7159.6754,2450.9434,2807.765,6314.3984,22831.418,1395.4916,10282.478,15744.8134,12848.1364,8187.7704,99699.1,10351.094,101413.6322,17138.942,345742.4007,112670.3719,54139.0531,34770.2506,9051.6561,64.8291,8531.9867,911.7418,14656.1953,1197.4527,128642.4662,19442.7644,15303.4124,1040.4934,2189554.276,199348.9105,29211.5533,1713144.561,417810.5548,48543.5045,24999.8712,33493.3263,11988.918,5946.9489,14338.4048,67771.2819,9860.6156,5744.7871,10125.5822,956.1596,59003.648,13481.8669,8467.1575,4746.1091,1421.4344,785.4981,7770.7004,3888.4962,18951.5973,10678.6369,26422.623,19293.2328,4827.9242,261007.2922,11429.0559,8881.2788,93281.9512,74755.4322,60440.8057,764.0896,1021.9542,6417.0337,1355.7832,5753.4548,7114.6334,5969.7329,5881.3934,24361.797,51520.3847,11243.2363,6276.4499,4218.4363,228360.729,248681.0213,38207.9389,7817.2941,7289.0413,10831.5966,3063.2879,110663.3392,159875.6574,78295.6265,106417.057,41498.7493,166395.0096,3536.7171,96837.632,2259.167,4131.5847,12834.4291,62276.5245,68930.5618,25756.0181,27717.4139,79434.1163,7926.7684,12409.5894,3733.7865,2045.0103,44606.6615,4945.0842,6658.8369,3515.9723,6430.0719,3048.6367,4686.7008,12339.7417,1884.8145,693.4366,16887.0626,7591.6856,9827.7957,12906.8617,2819.6692,1879.8499,3293.0261,3204.7689,4244.0117,408.7964,6983.8779,5148.8333,7441.9807,1813.8512,19009.8354,3728.6013,14670.7624,1501.5647,20539.4245,16241.7879,3676.9056,5654.8742,6224.9196,12770.9742,17102.7783,3352.157,3687.1481,32620.2014,13654.9065,16001.9874,4743.6063,5217.3552,16495.0719,6087.149,15738.6153,1856.9062,2702.1563,4447.0725,1334.8714,13945.2723,3251.8769,2600.1872,81242.9987,4516.3603,22007.45,4767.951,256125.4683,60774.7327,969.9135,34351.6767,9593.3147,1584.6507,2341.7435,43625.1021,5628.947,31661.5811,2723.7567,75889.4422,27616.934,23451.5207,1029.139,60527.0609,34176.7951,542.9973,92496.207,117812.2872,65579.3243,40773.3976,5401.1452,9581.1566,1653.8587
SMP_C8D143AC19C54099CFE6,0,539330.0359,42811.2493,152630.9656,50173.8166,30148.1379,946580.7973,4723.1893,85251.9706,624055.9758,7938.3253,4362.7302,4062.2145,3303.4634,34224.504,2228.332,18231.5086,24681.1815,20218.5014,5804.5302,114377.5741,18218.7182,109660.622,11446.1484,260951.0415,119517.6174,44425.1391,45696.5958,10701.5722,6474.4979,6312.8955,831.7994,16155.6393,832.1241,59246.4308,5404.7858,7836.8562,314.9965,1307780.093,45486.8572,23426.4421,660925.3602,165928.9187,24661.3613,17709.5138,16594.7036,4359.0648,2433.9296,7031.1277,31287.342,7745.983,6119.3929,7176.4642,351.8347,41143.4428,10831.2686,8148.6194,5133.7927,1450.1214,602.1722,13711.5986,4426.1793,22090.5017,14454.5317,32467.8677,24166.5491,3828.7475,209412.4122,5563.1933,6454.5832,75296.0051,59121.4402,81146.3298,295.8367,364.906,5779.6827,1294.4546,5796.0986,8586.1609,4034.4095,5044.4082,30197.2164,36201.3509,11062.7199,6973.2404,7676.0186,210278.8553,298107.2682,37144.4327,7673.3508,9442.5271,16520.4926,4911.3624,108907.7471,180496.3354,81236.1304,91742.5969,52928.4393,171818.4201,3484.4369,126632.5279,3113.6858,5029.6663,9283.4234,53237.9661,65636.644,22061.7466,31964.1279,102899.0008,3972.0845,8060.8935,2324.2939,1112.4106,49919.463,5975.5322,7500.7979,5280.4638,6769.9028,5621.3254,5732.3118,15512.6169,3194.3361,1598.9022,23845.9002,11628.2742,13152.8632,11846.8391,5490.4189,4893.9596,3561.4519,3395.4087,4412.5003,108.4692,5254.7721,6596.5139,11234.805,1098.0213,33027.3297,6068.6619,20433.1301,1633.1026,25738.7926,18419.5241,5852.3188,6405.4767,7519.82,17321.3384,22197.1519,6664.3254,4594.7321,51430.0383,18096.0642,19368.3116,4063.0811,5076.9607,21983.043,7295.4347,12340.5914,1473.386,2813.9701,4577.8842,1574.6374,21889.035,4763.1943,2612.0207,97397.3244,4845.7259,30759.3093,2828.9165,229557.2187,63341.5269,419.7721,40848.1692,10993.6139,1773.6795,4033.873,47005.6447,5159.8032,36164.3345,3161.9414,76936.137,35562.3284,23747.6549,798.1933,56916.9439,36900.2573,429.7037,85614.3665,116659.6281,56422.7427,38251.33,5620.8448,12305.4407,1833.1874
SMP_F3CAE5D77CFB2D6E0D19,0,528832.8069,40798.5261,157269.6494,49229.7291,28607.1262,926626.0454,4345.1129,91677.2444,521170.9779,9126.9377,2724.5919,3439.457,2314.7924,33109.0417,2011.4948,15918.1191,20994.9463,10909.2791,14091.7703,98268.5075,9053.022,80003.6259,17013.2388,240703.9589,121699.2451,37945.2813,46341.2093,10559.1106,74.5222,1655.5694,678.909,10274.5929,766.9024,49577.4033,6298.9013,10437.7012,613.2056,1660370.192,81830.931,24641.982,937087.7181,241289.1028,19349.0731,24578.5151,15806.1006,4994.4668,2815.4012,5997.731,34141.7171,4502.8296,4749.7984,6530.7157,235.6454,31387.0579,10223.3531,5225.7798,3450.4039,1805.8113,251.001,8962.6399,3870.2262,23178.0366,13678.3538,28734.237,20930.7641,3179.5925,183501.4013,4098.8848,6329.5518,68112.1592,36763.195,40031.0072,467.264,419.1028,3653.4582,319.5693,3805.2376,5518.9446,3390.7036,4181.2122,24082.2695,31726.3923,9553.2057,7601.792,6598.0117,179985.3321,236475.7672,29536.6384,4733.3125,8439.7786,13064.5171,3553.2951,89950.9178,163741.0023,71797.1656,91723.2093,39094.0627,121863.6047,1853.3296,77225.3727,2351.0789,4772.6584,9400.9511,59259.7975,60882.7064,15761.5356,22898.3375,71596.3644,5210.9083,9522.55,2299.8248,2145.716,44772.1796,3260.1876,3961.3777,4734.2087,8533.027,8429.5462,4086.8332,13007.362,4556.1135,3354.4721,21117.6674,7402.3563,12387.6278,11996.4996,3274.744,3823.0453,2963.3533,2856.008,3568.6788,94.3759,4527.0012,3923.2324,9209.8637,1217.1939,23785.4779,2909.7541,14952.6015,1249.4208,21073.5298,19991.4528,3911.6705,7458.3702,5533.8439,16270.2408,20006.2608,3586.2579,3351.1328,31642.8642,12911.4579,15026.4536,5215.1705,4621.5997,13809.8737,5471.3009,17984.521,2701.093,2332.8001,4337.125,677.3177,15303.1272,2642.6965,2858.7121,57383.6651,3603.548,22853.1868,6133.4821,250468.422,50186.1737,3101.595,44314.5763,9843.5924,2121.0616,3586.5297,46823.7663,6994.3443,27439.6218,2396.7999,73761.4367,25067.5041,25908.016,1356.239,58059.9949,30586.6365,1929.4628,84650.5374,123063.6182,54698.8229,39780.616,8136.2836,18210.7675,2586.2735
SMP_2A00DB78862F9D3892E1,0,521354.9716,39564.1522,147084.3859,46075.8238,28976.735,911127.6815,4510.3023,78808.5002,575487.1866,6700.1766,4204.7665,4272.3965,4342.1977,33262.0696,2233.7626,29287.2791,33813.9312,17121.7628,22782.57,120032.4761,19109.4094,105509.561,27072.6181,277261.839,170750.8173,41813.6126,50595.6948,12984.3673,89.0809,1358.6853,705.0677,5258.7445,1284.6497,44293.0374,5282.4491,9221.4663,519.4362,1925648.108,127263.6296,25027.936,1631299.403,343062.5175,34320.9598,26663.3262,44889.3026,11356.5556,2426.5107,7986.6044,29724.1044,12911.2091,3999.6023,7693.3145,437.8786,47455.563,7883.593,8307.6812,3510.7869,1090.1138,825.0055,16944.822,5745.2171,25964.3826,15755.8905,29836.0271,22145.1577,1579.4009,235227.5359,4372.6629,9706.3929,110563.225,54805.4411,53682.2451,678.2238,780.1717,4532.0361,1338.0998,6147.7921,6015.1596,5272.3002,5842.9106,27377.4426,27870.0143,6860.6041,6138.9849,4115.2928,215486.1404,289604.4654,29375.8047,4341.2598,9155.1331,16458.8778,2845.3498,108166.56,192925.0982,83715.1964,91085.0259,45729.7591,161273.7996,2537.8798,134283.8387,3692.1026,5553.6061,16306.6275,65692.8575,77118.5101,26705.4354,43161.1322,118569.9273,6162.2509,11509.1285,2561.2934,1555.6405,52446.8165,6720.0917,9208.245,4849.1936,8850.761,5350.4602,6575.7504,15104.0226,3094.8236,1879.8293,22923.8443,10094.0918,12936.5828,15276.7144,4502.3164,4513.6561,3020.7139,3360.491,3558.3559,425.3979,5889.6947,6271.2857,10065.4377,1020.3522,31972.7862,3228.5222,24112.1568,2026.6453,42199.9857,27803.1068,5374.5494,6919.8074,8102.3674,17250.631,19873.4747,7176.1173,4042.2898,39631.296,21456.8401,24539.3847,4055.8636,6983.9678,24556.7379,11697.3845,17166.1359,906.0661,4559.5176,5717.2849,3119.7979,25375.1214,3416.238,2535.7771,84515.2563,4243.2279,25726.391,4429.2348,242125.6175,71315.2035,2925.1447,53139.5248,18923.1281,2394.4063,5099.8853,53210.1348,9037.2442,35850.4219,2740.8037,83517.525,37273.2878,25996.3529,1366.0326,69401.4523,37261.0666,938.0788,91053.0168,144520.7127,58817.9596,49113.9572,7135.97,19418.6518,2595.8761
SMP_02072C0E9DA12134EC67,0,538484.3925,42646.4437,159789.5101,48989.5146,29258.6214,947266.5683,4246.3829,79619.0524,581603.8452,7553.3775,3021.8212,3063.2169,2914.5073,28663.6971,2579.9978,18802.4974,22913.5737,16777.6566,5305.3048,104717.2901,13578.0333,112023.2429,10079.1987,287833.3837,169670.0184,52395.9476,38263.0746,8839.5414,73.5449,1959.8212,563.0477,6439.5071,756.2485,28867.0735,3117.6199,6777.937,318.2238,1265266.046,40699.8534,17709.0477,527511.265,177079.4562,17072.6611,19257.6983,14271.7507,5632.0996,1452.6652,7459.4173,36757.4664,10139.7037,3231.2901,5827.5479,230.0357,36544.2772,6778.0397,5969.0142,3025.7791,1116.4388,3.7812,16922.6872,4183.1179,24894.7291,19477.6168,31658.0159,32543.7642,3042.3831,218772.3064,4424.4651,11027.5518,108356.0296,61084.7121,70610.0676,1015.3759,730.0778,5724.0426,1520.9391,3451.9781,5316.1513,4047.5714,4510.3645,24660.9745,23009.5412,9641.2499,6735.6456,4783.3807,195579.2623,255143.9444,27632.0183,5747.1612,9295.1213,15520.8196,4031.5489,106441.5728,193184.7534,84949.8614,90406.0243,63183.7186,152871.119,1359.0443,106195.3823,3729.7315,5786.6124,15663.1165,60923.0599,62523.0434,28111.2646,32195.2729,103740.4484,5129.0821,12626.5592,2258.6157,1581.1623,54949.3941,7462.3723,6690.6175,5807.1555,10288.4749,7216.1067,6344.9014,17815.8242,3384.4007,3289.6436,24178.3492,9558.3084,13633.9368,15078.3748,4468.3781,4247.6966,3760.3865,3236.1703,4281.9616,557.8918,8263.0584,2680.4406,4400.6438,1130.1183,12315.6142,2009.3772,11624.5866,1706.2553,17659.5803,11789.1543,5249.4185,8207.9494,8582.345,21137.0586,22229.6975,5488.089,4504.2423,45457.02,21669.4743,21170.5984,3866.1745,7785.9327,25422.6439,10141.311,15425.6772,1791.5614,2535.6404,5529.7219,1066.5233,20639.2743,4921.6104,3824.0948,89501.8232,6629.249,27903.1014,6366.4836,269140.1419,69750.9091,1417.3044,44843.7035,14716.0541,2606.4181,4734.2546,48061.4107,8718.7309,39632.8837,2441.2299,83584.1595,36509.7897,27123.3025,1791.3429,79724.8287,50010.439,485.5245,99202.0917,149483.8498,77824.3546,55904.0431,7164.3648,19353.0065,3172.4468
SMP_9520B8153271A8BD2020,0,540110.4366,42352.2545,157390.0009,49177.3857,26670.0883,991372.4876,3864.4579,88854.2563,574946.1692,8261.286,3622.952,3389.3843,3135.1227,29105.2806,1894.2181,17147.7851,22650.7647,16034.6086,12278.504,113108.2129,10180.8647,113348.0038,20642.75,285513.3539,109634.7424,43041.0858,67745.8766,15146.8649,3761.4188,2252.4624,732.6362,7827.3287,1173.566,40060.1836,6074.0121,7627.2413,531.9537,1181413.069,65088.9158,16790.1177,583796.0344,137985.2782,10597.1427,17480.6425,11119.0873,4677.9756,1717.3416,4804.3711,25638.2463,4591.7918,3528.5337,3646.0663,98.997,21015.0319,7426.0398,4478.5638,3177.2496,1454.1153,589.7506,23396.0009,6180.3515,30702.2752,23296.7644,39930.8919,23702.9518,3750.4079,194517.5072,5181.8996,8441.4937,80542.6852,48586.1839,50949.1386,316.8709,368.0217,4313.4135,1025.3183,3802.3835,6779.501,5160.0021,3638.8477,28408.8245,33415.1463,13188.4244,7666.8573,6727.3186,197772.2442,260938.5845,33228.1608,7200.3732,8845.276,14107.5562,5430.3905,105586.0659,178749.5698,84392.0252,91188.6998,52915.2513,155829.3514,2877.477,87762.9138,3413.2578,5056.6114,12190.4517,60503.649,74516.5166,21861.6649,27329.4276,69560.4639,6548.3101,10583.8967,5314.4075,1210.5109,36422.716,2822.667,5514.8168,5739.0983,9952.2564,7567.8332,6425.4828,12694.5284,3814.93,3437.0402,27908.4347,13001.2486,16957.844,16136.9313,4127.0778,3125.3681,4580.3689,4061.3342,5259.3358,616.1361,7181.4322,2103.4963,4798.0095,1323.9025,14671.3437,1597.327,11327.4739,945.7257,18877.2983,7978.9934,5177.7396,8692.2475,9300.9983,19853.4387,28393.6592,4756.8793,5010.0365,47378.0876,20802.6837,16833.25,4891.915,6309.5304,15292.517,5385.5659,15390.887,1661.0342,2184.1259,4266.7545,1116.0395,13267.3008,5187.9848,4418.5499,100426.1202,6282.6367,35003.4422,6134.6381,293178.8513,69252.6166,2291.032,52908.3435,12887.9532,1775.1232,4650.9816,51908.6958,7436.6304,39448.6717,3491.4776,87494.2498,28415.8265,26369.9641,1435.2353,75540.709,41879.3438,1006.0007,97064.323,118833.7677,62544.1868,36789.8286,9367.4503,17470.1397,2245.3526
SMP_8C8BAFE8D0E27FC6C7A8,0,536214.7037,39920.1792,168513.8753,45877.933,30912.56,939912.152,4233.7011,81897.7321,522523.7138,7525.6123,2916.1387,2875.2606,3753.6481,27117.9147,1534.3188,17181.6151,19375.7034,10485.88,15179.8029,93727.902,12176.6297,70230.6876,18335.9381,221931.5264,109938.0539,30759.4179,34716.5083,9715.2073,3127.058,1938.7304,352.9294,7840.3099,1096.0435,44522.0136,4506.7535,8263.5971,466.9881,1595439.441,61178.108,20861.2834,863533.4646,243676.8564,27026.3487,21313.7369,21239.6138,6712.6611,2457.8708,7508.9932,24838.2838,9401.7348,4325.2089,5381.4672,519.5203,47710.6507,8215.8015,6740.1434,3065.2932,1176.7351,554.2896,11164.4547,4025.5564,26288.9258,18140.4965,38632.7476,25194.8578,2140.5442,127109.0016,3092.8593,3957.163,45661.341,23774.1538,31998.0585,256.3491,32.562,3959.5623,484.9182,2775.2823,3610.1456,1875.9709,2821.6175,26029.7036,30720.8208,14167.3195,4199.2254,4212.1005,165433.0207,243916.6857,35828.4874,4951.8796,5061.095,10119.5163,3939.8577,75124.241,159862.0677,67343.6679,100473.0645,36578.2791,134080.9144,2342.1397,103354.2849,1256.697,3499.552,10487.9401,69675.5865,62943.3993,15382.0383,31113.4852,76315.2492,5258.2151,8374.4758,2233.0377,574.6507,43907.532,3514.4976,3574.4826,5606.8262,7756.9964,5966.6665,5040.8769,17535.0768,3133.811,3105.6092,25289.8054,10491.4777,12377.2559,12941.0437,4013.2911,5169.1845,4160.1225,3351.1865,3944.4507,551.8187,5870.7024,2892.8761,4213.5735,425.9987,10808.0514,1309.0317,7945.537,1339.8171,14295.4087,10312.5188,3773.2268,6853.5674,5820.0153,14827.156,19790.4205,4550.4909,4260.3731,38154.5296,17564.9483,20239.6351,3994.9336,4605.2716,19766.2455,7426.5225,19259.452,2356.8569,454.9093,2103.92,484.648,16742.0651,3219.7129,3697.3183,78847.1702,4694.2754,24967.1238,7273.2588,251117.8357,56878.5263,4018.6615,48383.4512,10490.5211,1799.0146,3733.1127,49683.8205,7265.1125,31705.7747,2142.7171,90765.4014,30792.4913,29390.3393,1142.0501,65027.0541,29548.5865,1711.5825,96638.8593,123865.7354,56404.1446,40343.318,6377.0051,14394.1207,2156.8752
SMP_91512A66E5E9EF432B77,0,533683.1592,42102.9995,148543.1835,49411.5741,28940.4923,996976.4201,4041.696,83619.6336,549830.0305,7965.5064,3687.6491,3938.2059,3389.5493,29659.4478,2312.0677,18751.213,21633.8663,14440.8928,9723.1256,94292.9101,13972.0414,85126.1936,12400.5256,211495.2474,116090.599,34076.6199,34118.0868,9872.5852,8805.8668,2020.7899,410.7683,6846.0216,1023.6479,39669.5777,3994.932,8946.7081,365.1264,1643504.46,41309.56,20994.6224,605253.3329,150837.5873,17709.8055,27031.6576,13168.055,2652.5583,1431.4702,4385.5809,27235.6986,7166.7109,5121.2339,5157.5704,2.9459,21780.3104,9655.5031,5233.5048,4001.8186,1539.7133,306.0279,12819.4376,5077.3836,24638.3109,17845.8531,28973.4122,20773.9258,3653.5761,215493.8957,4453.6995,7845.5058,87311.8337,47176.883,54996.5981,347.7978,1.6437,3399.2327,819.687,4402.8934,5348.5944,2623.7322,3208.8355,27268.1475,26382.1197,11808.2996,8359.1173,7315.366,199850.8759,251914.2094,37232.7125,4943.371,10342.2551,15759.8698,3677.2659,96846.0105,169811.8551,78050.4149,78848.2353,45511.4597,123559.2757,3252.8387,86154.9974,3238.2972,4133.75,9988.1964,47969.8541,52803.142,18613.8561,23887.4037,74888.8337,4268.0803,8200.6595,2046.2093,561.827,37773.3204,3733.2428,4730.2542,5215.1346,8066.4384,7246.5115,5167.8882,14030.6357,3750.6834,2140.1741,21483.5199,9179.5397,13036.6739,12374.2228,3406.8219,3580.1688,2309.9285,2798.5171,3463.7101,4.5367,4280.075,4089.2782,6934.068,1290.5127,20608.1571,2723.3735,12481.2568,1539.3037,19279.5845,15630.3698,3171.5133,6169.8248,5120.8159,14740.0203,14805.9884,3320.93,2921.0086,29640.8273,14256.2325,15435.9416,3194.5835,5795.4567,14594.2255,5402.2156,11551.6802,1248.0278,1415.4812,4083.3375,1361.959,17107.3159,4444.3295,2908.8335,95732.5495,4737.7415,30139.1829,5099.4791,251702.1287,70123.4787,2523.9118,52467.2496,12709.1848,3195.8898,4417.2531,49763.6668,7880.8231,34853.2075,4561.6238,78634.9261,37232.2772,26253.5157,1002.509,60825.6893,35318.0796,1053.8434,77765.5616,124331.6546,53959.5059,41243.5191,6018.5172,15753.4449,1502.9508
SMP_39E331D73E10D4B1259F,0,535122.2466,42582.7475,150398.7976,48320.0782,27627.9526,918259.8773,4197.1488,85746.7219,539749.2339,8180.5568,3023.7136,3411.0778,2686.0038,27684.7836,2451.7448,18003.1874,23332.9839,15044.6372,10627.3088,110418.6195,13040.3298,91427.957,13273.2611,242131.4304,119007.7349,45540.1393,42648.4957,7071.7188,71.6606,2013.4943,705.5588,7707.9356,1296.829,46355.5429,4923.5761,8736.2036,552.619,1551527.112,85555.135,22845.0655,1251698.801,402246.9088,32906.2441,18451.9599,26264.7771,8976.3558,2858.3213,12268.2067,42168.6882,9975.0422,4203.3493,5311.3526,234.3175,59371.7146,7977.5003,5548.9169,3358.2592,1162.9458,314.7167,12216.6562,4219.5156,22672.2794,12586.5639,26636.4198,16391.0469,2860.313,177622.1927,3132.8338,6586.0917,77367.4112,31240.7346,38181.4065,478.8632,279.9718,4616.856,701.51,3228.987,4502.7369,3769.2037,4345.828,23428.1374,20797.3047,9401.504,4124.9938,6304.6797,165332.8127,260201.8904,24954.1478,4194.9787,5758.0215,14539.7359,3591.5915,71559.1462,171642.0879,73847.2156,106525.6299,44648.1655,137950.0015,1621.202,85140.1204,3209.1412,4633.0399,11388.2286,72334.4936,67923.9995,18316.4853,25113.3869,91350.3373,4703.6808,9248.8695,1723.1279,1296.2732,53848.1309,4491.7229,5522.0625,3578.5957,7180.5055,4807.9358,3547.3712,13924.392,3033.2225,1866.3339,19790.619,8658.3811,10448.9451,12271.1423,3254.4307,4060.3691,2356.589,3060.1554,3197.1202,306.6329,3376.5819,2306.1407,5136.0044,273.0555,15285.8495,1215.3771,11356.2803,1103.4346,19929.3588,12366.2799,2930.3499,5922.6665,5020.647,14994.6298,15735.9881,3185.2449,4145.6571,37284.945,14359.3886,17038.8331,4156.4039,6878.9087,19414.4136,6115.8405,14023.1498,1614.3899,2311.0956,6221.4356,807.7831,14407.1086,2298.7614,1129.5043,71027.3993,4233.2572,24526.7655,5036.4397,238591.8829,66299.9199,2204.0785,43324.1693,11233.5532,2734.428,4160.7967,46107.1704,8329.7543,32591.3399,2780.3945,81057.0613,29357.1876,33444.6775,1677.8539,54955.7093,33498.3184,930.094,75114.3808,102116.8958,59949.7419,40173.9922,5904.856,13892.1621,1440.5189
SMP_401B9A8405193B72E511,0,527417.0214,40686.4525,149032.4905,45161.7918,27947.2483,895476.4482,4692.2742,78014.4625,532397.6341,8659.9048,2432.5574,3060.6457,3034.982,23912.1096,1855.1337,16210.7395,18335.917,8051.7695,9871.0143,66717.093,12099.6598,61737.5121,15645.4654,193648.8829,168043.458,25449.927,37472.1307,9259.0415,6096.595,2423.4418,853.2295,8821.8744,1683.9534,75485.102,12018.4001,15734.2227,2039.3183,1708954.323,244502.9519,24542.3538,2013893.941,347068.4892,27061.745,19025.2679,50991.869,11177.9486,3885.6716,8331.6878,37077.4317,15332.9046,3423.0185,8583.1698,967.9417,43297.1158,7517.2634,7078.863,3059.1839,1623.8754,253.365,12057.5743,3851.1718,21010.3335,11809.9204,28219.8086,32138.2885,1364.5676,171231.4645,4157.3943,9139.286,87625.271,47406.0291,43079.0999,915.3003,1882.3938,4114.676,1068.2004,3525.3718,3899.5398,3667.6168,5583.6474,19268.1208,21528.7056,5035.1883,4971.4476,3371.6266,166027.533,237942.0861,1978.1967,4381.7871,7412.8165,12418.6373,4028.2322,97970.6059,194081.7192,71100.256,79494.6172,39736.5311,162223.2524,1227.0955,119402.6928,2176.7256,5660.5849,15345.1601,59852.0711,91485.322,22088.8416,47175.9211,97458.3602,4393.8548,10587.5672,2163.5677,657.002,60637.0921,5845.551,6528.2414,5214.2369,8894.4223,8304.3223,6696.9812,18380.598,3582.1021,3744.0783,29033.9179,15483.0201,12553.3659,15481.7466,5569.7263,6029.3115,2535.5867,3771.9035,4433.7811,199.1933,6112.4425,1922.2859,2831.5504,322.5718,7769.0322,1154.137,8259.8288,826.346,18096.9306,12423.3616,4742.3505,7786.0773,8073.7205,18613.5979,27343.0182,9326.1498,3994.0303,48652.489,30214.548,25022.0641,5394.2785,6985.9553,25701.5062,12790.3424,10369.8926,170.2791,2359.1917,6916.8173,1245.9018,19812.2177,2455.9132,2141.0777,69807.2335,3695.6971,23859.9134,6418.4586,262708.1862,62640.4064,4057.8433,44634.0526,11843.6552,2051.9649,4171.9472,44734.8246,7639.8329,26176.3865,1953.2183,61687.2198,42407.5718,18768.3199,1710.4984,53148.1197,28909.8076,1512.0967,81647.2001,163178.0615,51511.628,57093.9553,6653.0963,26068.3874,4960.4625
SMP_E40569177DAEE153CFBA,0,505294.1499,46073.7239,148883.4968,47030.9133,29016.3698,929724.113,3934.0652,61894.0805,510823.3795,7621.841,2725.9148,2651.5779,2175.6183,21300.8166,1401.269,8074.8989,12836.6282,7220.4415,6309.8053,67533.2222,7540.8432,52620.5321,10012.906,170201.2494,80144.3526,30047.8219,29944.3051,6841.327,3451.5829,9991.6184,3641.9031,44679.1723,3105.3538,51084.8814,4082.0313,8000.867,478.777,1450700.349,83343.8059,19288.0985,930743.0628,348437.2517,31861.1098,19209.5595,24596.4859,8762.998,1282.3535,6798.3695,29655.1363,8111.9234,5216.3416,7118.8678,493.4117,41094.2631,9652.5718,6848.5932,2875.1798,1343.5463,3994.6921,6359.8316,3639.5755,19206.9046,10490.2966,24827.8632,17626.3516,2922.4246,167530.0102,3581.3731,7691.2309,80580.6401,41952.3584,73001.7983,886.7935,424.7409,3539.3108,633.0272,2557.9687,5644.494,3174.4427,3589.5666,20037.102,16465.234,13162.0127,3088.1316,4885.8333,143390.476,252523.1158,45362.0038,4495.3862,6102.5705,14523.8825,2946.6117,70435.0811,180722.3915,79129.9649,80198.0637,65735.6945,115131.9876,4155.1896,90891.1696,3716.3558,3457.837,8861.6917,42434.7745,58121.0615,15320.0297,27230.2024,73534.1806,3470.5982,7353.9939,1971.0903,1150.4345,42035.1518,3897.4503,6462.7608,4209.7749,7497.3209,9487.5375,6311.7803,20870.2979,4444.7171,4119.8852,22553.3561,11468.6298,10453.4228,13246.7163,4427.6546,5991.5231,2704.7561,2935.4393,2901.1413,731.3108,4712.7392,1019.6026,1928.3546,257.9849,10070.9586,2002.4833,4448.3671,1064.1215,9181.5626,7024.3736,3395.8733,7792.3923,5075.4692,16616.7309,18732.924,7296.9462,2934.5475,33325.171,15355.2244,20601.1815,3483.7204,5237.0078,22117.1519,9392.5504,10785.5494,1555.433,1408.2722,4545.0825,1206.2116,14277.1665,1764.5736,2463.8047,61112.6674,3324.1185,22275.0395,6187.2294,243100.559,50848.5312,1644.2302,34224.7447,6549.1133,2243.0429,2379.0104,40747.0192,6894.2973,25355.1746,1825.3304,70367.7639,26243.608,28222.1131,1789.0911,43458.83,24383.4105,1178.0334,73393.4517,112364.731,53463.4209,36297.0209,5365.6326,13232.5481,1246.5983
SMP_6CF44C1E6194826B0084,0,511089.6059,42659.5119,142990.619,49100.4037,24360.7999,851961.7596,4296.5562,58898.9946,497684.8337,8070.2877,2483.8452,3318.545,3281.2336,31059.1264,1909.9801,13127.3769,12749.1007,6670.6655,4906.3823,70030.2583,6706.2346,66591.8396,11559.1641,197871.8193,110807.055,28806.5204,36972.2211,9316.5451,5488.9736,1799.905,725.6794,10249.0483,1268.3079,63479.6517,8152.1922,9945.2778,543.454,1820415.545,136847.7956,23154.2647,1331967.967,237231.857,23006.7543,27364.7308,32061.1817,7737.3012,1753.7215,5835.5794,46600.7773,6969.6674,3828.9743,8084.1309,804.4398,47469.5998,7827.594,5862.71,2571.3092,1388.4785,451.799,14480.5356,5745.0416,34451.6143,25225.0811,53591.3062,35330.7044,1977.8825,219004.545,4332.4475,9169.5554,92775.8903,54111.878,50904.7228,806.0455,619.8484,2890.439,1122.5647,6071.2277,4424.4015,4013.6265,5148.7739,27972.8666,22156.2764,5379.9487,6990.5314,2725.1747,180399.1716,236877.4702,28772.1354,2072.8169,9668.1628,13009.9748,3494.9127,91148.9624,159706.1529,70921.7654,57212.2005,47568.247,125137.4213,1972.8494,59755.3492,3476.8199,4822.4109,9261.0603,30778.0502,59510.0826,20452.0133,17234.0407,86545.55,4970.5966,7957.5563,3568.7153,1175.9641,44310.6672,5434.8681,5282.4152,6839.7947,11021.4407,6170.8457,9383.9822,19932.379,3985.5754,3143.495,23110.0666,14717.7566,14060.8136,14412.413,7223.6177,5427.379,4441.0739,4290.4498,6044.3821,276.8219,7262.2627,2045.3437,3836.2837,920.1658,8064.1709,1370.3743,9947.1599,1241.7431,13612.2611,12773.183,3444.2609,4840.7903,4466.8688,11769.3552,14160.2028,2203.4527,1987.0017,26935.146,11136.4918,14506.1403,2904.8594,5033.1946,17577.5126,6344.5908,12841.3903,413.8451,1106.808,5381.4821,1047.4231,21541.0974,1814.0129,3271.688,67833.9046,2608.8408,29680.0682,8256.5064,275325.8207,63340.2606,2828.0015,47486.3784,9741.1206,1965.9819,3452.1213,42955.7295,6398.9038,27746.2245,3092.3189,74385.4,25030.5148,24675.5777,1275.2198,57839.4825,34575.3376,664.9553,94286.6806,138838.186,62300.3944,46282.936,7690.3969,17373.2078,2396.5256
SMP_7283AD08935992ECB873,0,493228.8021,41581.7175,133102.7829,46754.2461,25405.6644,847473.1209,3382.525,58711.15,461865.5747,8613.5316,3358.8432,3571.335,4626.7724,31189.0572,3283.0772,18165.3078,21085.3488,11204.0476,18957.7864,95186.6786,12883.2311,81052.0212,27033.3069,278511.2141,157665.4069,43475.0607,48863.6588,11235.241,90.1007,2956.3369,398.5556,6981.244,1197.9872,62124.8979,8018.0456,11640.7947,795.6773,2131389.756,179106.063,30739.1976,2033025.21,622235.0647,53213.8875,22240.692,46407.2282,11833.7198,3237.7433,15432.5372,67234.3601,23147.5977,4705.5818,7612.2092,620.4314,89930.0999,7265.6166,8211.4395,2433.7136,1199.5944,1579.2522,16312.0828,5251.0762,32028.7453,20174.1976,44320.4425,32905.5051,2848.0086,305365.3268,5594.506,12279.712,133131.814,48566.669,46045.8872,594.0037,644.3681,4072.824,1200.6293,5799.084,3752.882,2987.4831,5453.9537,25018.46,20793.7387,6699.0833,4525.4829,3316.4134,177140.3179,250924.1479,32233.9812,2933.3361,7526.9408,12484.0533,2383.1191,78640.8357,166321.9448,62962.8928,82902.3743,28385.6899,149387.8878,504.6014,103963.7372,2613.8299,4906.865,9666.8191,57780.5097,67918.8667,22458.4277,32581.7399,119462.9738,3823.0905,9718.2509,2282.2267,1151.8417,57763.1434,5693.8895,6105.3135,5055.5461,7530.4224,4038.7462,4826.3816,12375.5058,2130.0396,1968.5927,23536.7477,9458.3168,12111.5251,13965.0463,4270.4825,5098.8758,2667.3612,2977.0138,4011.0592,566.9445,4911.7842,2518.3334,6550.2848,1328.2143,14877.6846,1054.9697,13974.9885,1211.5388,19703.9925,20581.8041,3876.7388,5085.5475,3116.4069,11757.0181,13131.5669,3901.4392,1507.4244,23027.0241,12156.5998,20245.3096,3330.499,4583.9001,17835.5488,7589.7665,17256.1502,2052.2563,2321.0222,6959.2631,2144.8458,24935.5768,2862.0941,3593.4695,82815.3738,4021.8711,27207.3786,8633.5779,278367.0704,75595.6277,3986.93,51598.7827,14446.1734,2553.0304,5465.9583,55517.6445,9491.2799,33361.4882,3437.2433,88534.9895,37388.3263,32264.1397,1197.2795,77721.4393,39279.9003,2141.9491,118606.8178,167488.4006,78578.8788,56882.3883,10296.7177,25001.9836,3928.692
SMP_965CDE27AE8F1A147161,0,506423.9309,42360.708,149312.8037,47865.1672,26723.6622,911272.7063,4033.3866,69227.6683,527804.1659,6953.0537,2275.4035,2364.2257,2726.7634,23625.7909,1881.6109,14382.5758,15477.6122,7046.5191,8582.387,67604.2785,7949.9265,53509.5787,15041.7153,171114.064,95141.4382,28040.8568,30897.0994,8295.9142,12590.6657,7164.4492,612.3291,9642.042,1640.127,53034.3599,5787.3074,8414.1708,672.2942,1709869.44,53351.41,23373.0843,893859.2227,228399.335,22820.4808,23201.6566,21117.061,8350.5523,2380.4297,7046.1267,32866.8265,11058.3041,3656.4683,5006.1002,360.0649,80938.341,7278.3567,5523.942,3291.5562,1232.7388,1638.3582,15232.5902,3783.2896,25497.2343,15151.3607,37004.1833,25704.0975,2873.0658,192920.5456,4621.4517,8705.594,93293.6779,42009.5695,49749.3556,712.8304,255.8377,3014.1608,1030.0202,4615.4387,5473.1769,3355.675,6062.08,26015.674,23528.2199,11231.1899,6308.4879,4305.1202,173435.9107,239752.2629,28005.4062,4975.6156,8265.086,13856.1944,3880.8708,95158.5827,171216.1325,73050.6319,76282.2893,39047.6323,134654.3221,1362.0524,93869.4429,3287.1384,4823.0121,12345.0384,55062.8604,66309.8014,19368.2846,35849.162,105466.8822,4865.5538,9869.586,2580.032,1697.626,68929.624,5434.8083,5997.8865,5488.4709,7264.4523,3704.5004,4432.6664,10583.6164,1778.512,2255.584,25992.9861,8470.6222,12975.2641,13765.9254,3399.5265,6730.5101,3485.0631,3380.6052,4657.7625,345.5187,6360.3079,2533.3002,4973.5536,1119.4321,14806.0785,2685.2605,8768.044,1398.7646,17126.2113,15194.6977,2876.6116,2693.507,3997.274,10022.9787,15665.4986,3390.2597,2138.0476,37554.1489,14213.8275,17057.5016,4394.8277,3750.8491,22857.6096,9066.3635,18316.476,1999.3114,1757.2797,3602.2655,1785.6847,27784.8276,3361.8124,3103.3685,71296.991,5723.5907,24296.7415,7103.3645,253296.7633,66184.8189,3771.5086,42409.1592,13425.9587,2423.7502,3997.5011,50297.8486,8273.4346,29625.4181,2977.8062,79264.034,29466.7638,27221.3797,1032.765,62542.8957,33813.5436,3932.2877,108129.5448,144904.4457,69044.1326,49642.4822,8985.5465,20364.3593,3365.6906
SMP_F9D8E8266B879DB2D6A2,0,519398.4153,42712.2942,130542.6234,44050.0632,23521.3688,875882.3172,3637.1595,51559.3256,489108.1817,7908.3272,3251.4651,3270.9142,3340.9352,27130.4766,1807.7441,13171.9651,17806.8636,10155.755,6344.072,78303.7425,10273.0192,74244.7778,13158.4693,223908.5879,116223.5433,34648.4372,43152.2257,6633.9903,94.3822,4195.1968,797.1143,12907.1678,2072.6028,104000.6564,17201.4954,16511.3848,1489.3764,2150841.315,277454.0558,28994.7009,1895214.866,438433.5398,72516.6485,25080.1873,35945.8705,10526.5034,3469.3199,10900.7283,55004.2159,22173.3548,4163.8835,6950.3836,847.0251,79944.1251,7805.1855,6312.4399,2362.8006,1483.7582,539.7323,11429.0508,6060.8528,25527.9554,17236.5164,34074.4701,27272.1937,1811.0215,184734.7604,4222.9849,9643.3605,88112.3151,40430.6386,41173.984,588.6399,760.8969,2967.7542,1118.1883,4070.2613,3620.4605,2619.9831,5186.6677,27366.1531,25262.9603,10490.8192,7139.8361,5818.853,163813.7314,251147.7894,45177.135,3465.3574,9223.4957,17000.4138,4440.1128,86106.9082,180985.657,69795.394,72132.9246,48953.8611,119794.1153,2957.0091,111996.0615,3674.1816,4866.1597,11095.8052,45643.5473,61665.7107,24915.0481,40217.5494,90775.4169,3322.3942,10538.589,1558.7361,977.3883,59836.3384,6232.1277,5279.6288,4911.9364,8862.5942,6578.4819,6702.309,20421.2582,3573.1666,2787.0135,18645.2973,11441.6885,9919.6987,11158.9744,4550.2101,4797.8289,2440.9504,2749.4536,4245.7357,155.7234,5514.8138,2505.9951,4498.8774,860.1661,10844.2542,1067.1783,8559.1695,1066.0017,16456.6101,16200.6416,3895.0664,6396.0479,5848.9544,18077.058,15037.7347,6252.5152,3041.9599,36513.0954,14552.48,18287.754,4423.8152,5310.7862,26293.8088,7776.4764,13174.5433,1648.8438,1837.0014,3440.8511,1461.3901,25233.0707,3888.8614,3213.3348,84606.6257,5115.3491,29470.2516,7801.7046,244418.7319,52472.7689,1965.1317,37134.6924,10075.6287,1977.1452,4170.328,47829.6241,7022.0721,31357.2559,2352.9796,72073.3629,33414.095,24941.331,993.5404,54268.4015,31752.3059,544.8733,81910.5893,133739.6552,57473.3248,44585.3561,6524.1445,17170.1658,2046.3594
SMP_A847BB1F7428F7A3D040,0,499058.6133,42278.7606,143203.4484,44655.0938,27141.4526,900110.2719,3775.5346,60658.1581,505213.213,6103.4118,2765.6564,2724.153,3088.3627,23237.9429,1799.0859,7728.0023,11189.741,9717.3931,7166.8552,77736.2934,8588.8239,78987.5366,13603.5261,258704.7598,87339.6724,35029.4237,34891.4297,9710.2252,7528.7568,2928.1169,806.4282,8755.8017,1428.7369,50755.1749,4747.669,9882.0388,728.8741,1499955.106,77639.6383,20530.0709,960358.7329,235771.7417,20073.4838,20253.5869,19657.9486,4472.6996,1245.5191,5699.5551,17206.5996,4263.7574,4635.5105,9388.4513,383.4946,25335.376,7368.676,5057.4275,3594.6915,1361.8393,365.0448,9025.754,2553.3881,18565.8013,13257.091,25668.1513,15331.1826,3273.7247,167738.0133,4855.1717,5462.8514,57912.7458,40655.2928,56160.1556,353.2157,141.0769,5041.1186,1002.1189,4097.7518,6734.554,3888.9451,4164.3752,23861.9631,33987.127,13623.8122,5889.0733,6548.2934,185419.8017,272625.7394,46628.2293,4403.3038,6647.8215,14258.3464,2722.4343,82112.7109,165847.9111,82706.3202,103938.5624,54466.1257,127592.9696,3040.6215,85036.8129,2922.5495,3446.9251,8993.7861,53074.4051,49383.8205,17494.7478,20478.4977,79220.0553,3383.4342,6644.7227,2091.9694,1778.451,37875.5882,4738.1512,4746.443,4383.9782,8687.7852,7209.9609,6055.6549,16349.8848,4757.2263,2631.5787,16586.5691,7060.3727,11253.8032,10556.7671,2660.27,3101.676,3725.6218,3277.0565,3638.5019,257.6743,5730.746,2600.7621,7545.8986,1265.8612,15771.5572,2428.9213,13681.3891,923.6871,13854.8447,15316.9393,4065.9859,8429.6637,5129.9136,16003.3295,20389.4041,4799.0927,4610.8625,32289.0576,13961.7056,18406.5306,2739.4719,5186.4764,17659.4871,7329.1185,17356.5292,2125.3813,1719.0411,4456.0475,587.9898,18382.7081,3528.2569,2829.8923,77989.7731,3748.6602,26068.8004,5681.6211,243260.0639,53602.4351,1273.6485,32360.9913,6207.6818,1743.1287,2285.7654,40243.8047,3792.2294,31323.4509,2905.9668,83201.6115,29066.4732,26663.3676,889.3065,62131.6631,30485.4023,580.4442,89271.9643,115821.628,61399.4169,35954.9453,5312.3482,10196.9735,1468.2386
SMP_8B6220F2D64EB0B26250,0,500578.4037,47193.4319,142205.0385,45171.9093,25221.0642,893678.048,4263.2046,58604.3867,509719.2875,7427.4485,1744.4353,2148.2726,2904.0255,26498.6503,2063.7791,14313.1642,12431.1858,5804.5274,5552.2596,63275.0595,6918.5235,55992.5859,12658.7682,194875.923,112764.6092,26837.2503,24950.8989,8671.2381,9872.5939,2357.6151,953.5134,7046.3109,1337.7582,44689.4429,6424.1254,8480.1774,592.4328,1512308.208,113906.5305,19273.4297,1180076.368,330143.993,28409.9538,19685.663,25601.705,8908.1863,1672.8949,6806.2332,27675.7689,7173.9445,3601.7579,9107.0087,283.6459,39908.2369,8153.1514,5860.6165,3129.0208,1329.4229,846.8592,12059.9626,3216.4061,22921.0247,14429.4943,30547.4198,21488.3887,1762.4937,184328.4671,4829.3195,6460.2752,67260.9079,49619.0449,57446.8299,716.9896,530.5755,4686.0126,1277.8459,4451.3763,6317.651,5327.3124,5640.6817,27189.5514,29611.6629,8711.6163,5364.2514,4532.6266,189851.2518,248538.8953,47117.2285,3056.5223,6663.6607,11933.9856,3638.3275,80312.7603,155709.8275,76961.5537,84821.2222,41652.8853,137437.536,1645.7203,87458.9321,1928.3479,3726.2609,10435.6406,46304.0816,58421.2302,17946.7966,23358.3459,72051.5515,5689.0909,7320.2079,1671.6429,1138.6413,39073.3424,3290.5037,5337.9241,4622.2126,9069.9635,5661.2133,5990.6501,17899.1379,3048.1789,2666.3346,20446.4991,11970.1031,11262.7507,15425.5361,4590.8918,4289.7189,3427.9709,2968.2714,3727.2224,581.9687,5822.2806,2449.2598,5724.6234,762.5634,11487.2577,1696.2014,11715.3647,1334.8896,14230.2696,12356.0311,3968.3131,5598.393,6490.0688,13717.9339,17000.7399,4294.3099,3214.1408,32039.4226,15876.8374,18059.4195,3029.7634,5309.2473,20661.4978,8961.3612,16556.2052,1920.1434,1214.6092,3886.9023,677.7237,19671.907,1724.5599,2165.2125,55158.4361,3209.2715,20671.9355,6479.6432,274903.9236,62738.3248,1988.2346,48460.2217,10123.7105,2226.1382,3253.791,41330.1002,7530.4112,22229.0623,2275.144,73588.5523,25997.1701,26479.7108,1821.1486,54802.8161,31141.3803,651.0757,83772.3865,140040.3388,61681.6904,49968.2511,4624.175,12086.5444,2331.4131
SMP_73C7E9597CBAFF28C5E8,0,494182.4155,43068.166,144294.6691,44772.4109,25013.9301,875662.3902,3747.4016,97573.4001,498112.9875,7446.3992,2834.8372,3014.3668,1599.2415,26579.7184,2270.6549,11694.0719,14955.3747,9812.8727,3386.2367,93830.9714,7657.1217,62030.0566,7686.8521,220545.2833,76753.2722,53849.7997,16609.5565,5657.6518,95.9476,595.2169,450.5843,13219.2281,1311.5604,54625.2397,4719.3227,9588.2452,780.083,1522186.721,73427.167,22330.8485,1274156.237,616456.7075,54328.7694,22251.5016,22145.8399,10273.1472,2269.7243,7491.5195,38507.7205,6548.0872,4572.4458,9097.5544,472.4012,42305.4539,8106.9223,4632.6182,3050.0032,1283.3078,529.4049,12965.8594,3715.5946,25171.8545,10582.808,23077.1656,14293.5426,2741.8168,157841.8583,2989.5142,6472.3014,71313.5015,33876.6802,48661.3383,179.3159,271.4066,3068.187,1052.5897,4345.1334,5952.0384,3633.4336,4894.2751,20098.4798,20690.6229,12557.4797,4449.5975,4916.7299,159693.9757,233348.4848,37503.4517,3941.6502,4651.0873,13567.4028,2942.3461,63927.9916,169201.4416,69341.9891,81725.8271,49172.5308,115694.7977,2112.4647,72960.0559,2841.9786,4222.2953,9178.4317,43833.2178,60516.5861,16338.4584,23578.1111,73241.9516,4147.54,8267.5981,1439.1332,1900.3585,43885.6101,4609.793,5588.1339,4082.1503,7225.2459,4536.6617,5557.8567,16219.0012,3053.4683,1220.2595,11625.75,7833.2994,9716.1289,9704.6085,3285.6542,2419.5733,2124.0321,2238.3467,2219.0747,487.1352,2615.8455,2732.13,6165.8374,428.0894,15761.9395,1775.1007,11242.3755,1451.0124,14936.9902,12758.8464,2088.0162,5065.1073,3496.1132,12437.8312,11811.0369,1591.5995,1444.6255,23914.923,8631.8788,11111.2382,1575.1636,3771.4318,15414.9966,5617.3642,14542.0527,2430.0512,1470.2835,4557.7917,850.7962,10246.4043,3050.5605,1776.311,67339.0839,4870.8191,22349.1887,5278.049,245264.8534,63904.4439,839.8654,37054.1588,9798.6827,3694.0625,3316.5241,50380.1032,9681.5474,29488.7102,3631.5947,86450.4917,22999.4235,46400.1869,1511.6019,48509.9492,34970.2138,294.2642,84333.8908,105078.0827,79355.6417,41262.3405,4151.4917,6356.5485,1463.9529
SMP_D1EE0EACD6C82D2C0AFD,0,493805.042,43343.5402,144558.6072,43734.879,27086.7582,941920.0933,3580.3151,59994.5557,492970.4427,6755.7937,3232.708,3242.4535,4700.6446,25295.1808,1866.3742,14312.2146,15871.3269,9427.6448,13242.5173,71919.5419,8141.3812,85684.1305,16761.185,223965.8678,101160.1468,29592.1674,51254.5066,10610.9367,7370.5798,2478.0117,620.3011,9620.6454,1254.471,55557.5658,8072.0099,10671.852,588.3851,1588725.599,92548.6243,19979.6293,873976.3281,191098.77,21533.873,22906.3479,19276.3052,5740.1098,2159.1591,6112.9505,27878.716,9891.7085,5040.2441,4567.6105,254.3107,35015.9951,11203.6187,3919.8446,3745.8567,1299.2038,492.9453,16842.9808,4738.3143,21047.0262,15696.9223,29890.2972,21302.7086,2140.2109,128240.145,3560.3171,6181.4669,76254.4097,52394.333,58840.9824,890.5254,399.154,3155.9979,676.4049,3779.2921,6048.0864,2281.2777,2680.8772,24691.8242,24362.1889,8296.4112,6873.7478,5480.8087,175070.7954,244248.2723,46509.8383,2082.1354,9283.7151,14830.0786,3067.7908,106026.0912,186423.133,89637.7771,74299.3917,60061.4966,110186.6546,3774.6407,79493.4661,4078.4328,4174.5235,11264.3657,40144.0514,50755.3953,16504.3174,24803.6344,58392.7873,3525.1068,6771.6696,2188.2242,1171.3584,34014.5386,4567.9034,5610.9731,5397.5656,10149.3712,10550.9832,6977.677,16968.1117,4373.3856,3049.9665,22836.6746,10185.9077,11587.9298,13076.1376,3668.4496,4625.0255,3471.5211,2749.5107,4486.2362,124.2277,5176.269,3518.7143,5109.6343,968.6983,16058.4029,3771.5196,9688.5877,1349.1392,16054.7244,9957.2638,4058.4869,7816.822,7961.5983,21076.0081,14161.6462,3853.1261,3617.5176,27842.8602,13576.5732,14048.9639,4027.677,5474.1787,14641.9834,6810.8621,11191.2935,1584.6334,2031.3388,3974.4629,1121.251,14939.2306,3013,3694.1721,75260.7061,4000.5966,29783.2164,10873.06,258995.7951,58136.6119,2350.4679,45694.4002,8607.7828,1957.4158,4609.6068,44481.6415,6823.6199,29673.4225,3153.5389,74116.7051,28604.5925,22413.1597,1249.6252,67117.1148,36197.5557,881.6253,83028.9292,128675.8497,57526.783,38307.5508,8024.6857,18531.1519,2525.6993
SMP_B6983C2A9D91B2F4BBA9,0,502349.2266,45569.9362,143613.2696,47903.355,27204.9755,926937.0849,3438.1111,58903.5336,499076.2069,7846.6033,3175.8688,3828.5674,2512.5502,27199.9745,1890.8043,15429.0225,19114.7436,12891.174,5782.8964,98226.4039,11526.1159,84227.2134,11323.6144,236471.1163,106072.1807,41702.2497,32060.6612,8766.3688,4419.665,1988.9401,636.0441,7104.5428,611.3544,40819.8251,4187.1822,7643.2428,473.4545,1456960.473,34491.165,21875.1955,657006.2746,281916.595,23245.3129,22375.8276,14940.3792,7842.6347,2871.0228,8408.8404,45792.3885,8094.1068,3809.6672,4245.0739,171.1733,45733.5421,7634.3062,5008.7823,3503.2297,1528.6652,329.1348,12628.2327,3852.4445,26033.8388,16333.2134,33453.7532,19480.4794,3089.184,208550.1959,3751.6669,10227.5729,110773.0222,51896.7662,73971.4254,639.7561,581.1162,4853.2937,1245.9604,4242.0366,7101.1282,3875.146,3197.7539,23007.8865,18619.901,10791.8764,5324.4193,5327.339,176256.0605,252224.1615,31834.4591,4775.321,7570.3489,15477.7238,3014.9118,89414.5449,179237.415,84490.6404,89286.9843,56778.2759,137826.7108,2622.9204,67449.4713,3516.1487,4642.4663,11852.7495,53524.0195,65048.339,19505.1999,21445.2869,61319.315,3332.355,9188.1156,1734.3372,2037.7222,37409.0876,3297.2432,5547.944,4531.7525,7154.028,5028.0404,4551.5855,12672.4803,3979.9478,1922.094,19060.6409,6579.9988,13951.1788,12293.5963,1786.4582,2378.9365,3932.58,3453.7824,4194.7607,387.7977,5104.4675,3650.1199,6684.6484,2.5735,18263.4455,2684.231,11765.3473,1490.9137,17897.1527,11022.9304,3436.2161,6365.5595,4705.0666,15540.5567,14120.8207,2050.775,2717.1275,31114.4025,13054.9975,10979.4923,4130.1281,5534.2154,13968.2839,5925.3999,10143.3933,531.8307,1776.4657,4068.6842,1195.2892,7533.8773,2762.5458,2655.0113,72589.3086,4213.6541,27065.1313,5134.4665,243905.272,58936.9847,865.6724,47987.2382,11830.68,2610.0645,3924.3639,46644.0382,8562.5071,33578.6124,3598.6183,77920.3329,28148.2469,30030.2453,1242.3748,61181.6595,37432.8365,1164.6325,84924.546,112825.2492,63519.0078,40317.5561,5488.7014,9885.3142,1802.5272
SMP_8BA4022654B3340BD573,0,505896.0582,43574.3213,143651.5236,46332.4461,27118.4094,892556.3839,4653.7607,86534.7918,496296.2038,7642.9872,2937.1286,3022.6312,2316.6252,25345.813,1901.0458,11658.7747,19251.3761,12957.7814,7127.8778,102087.3171,9677.1476,80593.1441,9074.3112,237176.3791,97602.2339,47339.8675,35780.0151,7057.4052,5256.9639,4721.6919,1655.5411,10508.669,1194.3933,53407.4305,6311.9313,10176.4696,445.9433,1421868.178,93345.0279,22177.523,1222464.093,330660.7192,30440.4871,19128.8972,22753.3665,6795.9569,1398.236,5052.0051,21378.2064,4691.2292,4212.3096,6174.5587,353.6871,29986.4725,7328.798,4253.3659,3199.0519,1212.6092,1970.1706,10859.115,5550.1416,28033.0461,15420.9516,31709.8145,23204.2031,2158.3661,194492.4781,3876.7067,6915.6946,86591.7587,40605.8462,68774.3943,1025.2951,177.7585,2438.801,1243.2265,5415.2048,9408.0791,3186.0143,5052.9551,21486.9006,20678.6776,10818.4388,6844.1004,7378.9406,162429.1594,272454.5806,46297.792,3094.0416,9019.3959,18113.6164,2248.5935,77238.6744,182597.385,76775.757,70198.9615,58145.2308,104589.126,3466.552,64994.0895,4254.9207,3724.9067,11664.1858,40081.6322,47271.2621,18275.3839,18137.6103,81087.5671,4590.3262,8674.4176,1292.0676,1341.8442,45940.5019,4823.2972,6000.4967,4551.8207,7230.4045,4902.1151,5514.4825,15298.1983,3928.8525,2304.4185,14152.827,7258.1682,10923.5275,8969.5701,3029.0664,4084.7798,3117.0525,2886.8166,3327.3137,229.5018,4041.1466,2080.6016,6082.3523,590.4866,18279.0394,2847.9322,8177.6695,1031.291,11484.1717,8540.9475,2751.0614,5954.0742,4337.8032,12391.2233,10103.3215,2484.7947,1664.2242,23046.9941,7517.155,12837.8223,1765.6747,3349.7399,17107.5554,5102.2923,13620.2175,573.7016,3199.269,5123.2887,986.0109,18949.3132,3233.7943,2358.7694,66630.347,4986.894,22882.5363,4117.7785,233078.0945,54397.1741,458.8112,46515.9614,9889.0761,2258.5975,4238.9224,50810.2165,8703.4681,32951.7775,4511.023,78146.2347,26253.7977,34728.9303,1504.5314,51117.0967,34329.2583,285.479,71366.4679,106379.393,63703.3836,38108.9756,5178.6519,10902.4006,1346.3525
SMP_29CD0C849C38FAEA867F,0,508243.2962,43193.9337,146330.579,46284.7538,26779.5497,900914.8973,3614.4745,61271.4169,501226.3169,8481.9003,3705.4748,3540.9744,2602.4264,27765.4344,2431.7943,14402.8257,19199.4156,16331.5348,5986.6298,89806.3046,12225.7701,93518.1202,12331.2027,215164.1979,112432.3445,38236.0065,34049.4339,9301.3452,5211.3994,2379.6596,657.387,10738.9308,2189.3995,57200.8671,6836.1872,10871.9297,982.6008,1542998.119,76616.7738,23798.1873,1114712.168,375549.9768,33702.4129,21878.0053,25107.2218,9534.372,1734.971,7453.8344,26782.8755,13864.0444,3986.2225,6532.6594,576.6282,78487.0655,7759.5915,4700.3398,2591.5003,1138.2589,374.1431,22587.7778,4752.2781,28063.4019,23873.0247,33109.7591,28597.7357,2568.8316,157416.8296,2644.5601,7457.16,82677.7968,31414.4785,36656.4218,815.4177,2.0523,1451.8367,655.4183,5142.3706,3884.6005,3025.1086,4926.2853,26372.418,21548.0551,11035.7333,7148.4602,6121.99,177201.4541,248115.3731,36198.3792,3775.6195,9434.0262,16684.0288,3774.641,89428.3103,174496.9827,69422.9552,73070.1616,44221.199,131292.0511,1932.5184,110413.1356,3678.1446,5216.399,11551.1039,47033.5921,62519.2843,19382.0062,37336.5473,90775.6444,4373.7545,9294.7686,2860.5084,1579.1734,58029.5969,5068.0436,6225.7572,5742.6152,9053.0948,4218.6056,6232.4893,16653.4187,3287.2604,2717.4941,17697.0728,9496.4413,11497.0457,11833.3469,4196.9386,4818.9223,3044.7096,4120.5067,4577.8407,736.3943,5131.8404,3139.6316,7721.8772,1177.952,19783.7542,1144.0114,14038.0776,1051.5683,21851.7326,23417.8035,3217.715,5423.8367,5373.3408,15811.4268,13312.4251,4461.6204,2679.6699,28817.2175,12390.7139,17030.0297,3477.8599,5769.7972,21731.977,7914.3139,14634.0719,2413.5302,1393.0415,5958.8478,1700.1209,21108.382,3838.4292,3716.843,94896.2177,5737.2933,31971.4119,8226.4029,260122.6935,70329.4677,2312.4183,50066.4791,14468.6557,3150.3123,5874.645,51750.1548,9045.833,40824.4504,4688.9045,83618.5725,35747.8591,30703.9689,2290.8511,76105.7615,44805.4112,338.0585,90224.5197,141965.5844,65031.5076,51951.4721,6983.4744,17170.5828,3522.9136
SMP_D48EB0E730ADED26BBE5,0,508562.5943,42891.9849,145573.0996,48415.533,24837.6288,873691.6958,4325.8543,62208.3525,525774.1025,6913.1026,3148.5403,2924.0031,2200.7192,27101.7029,2037.4085,13100.92,20694.7859,14463.0952,4284.3483,93181.4753,15566.8188,98829.068,8872.5795,251384.8883,160469.974,46051.5005,34942.7253,7302.1178,9519.3368,5707.585,1318.509,10816.5444,1379.5442,60751.0131,7601.7485,12214.9422,523.13,1485859.215,91483.3323,22178.0835,1053848.738,220990.727,28735.5616,22872.1513,23210.1373,8101.5295,1516.6119,7239.2445,29298.6869,9364.3887,4727.0105,7012.6271,297.1523,41648.8535,11011.4451,6903.8948,3908.3942,1569.9453,566.7032,12466.8384,4216.2561,20107.2949,15302.7083,27331.8403,26450.5492,3387.8831,215262.1316,6835.1892,7835.4659,87526.9646,47300.2588,44278.519,429.8513,588.8527,2564.1879,779.4275,4112.5238,5352.7837,3152.9548,4546.1395,24999.8366,44139.345,11296.546,8151.4228,5107.5915,207234.1511,256412.0771,36549.545,4458.5281,9940.1332,14083.5319,3171.5388,101532.924,167164.2763,75501.4667,74515.6918,41835.9915,124866.1223,2924.2996,104039.647,3702.0964,4226.6951,11209.0243,48507.8703,58312.5239,27120.3496,35096.7126,108703.3978,5389.6087,11700.1482,2324.1477,1075.5403,60933.1986,6864.8415,6869.5481,5215.0951,7763.6353,3647.0482,6942.476,15934.0132,2878.1971,2147.5103,17709.8953,9602.9842,10942.4175,10932.0147,3170.6994,4122.8166,2585.9973,2372.104,3530.1842,231.9219,4208.3297,3548.9911,7420.734,998.4523,19854.5884,3148.474,14181.6232,1448.178,17582.384,19410.4548,4274.216,4733.829,5880.2007,11865.7867,13895.8711,4872.8954,2060.9722,27565.7158,11839.4273,16354.99,2898.0181,4591.5489,18784.3757,7911.3978,17291.6036,2140.563,1921.7887,4250.5611,1221.8592,25346.9709,3876.5677,2737.5756,79710.7979,5567.3626,27312.534,4750.3595,253898.8098,61915.7495,683.1249,36464.4095,8940.3645,2008.8759,3786.4909,45107.4855,6515.9654,30130.4159,3287.8356,62376.5284,35455.4796,22707.9068,1233.4483,55025.0776,34152.1607,376.0608,70509.1709,135798.3112,58991.1994,49331.4759,4855.5052,12821.7482,2058.5057
SMP_9E692C8780948D844159,0,486006.8299,44874.6816,134319.9554,46629.901,23822.8085,869436.9247,3832.4784,62935.5212,472470.9281,6723.3874,3667.925,2512.907,3584.2245,27698.0969,2399.8618,20076.3826,24880.4748,14886.8608,17088.735,115039.4538,16652.6874,105926.4939,20313.0553,271420.9195,160814.9499,45409.3017,35597.8094,9839.0372,8103.0926,2081.3952,475.5246,8775.6019,1670.9448,94991.1702,8977.9898,15278.0564,826.7807,2219369.116,157304.2754,33164.359,1762440.843,401130.3298,59933.147,27374.5967,38771.1964,11138.6673,3190.9371,13979.4014,54949.8886,14051.5212,5004.0241,12249.8931,794.595,64225.4308,8845.9241,7551.6489,4047.8731,1586.9861,190.2012,16030.496,5422.286,23490.286,15023.3975,29101.5461,21293.2895,3776.5736,233485.1637,4690.6612,9127.1492,99362.849,33562.3961,33726.832,618.9473,319.8373,4161.8126,698.0811,3468.0057,4263.3405,3017.923,3042.4106,27450.4796,34521.9854,13894.5755,5737.4728,6656.3889,192338.3897,275626.3519,47262.9837,6618.3845,6901.0547,14531.0908,3805.9865,93498.9839,190869.1388,74199.6321,96559.2097,36545.7114,153078.3709,2816.6118,114403.6291,3604.552,4591.9771,10820.9944,67413.5538,70499.4511,22852.3846,35198.2609,95110.2596,5641.2077,12776.2707,2292.1331,1150.9339,57668.3779,4447.358,8050.597,4600.8784,6933.5452,3912.0429,4047.1033,11949.9503,3216.1418,1483.3404,20561.2742,7487.2962,12435.1446,12830.6441,2690.6331,3853.6448,1998.6284,3092.0398,3378.4125,3.1258,4473.4483,4977.6073,8282.2688,1059.2417,28163.5885,2383.0083,15127.2542,1475.0482,26351.3003,14878.9572,4642.8496,5573.5769,4292.589,11579.8724,14350.3062,2858.6905,2367.1637,26020.291,12688.2893,17649.3711,4211.0391,4548.8172,14609.3387,6047.114,17999.5246,1438.5325,2921.7946,6054.4324,2705.7334,17568.8845,3013.1926,2992.5119,74713.7967,3895.5423,22103.5593,4380.1781,226843.7076,61080.8438,2334.9777,48854.2754,12650.8878,2339.9804,3341.4993,51102.9381,7471.6354,28093.498,2225.6118,80997.7377,29629.5516,25447.1974,883.6692,58583.3766,31751.1291,332.1255,83549.6315,131466.8858,47237.6327,40207.0246,4816.5393,9747.6349,1893.1058
SMP_9F38506279329545476F,0,505617.712,42851.9365,144253.5601,46273.8451,24499.6668,866409.8445,3431.9441,59885.7857,502001.7178,7449.8006,3808.1066,4500.0381,5115.6438,39634.3813,3170.9911,19594.5662,21969.3409,14515.7296,14854.0437,112362.9141,10843.3767,103096.6803,20958.5804,293098.4823,121079.1544,56390.131,49856.7542,9633.9886,10887.1051,2799.806,294.0289,9777.9524,1212.1713,78862.8484,9909.2424,14347.4281,954.1928,1792742.117,146577.0114,25432.5634,1554513.068,688545.9822,46856.2713,24419.0096,34968.5698,9780.3796,6112.4225,33019.5614,180711.56,54290.0554,4936.6689,7845.0757,730.3683,100179.8097,8676.8828,7299.3306,2910.41,1260.1923,814.9681,26629.0268,5283.6669,38132.1687,22536.6871,38575.5684,28968.4139,2099.7801,226436.2653,3789.1308,10914.4695,110542.1453,48775.5654,40695.5278,1021.1062,466.4883,4478.9797,1093.2743,6468.3377,3227.5298,2995.4091,3660.5173,27890.1152,24777.5362,7492.4971,7379.5169,5608.6753,191304.9684,272179.0984,40033.1294,2702.7127,9539.7779,15689.6326,3879.4355,92236.8727,185305.3122,82222.5607,92685.8292,44028.2082,146040.6163,2506.396,72154.4594,3299.8197,5022.7135,10554.5691,58278.211,62935.3913,19089.1825,21258.5601,94275.6515,4737.396,9069.7715,3028.98,933.4171,44895.7875,6365.2623,6139.0487,6888.3588,9573.1785,5726.7346,6139.5418,14334.1719,3067.2072,2979.026,21000.1844,9663.3513,13070.0783,14267.0488,4311.2682,4316.907,2286.5633,3722.7061,5325.7117,315.6846,6239.9999,4902.9835,8581.9883,1322.2193,19217.8078,2881.8824,16975.7263,1736.8402,23365.8899,19128.2096,3874.5449,6236.5716,6570.5855,16207.3802,15238.2849,2052.4279,2943.0236,32349.4484,14248.4539,14345.9314,4432.2017,4518.1589,16790.4587,6188.6733,22560.9169,2179.205,2929.4461,6718.7737,1469.4451,26434.1408,4842.2483,4495.7625,94517.0078,6884.3597,35642.3923,10366.4163,286713.9754,79161.0041,2456.6795,47061.889,17215.8464,3564.2438,5001.7418,52390.3633,9971.293,36744.736,5575.1453,93877.7132,29619.4748,43066.6675,1127.8687,80929.4195,48924.0323,1223.7901,102961.7802,132844.5491,92036.1822,43901.2566,9064.9137,18850.3782,2668.3581
SMP_CA3681D821344CCF5E65,0,538615.8411,45713.016,156675.4857,47519.4023,30396.4186,977304.2377,4067.2802,80971.0382,491900.2081,8484.6026,3905.1871,3937.4698,3173.2809,33995.8544,1892.8914,14885.4145,20250.4608,14378.382,11669.6994,105093.7926,13304.6402,91689.5766,15904.1794,251683.1076,126804.5845,37282.3444,40518.9815,10911.4898,8319.6563,1170.9756,629.7278,6127.0134,1100.0648,38841.6883,1838.0338,13843.0934,396.0134,1188251.35,26253.985,20192.7474,482666.5312,187621.5013,21036.2731,17766.2782,11674.1258,4625.3307,1169.4676,5172.7636,22667.4627,7154.035,4888.0595,6807.0437,445.0181,29032.4437,12496.4435,6538.7048,5357.1696,2049.4412,1216.7852,10871.849,5297.3094,26108.3097,16928.9061,29383.3945,24576.4733,1805.0255,178233.5268,2165.8359,6751.1427,80300.4027,35210.7005,51611.9635,619.3722,1.9858,2586.9656,645.0479,3761.6081,4990.7034,2855.8392,4227.3312,23142.9505,12135.1782,9729.3388,4140.5285,5358.1845,158270.9333,258718.2924,61480.8149,2863.9805,7338.8282,16823.3037,2846.8694,74205.6248,169605.1251,80245.2017,80665.4389,62356.7733,111001.4675,3569.0087,91697.833,3487.5089,4163.1697,9056.2785,43901.2157,53454.9789,19656.6476,26035.4994,86380.2884,2583.1283,7486.8817,1071.8749,1158.9739,44285.4791,3149.5052,6031.6773,5173.6344,7786.1349,6094.6985,5509.234,14334.8281,4179.4844,4052.6695,18049.6461,7726.817,12314.0284,12689.5933,3798.8313,4739.8774,3628.1044,4082.6053,4751.2444,629.7008,6208.2138,1774.2296,4683.7879,550.8978,16278.9241,2123.7284,8718.3355,1579.8273,13003.3374,12792.5198,2979.9419,5125.2364,3929.1352,13479.7999,10151.5289,2445.14,2429.6902,23929.8537,11234.5235,14284.0568,3098.2902,4965.3138,16360.7309,7537.0202,12344.0679,1843.9905,1867.1216,4991.8484,1214.8731,16760.456,3133.1458,3659.29,76878.3799,3859.2653,32110.7417,6399.1649,255350.2596,56084.9737,2640.8864,46872.3668,9269.274,2034.8289,4239.192,45082.0903,6775.2202,33765.9998,3392.9501,75362.847,35611.258,27026.1974,1105.6293,58850.3123,34583.7365,753.6782,70700.5215,117699.0752,55049.0946,43819.2235,5770.2514,14649.0828,1934.6749
SMP_7EB9AA147C08D4837393,0,503473.0176,39499.6325,148636.351,48581.5618,25907.2404,906377.602,3988.9316,65997.2329,513885.1525,7848.4462,3160.428,2725.5419,4168.8233,25619.9403,2074.4366,18841.3856,24094.3307,13600.4949,26430.6245,102315.7781,16441.7302,85701.5252,33352.8009,287590.7004,143806.0525,39923.852,53467.9322,10233.6413,5067.6456,1898.6531,827.542,8997.8928,1618.4894,57652.3362,6192.816,10624.3833,789.4878,1859201.47,149234.4545,20850.7603,1179531.632,225342.9447,25579.9261,24048.706,23697.2115,6659.118,3730.7885,11765.2817,80127.9228,17928.51,4290.3757,6203.727,428.7886,53946.9336,9197.8561,5803.8116,3378.5669,1217.0743,616.0573,8660.8033,3503.7629,16144.048,11724.1064,25659.2504,16318.4207,3816.4447,297777.8276,7192.7194,10353.0563,116791.3708,47886.9003,40767.2828,337.6497,831.5121,5190.1046,1355.5143,4084.9321,3833.7855,3340.9823,5453.7624,26114.1934,39262.0825,10124.433,5425.013,4935.4978,209803.596,272605.8013,5738.5397,6003.4831,6473.2125,12302.3213,3440.7164,103386.9795,177775.7269,73637.9352,113244.6524,35567.2664,189024.7701,1893.5395,143526.3993,2772.9112,4746.8579,13672.9202,74180.9602,79641.5413,26935.2642,44303.813,124727.7099,6048.2983,11739.5937,3277.2828,2397.5306,67115.208,7044.1224,4346.4734,4194.9435,5932.9656,2383.095,4243.7264,13514.5935,1524.2531,1008.3726,21666.5186,9426.5117,9856.8992,13102.2883,3182.8928,3779.0294,1936.693,2624.3022,1950.6232,243.5855,5182.0045,3758.1767,4668.6997,1348.5512,15717.076,1790.7706,14288.9173,1634.9005,25823.4638,23657.7288,4994.8402,4353.8231,5572.6444,10752.463,20286.2273,6253.826,3370.6515,41558.1722,18635.5213,20570.6892,3753.9846,4860.7511,19723.0462,9706.2403,12112.224,1578.1419,2536.8977,5145.5246,1512.6343,25773.9922,4420.3221,3950.1474,92247.5445,5359.0978,21289.3356,6397.315,238221.9941,61635.4819,5379.8372,44306.5911,13224.2034,1304.7718,3941.8834,51730.9748,6974.81,31900.2817,2585.7072,80179.0405,36209.3469,21334.6882,887.4021,53262.9457,27506.8688,2512.1408,90829.4313,136621.6682,49041.231,37167.3774,6862.8249,18298.0704,2913.2942
SMP_0C2637B8BF73C481AF62,0,509899.6053,47083.5666,154783.0125,51342.977,27696.4279,899315.6377,4867.7917,65976.7307,520601.7307,10425.6659,5427.7907,4938.5263,4705.8597,36685.3775,2476.7707,20703.1812,24147.8005,17137.9451,10321.7255,100968.7621,13517.407,95373.8288,19382.928,252310.4418,93843.5205,35353.1334,42738.4175,11594.7953,3263.8848,4434.5323,1208.5052,12283.9878,2392.0663,77622.4769,9810.0473,13622.9634,1185.0312,1603471.506,79654.001,23324.5024,924776.862,163751.8163,19577.5611,20849.018,17232.1929,4355.4685,2994.7112,7260.5279,55892.7711,11952.1857,3893.0329,4569.0259,379.3702,56150.2885,9392.0613,4202.2138,3395.1458,1086.51,762.6207,15874.5047,6228.7306,31079.8856,20038.9393,33839.5078,23360.3826,2925.2301,169715.2427,3107.6779,6624.0647,71827.9789,39472.6123,40724.4924,294.7382,114.496,2668.5645,1151.8227,4097.0403,3532.8344,2547.3624,4959.0584,26677.0509,19852.9265,7670.0345,6765.051,4563.5117,183707.2867,229856.864,29557.5802,2786.8213,9705.281,12229.1309,3764.7778,95152.7048,156413.7448,66865.3697,75357.2525,11182.7906,125302.0441,1276.6524,105507.8789,2591.4487,4499.9018,9756.9156,49766.4609,58741.8591,24245.1112,30750.0867,96113.4077,3539.1002,11761.161,2169.0819,1331.314,57204.7835,4422.1271,6472.2643,6050.6846,9105.3223,5052.374,7736.6303,15524.1531,3128.2429,2248.7891,19252.1853,9177.341,10544.7387,10944.8758,3569.6212,3888.4719,2807.9529,3079.8506,3764.5533,340.17,4878.4422,1512.6237,3104.1871,1690.4817,7388.8053,962.3698,5199.0512,1420.6484,9225.5988,8923.7842,4227.7446,6878.1658,6134.9252,16488.7427,14179.5646,4359.0574,3045.9584,27458.259,11568.8746,16170.7314,3157.9548,5059.0826,19407.1391,5894.7587,7748.6549,581.1537,2717.1451,5504.7895,1057.487,14900.0359,5362.9478,5564.8711,118341.1185,4519.7787,39365.7954,12236.2482,303878.8834,56492.7683,3775.6639,59237.2711,13377.3578,2748.3448,6996.9835,60539.2169,8714.1098,49996.7952,6026.4241,90160.1964,40721.2381,29833.8754,1717.4364,78772.5374,44435.342,2100.934,96781.017,120191.6261,68650.7338,37466.4978,7881.1205,13868.0735,1860.4927
SMP_2C95E0ABC0EBC12DCBB1,0,513446.5154,44850.942,162293.2103,51213.8481,28985.2993,1005384.143,4779.3232,61042.3034,526631.5614,6736.0445,2206.901,2922.532,1982.7676,24409.719,1378.7226,9860.7911,14207.2794,8386.1203,9616.4826,81637.9489,8577.0411,70196.5877,16926.4493,250629.8652,108756.8816,37388.987,46655.1824,9322.1246,9615.7781,1319.3097,821.0815,6032.547,2019.9487,29601.6398,2537.1919,8164.7999,391.6627,1574125.254,39295.2263,17553.9366,523695.7633,190543.7638,23168.741,23855.991,13260.3296,4782.8417,1505.536,4320.5449,19739.7235,9356.4997,4425.6974,5693.8306,2.6362,38514.4647,9723.7907,5436.819,3562.0844,1456.7431,304.1653,12120.4427,3680.3588,26505.3082,15569.9119,34842.1309,25593.2362,2449.5452,157761.3167,3255.6018,6517.9774,67909.0787,31054.7206,44441.4826,344.4049,2.7865,2125.213,911.0831,2308.6547,4454.6889,2296.2727,3342.8467,23344.2408,25603.8245,12603.4951,4953.3892,5494.0778,170995.8622,265592.262,32470.671,3406.7687,7577.8977,14667.8847,2789.1815,82620.4577,180597.9671,77499.7613,89036.5521,63003.1398,110493.1254,3702.6803,114453.9769,3277.2108,3440.6152,10867.9059,47601.4633,53010.1686,20925.1821,33658.8947,90965.8971,3881.0092,11562.7336,1887.1445,1900.756,53793.6409,6418.4594,6105.5575,3227.1063,6877.1335,4253.7196,6416.6363,23063.1853,2038.4243,2061.095,14395.632,8361.4052,7164.6277,9709.8742,3270.8471,2846.1852,2006.1275,2561.8534,2640.1111,237.4138,4393.7781,1766.4988,4898.5901,1241.2129,13259.5066,1541.5212,6569.3242,1728.6161,10799.1981,10462.5226,3866.5214,7481.9539,4680.0501,15501.7731,13493.4747,6275.1339,2353.6316,23959.6971,10649.8499,18021.0755,2420.5016,5078.6876,20964.7071,7985.3981,13585.8867,1681.9827,2016.4209,3675.5989,488.7804,22055.1016,2852.9396,3260.8573,66606.395,4258.9955,24791.9629,7312.5499,258286.5103,52685.2857,2401.3603,39609.3896,7259.0228,1968.6406,3148.0368,46426.5245,7537.2642,27329.0905,3369.8623,69990.7192,29311.9362,29916.9082,1597.614,56072.6469,32832.6637,2044.094,85027.0092,130698.8473,68084.5918,43477.2049,6466.1144,18145.1978,3352.1787
SMP_25D796892D5E8F3F869D,0,524877.9867,42917.1368,156517.0119,48061.9883,26659.1443,953301.5628,4056.8743,80053.645,536854.7017,10015.2312,2675.3548,2539.4792,1552.6382,20537.6378,1033.3694,13413.3315,21942.8286,11934.6256,6964.4056,78895.5825,9783.5352,60235.2268,10138.4829,150232.273,84691.9263,28614.6155,36714.1246,7968.8888,7581.0432,2044.7038,653.3947,7410.7394,1661.5323,38283.6005,5260.6738,11607.0521,885.4552,1522983.577,49530.235,22583.8905,590268.7564,124202.2599,13643.4148,25871.1168,13778.7785,4151.2722,2865.1757,4238.9609,17189.3532,4049.2855,4980.2784,4162.8036,207.3465,20448.298,11448.7339,4288.9947,4358.2459,2201.2593,733.6803,11053.9037,4604.8792,25486.0992,15741.2716,27120.8194,23594.2748,2645.9564,165311.3598,4744.8428,6630.0925,75605.9267,48418.4764,45947.6152,818.0542,95.0483,5025.6899,1514.7597,3860.5388,7098.9075,5878.8853,5578.9871,22609.7732,27753.7389,8821.7407,6319.0854,4878.9064,168782.6403,211761.135,60667.7902,4050.9466,8486.8824,13204.5418,3526.516,88785.0808,152283.2378,67492.59,88537.3615,30250.9675,131727.9805,1168.3622,76113.7864,3128.0657,4916.7647,11047.5198,62709.4806,68982.839,22987.0671,31375.8892,64770.0047,5892.2211,10812.1421,2707.0895,2372.743,41644.8842,4431.6661,5414.9269,4262.4472,7197.9479,3642.8739,5565.8622,10596.6009,3026.1316,754.6087,17903.7548,8243.5078,11822.7206,11769.6737,2784.6913,2788.9721,3663.3921,4108.3203,4965.4532,277.3624,6257.6764,2321.6763,4220.1767,900.4993,13115.2938,1739.2581,7371.7244,1058.9445,15675.6258,8515.5059,1869.0235,3957.2341,3283.0138,10515.3045,10614.3507,983.6596,2508.2494,21837.2537,9279.7913,8692.3662,3323.2046,3382.0737,9562.1864,3345.7031,8504.1281,1647.6908,1623.7243,5355.6504,1112.26,11323.8391,3574.1127,3520.4551,70980.2385,4085.5041,29494.3067,5485.1982,256485.1271,46921.3956,2828.4138,43252.5141,6326.2619,1856.2096,4877.9999,51347.7906,7480.1282,33315.1057,4457.608,77157.1761,29794.504,32209.9952,1183.9369,51736.9013,32802.3353,1791.9002,67952.9387,109567.9828,52465.4505,32517.92,8476.1293,18181.3459,1906.616
SMP_DC95A02EDAF503B7CD9B,0,510080.7079,43239.9922,146075.9134,45500.3873,26607.8785,882362.9605,4440.8928,65797.0856,495510.3049,7534.2595,2108.7889,2170.8208,1770.8614,22962.6315,1397.8857,10620.9631,13151.7478,5952.3364,4141.4616,56069.7586,8417.2526,52436.6287,8566.1202,153006.8305,127222.9344,27144.5725,17673.5569,5202.3631,6345.1668,4795.5147,1877.3575,12384.3591,3113.1303,45755.2491,4892.4509,10423.791,1458.4319,1675328.048,58233.6563,24901.3795,1075186.255,425737.157,44373.6606,20467.7038,31026.6356,11197.1618,2580.8495,12066.3662,35456.7112,29508.5309,4571.8584,9505.789,652.5032,152385.7942,11468.9924,6408.6761,4012.5182,1775.6743,2551.6778,7956.0572,1316.389,16187.9928,8968.0013,21645.7143,22503.1054,1518.8972,138043.64,2097.3364,5193.7846,54760.9228,20818.1577,32970.7718,482.3528,322.1455,1864.7885,365.7063,2943.3689,3190.2542,1699.8699,3902.3634,23159.0168,13863.5554,8814.2869,2845.4107,3524.9579,144390.018,256949.2501,5531.6602,2598.1079,5781.6784,13371.3106,2471.2541,65558.8255,172064.4246,68403.6062,78147.2599,15622.2542,120754.3176,2681.5141,139818.9823,2855.1713,4025.6497,9573.6488,50565.1538,62352.0808,19007.9755,52599.1112,99701.0048,3095.7752,9724.6789,1403.2161,1302.043,62095.3097,4072.9279,5815.0957,4113.1948,7817.8895,3899.3662,3999.9991,11684.8637,3482.435,2107.4668,17213.7755,6496.594,8693.2765,11719.4466,2497.9825,5612.1949,2317.0406,3023.7776,3530.7066,623.9581,4182.3973,1638.0838,4912.6211,399.3217,15229.1658,1666.5597,8320.629,1497.2854,14189.4678,19099.0138,3341.1695,4510.7988,3962.1548,11178.3587,10848.7594,4836.0973,1673.9465,23051.365,10098.3219,18994.8424,2685.6068,3883.111,20493.8907,10833.5377,15473.9532,1446.2974,1350.8797,5892.6836,424.9445,24131.5157,1654.2176,1789.8319,44764.66,2989.5893,17507.3871,4942.1143,239189.7652,49594.1622,1856.6682,35271.0093,7864.2017,1712.2281,2510.9639,36666.8732,8316.2015,17854.4984,1756.6921,57885.1507,31399.7429,25045.7512,1927.9686,44478.7649,24688.3765,456.9421,67035.5739,151553.9797,54833.182,54855.2046,2897.7551,10959.2168,3007.7956
SMP_8CEDD962233C6A57FD05,0,515651.7537,45808.1016,162231.1491,47445.1042,28142.3971,938069.8835,4565.3766,76037.3981,521718.9891,10500.7225,3208.5714,2437.8019,3100.3544,26930.6208,1255.4196,12273.0069,10624.5729,4533.9772,6814.3566,46819.5263,5526.208,27207.4934,10005.103,120355.9474,73242.0737,15614.2936,24010.6089,6462.7861,6867.8703,4017.7061,648.2012,10641.2601,1014.0405,41091.4076,4305.0076,7320.3276,459.2431,1423521.721,32471.6824,17251.5118,408101.158,96164.1362,12983.6155,25088.4324,8851.6614,2937.2838,1830.3989,5546.7093,28455.772,8782.7975,4947.9223,14291.6339,212.3333,26358.503,9519.4543,4349.2536,3680.5409,1952.4577,707.4829,7517.5872,4741.9813,20421.7282,10885.724,27916.0819,33564.3044,5081.7612,141442.3431,3753.4746,3805.2777,43415.1764,32756.3188,24489.1773,542.174,319.8707,2741.7905,767.6875,3225.2775,2338.6214,2348.9889,3637.3167,26665.4753,32697.0252,10961.6022,7499.0901,3630.2613,170783.3829,192008.5208,18888.2278,5189.3164,8262.2028,10753.9274,3313.3883,74667,119972.532,59047.1267,92357.9158,18676.0205,106024.5771,1766.9554,98907.1533,2731.695,4412.2367,7739.8981,45225.7518,45187.432,19858.6749,28728.5733,80500.1742,4121.7961,9291.3508,2207.455,1585.4607,40702.506,4547.0231,3666.7403,4248.92,8579.7679,3414.8251,4979.7225,7708.3112,1256.9734,444.1376,17498.7232,9795.7257,7408.65,11957.0564,2073.5949,4616.741,2480.0376,3132.5905,2859.9337,232.9212,4265.9494,3633.4267,3900.6302,657.6768,8623.1053,1449.0554,5928.9484,875.6678,10972.2388,12182.6225,7079.1564,7512.0157,5941.5038,8076.1012,33732.1101,12322.0669,4208.4229,29173.1878,11085.7106,18326.5605,5758.0304,3915.6111,12159.981,5763.723,6501.5185,877.8561,1124.2656,3551.8509,686.8788,15939.704,3910.1488,4614.6855,69726.7143,3034.8878,21981.2401,8033.7396,256377.2158,35642.5534,3614.0667,40703.8931,5652.8835,1467.7201,3182.3281,39003.5833,5669.2922,16502.1257,1511.5002,60653.953,25589.4825,20273.9911,1480.8112,30367.0244,14061.3557,1123.7132,67643.4836,124302.8404,44372.7214,36373.2187,4918.8275,14305.9189,2384.9135
SMP_4A4D27218BD5A5C9865F,0,478826.0693,41676.8513,138279.099,41574.0859,23196.7267,819021.6189,4305.9839,84120.9385,503095.0358,5749.113,2841.7055,2201.3032,4459.9792,29330.5913,1841.0709,12720.8162,11436.7959,4208.6513,10956.5661,61823.3715,5834.6819,46249.7489,18257.3898,218264.2618,106763.9469,28074.4019,24337.2147,12983.7066,6090.3221,2388.832,632.225,10517.4846,1582.828,48773.6328,6896.4197,7994.5893,979.9549,1725758.281,196608.596,19813.4665,1417071.449,479708.1137,43179.8823,21619.5435,30620.4113,11759.8872,3614.9985,9222.1983,41384.8274,13111.5919,4473.8375,21326.5453,970.2009,52622.3392,8485.8947,6274.6645,2992.5753,1180.6876,633.2712,11873.2118,3271.1487,19881.4332,11523.601,31451.6602,22488.9335,1065.1573,154122.184,3705.3532,6200.3156,72332.7,34887.9001,35928.5953,410.2146,207.78,3416.7571,934.4664,2484.8535,4381.6475,3417.0555,4772.4971,27872.2087,27925.0695,6583.0378,3939.3592,2323.4529,180914.3239,253040.9001,7939.5895,2322.418,6463.8548,11888.6868,358.7653,83036.4732,180753.845,71336.415,96023.6058,39344.3406,148212.9739,804.8914,123057.834,2851.6235,3592.6743,12161.4666,55580.035,67225.8057,25478.2003,40522.3295,89621.6569,6382.1553,11220.6108,1567.3357,1228.9146,49205.4523,4648.3969,4603.7059,4431.241,7842.6519,3778.1605,6724.792,18819.6718,1848.1887,1167.2516,17791.4607,9638.6554,10748.8647,12339.751,4097.7706,3359.578,2829.8395,3696.6032,4282.3686,225.3615,5357.2608,1361.0614,3633.3007,1328.3702,10143.0482,1153.457,8850.5676,1294.3559,13438.6987,12127.2476,2801.5615,5217.9005,4693.1327,14327.8485,12363.7126,4415.6079,2800.0683,27050.8328,11338.8514,16553.5136,4143.9106,4936.9512,20464.4602,6989.8284,18802.7512,3034.1541,1658.6664,3646.1205,287.9239,25113.8366,1883.0063,3441.5752,67844.303,3585.5208,18083.5983,8094.3214,289498.5792,67579.7167,3320.511,46069.1854,9655.2264,1875.2463,1936.1603,38568.4071,5540.1863,17164.3162,1274.0712,69873.5751,26303.7826,21094.0137,1281.5442,44836.0924,22794.0112,1533.7655,90074.5399,146878.787,68293.9129,47408.8055,4156.9756,10301.0757,2718.067
SMP_34ACBF72D190FC4E2416,0,442384.5736,40503.5976,122957.8749,41913.4009,21292.6168,757595.7186,3008.3856,67616.4854,485610.3597,9967.7673,4274.1371,3304.4192,2945.473,27847.6599,2863.2815,16436.4301,18427.4035,14454.908,6557.4983,88740.3064,13888.5632,88958.673,14112.9207,228465.6123,101475.5971,37595.4104,47225.9066,10042.3701,6027.3258,3441.5187,749.7283,7987.082,1442.5108,57458.0413,6309.8242,10285.6128,624.2453,1518046.658,92766.2853,22316.1375,931423.7981,169129.7396,18355.5231,20706.7595,21915.3764,4590.8667,2176.9836,5829.9917,32778.967,12857.503,3309.3866,7895.7504,385.7854,33574.7424,9347.1605,5719.5099,3540.7028,1341.8685,839.9427,14010.5529,6688.4618,26994.8809,17662.7363,31313.7584,22294.6331,1674.8189,160471.1414,3820.895,7010.04,74490.8953,43197.4077,38880.5385,573.7153,310.9167,2842.3888,1181.7495,2683.7211,3111.0295,2717.6962,3521.7398,27838.7993,25260.9143,7544.4728,8161.9502,4614.9607,189190.0408,232267.8012,2668.0197,4103.0322,9694.8324,12834.3411,4893.0506,105120.196,155744.6278,73240.5523,86746.5743,36224.9995,153438.9737,1079.2395,131714.1549,2545.0518,5781.1632,8135.3491,50808.8128,71035.7795,23427.0996,40907.5422,81363.9505,4407.4982,9067.0985,1874.9132,1554.7771,44625.2959,4433.6114,7042.6632,5121.9509,8716.3985,4931.8964,8604.4074,18331.361,2105.4628,1262.537,20157.755,11711.1563,13921.0805,11460.7509,4624.9968,3042.8756,3512.5319,3371.4579,3889.4222,207.4444,4290.4926,2577.5403,3652.8413,503.4019,10487.1893,1371.2702,8230.6194,1239.9857,15030.9948,13002.9751,3790.3013,5767.9805,6844.6631,15325.6557,13639.6656,2902.9451,3681.0346,30163.1276,11848.0978,15092.3533,2788.3286,4948.6065,17188.0401,5475.5715,6814.8535,663.2838,2716.3364,6073.8443,1112.5913,12761.9186,4808.5021,3851.4865,112594.8561,6316.238,38202.5558,7093.2951,296658.37,70663.5793,2809.8056,60786.2025,15265.6993,3263.2852,6198.7862,55157.1993,9156.4836,41911.6562,5054.6793,85079.3649,34982.8169,31738.9757,1397.2821,63760.445,43887.559,881.6901,86938.0072,123019.9932,65417.7435,39913.7169,7734.5232,15286.1777,2181.3044
SMP_3C1FCE740AD277F59154,0,501228.1895,44557.2117,137444.5454,41980.1617,23070.0834,849901.7747,3707.0107,84822.9187,529318.9705,7910.9453,3789.201,3236.4389,3643.449,29069.7181,2380.0793,14956.0364,18275.8067,13245.4637,12300.1353,92127.9711,11419.3879,90911.6505,16188.7883,245107.0571,114217.7785,41188.9609,44964.6297,10522.3262,8048.2685,2961.1884,865.2342,9449.5754,1546.7627,67383.0663,6431.8137,12094.3583,839.2991,1539310.669,83846.7057,24905.4527,1256825.143,211506.0626,24903.7821,18778.6228,31244.9262,6621.4497,2196.511,5860.4433,32061.5471,12539.4664,4379.0816,8387.7909,545.9406,44939.3737,7710.3067,5801.3192,3499.0369,1427.9794,501.9517,9060.4426,3680.1644,22321.8197,16068.3482,28567.4465,18689.7389,2088.7975,166529.8,2943.7613,5890.5709,75413.0088,37481.4956,31914.2811,537.4038,144.6096,2579.8155,568.4065,2744.8925,3166.5794,2349.246,3554.9735,26083.4292,24767.4568,8702.3301,6716.0591,5218.8763,187388.191,233887.1037,5465.0657,3416.6431,9092.6151,12470.2394,3164.2131,92894.4478,159609.3466,65585.99,76141.4175,34614.6213,136540.0151,1437.8088,145167.6315,2529.8666,4725.2087,10298.0792,51845.104,59637.715,19381.1515,47929.7262,89929.1315,3884.0181,9784.729,2817.3812,553.4422,57781.6425,3590.3467,5237.301,4696.9923,7784.6239,4612.796,6447.381,17831.0732,2243.1162,1655.2221,18207.4155,11188.5053,9050.6241,9645.2201,3995.7892,4903.2928,2711.1528,2801.776,3042.8733,466.7247,3779.1488,2279.7986,2987.9738,1275.0082,9746.5248,1377.8238,6231.3468,1406.7362,12197.7373,10635.94,5560.3876,7177.9543,8328.1561,13125.2296,25855.0146,14832.8845,3524.4051,43055.7162,15329.3683,25136.2852,3409.7569,5825.1099,32388.2107,8806.4407,10134.0187,1725.6876,1260.8061,4058.4351,228.3372,19466.4044,3463.3039,2989.905,84902.7991,2596.8774,33392.3705,6745.2888,255443.5085,58652.1597,2330.5972,40569.4176,9412.9167,1880.3768,4768.4669,48706.9512,7050.8918,35431.1137,4002.3932,80365.737,31686.0062,27692.5726,1502.5069,57753.6481,34281.8665,586.1528,81008.8507,115974.4489,58316.4769,38600.6728,5782.5398,15005.4862,2059.1986
SMP_6823B61B5A41B9E7F72E,0,492222.8904,43532.8008,141046.4875,47544.6602,24822.619,899291.1998,4109.2435,92189.0967,552999.7138,6877.2502,3672.1879,2623.2203,1797.3847,23021.9222,1860.8467,12611.9426,20128.8765,12765.1485,4761.4684,91087.4891,11165.4126,78075.9082,9731.3449,204143.4841,108446.5186,42174.2875,40394.351,7058.4436,9705.8259,634.084,422.4509,5249.1244,1344.4941,26541.1767,2343.1283,5628.9814,223.0381,1308610.339,31755.8279,16403.6717,493532.3158,185130.8192,17764.8872,21355.4482,17512.4919,5424.788,1134.0518,4568.5266,20553.2433,5218.8948,3779.2211,6318.1876,260.4222,21235.0402,7284.1458,4913.0828,2750.3994,1443.3137,225.8235,9278.7434,4711.3813,19596.427,11957.4323,22005.0619,17379.2568,2824.3074,166841.0491,3366.391,6038.7896,69898.7991,36073.8731,55206.4506,381.6095,336.3341,3304.042,536.721,3788.8239,6887.6189,3002.8373,4041.1977,19031.0775,21254.8101,14648.0511,5216.8272,7166.8097,160823.6257,250424.5752,80517.7874,3999.9833,6590.9277,17491.6457,3067.1284,63734.2575,169674.3904,78938.4626,91745.4919,51986.7463,96892.2343,2716.8615,84531.5185,3066.3578,3762.0863,7829.9138,45437.5062,48440.2754,15514.2454,22438.169,72634.8229,2434.3858,6849.7902,1086.4863,1561.4715,38100.0891,4025.272,4922.6645,3770.0694,6343.7864,4055.7851,4527.3305,12976.3759,2418.6553,1426.4469,11788.5613,5421.9149,7775.4495,8464.1621,3104.5476,2398.2757,1961.4689,2397.3568,2797.6078,492.3211,3595.7264,1556.2247,6596.7887,167.8912,20104.7379,3281.3269,7598.8502,1359.6321,14510.8446,11859.3771,2509.1897,5067.4745,3757.545,14333.2818,7643.7383,1232.514,1981.2711,17887.1949,6535.8671,9170.4397,2554.8971,4018.3915,11367.3798,4417.5463,11421.6481,2746.7741,1505.8439,5531.085,602.1817,10261.8578,2545.2739,2737.3211,68984.4899,4603.9677,28698.9306,5650.3703,239295.1562,59660.1589,1469.1813,44023.0498,10526.024,3179.2712,4414.2525,49514.6251,9378.9782,27662.3085,4243.407,73364.8918,27600.3812,34848.8286,1791.8761,41790.0935,30005.8404,256.0565,53615.7421,106777.2125,53863.6788,41478.3408,4678.8219,13598.3873,1294.6228
SMP_A1782EA1455BF3CF01AC,0,496402.837,45174.1678,134574.3038,42593.606,25456.3331,838633.9031,4185.7018,84836.9059,513446.0232,7816.1526,3246.5389,2841.3056,4411.098,28903.1143,1695.4102,15656.0134,18370.3482,9856.1852,6101.1488,69843.4893,9406.0998,56897.1557,9034.3429,149565.5726,100452.7825,25983.4318,32620.9658,8484.0845,6806.9144,2414.9852,1165.5374,8880.6188,1836.6817,65034.444,8307.5247,13146.1834,708.3859,1599319.868,116591.9679,23743.8144,1305034.025,279486.6931,29700.1236,18862.0598,24016.2039,6528.5295,2540.1433,7608.3433,28468.2816,7200.5391,4298.1829,7567.4653,473.292,41003.9201,9450.9922,5236.7199,3896.2954,1802.39,521.5577,7414.1036,4576.1509,23677.0085,13148.5758,26525.8218,17899.0725,2692.7218,175971.7794,3819.3761,5977.3771,72825.7173,34087.1395,29780.4804,482.7334,178.2321,2642.3509,530.6209,3162.9772,4787.3602,2400.5674,2846.4212,22552.063,24982.8799,8685.7911,6388.9262,5796.2449,177607.762,232571.4922,10149.53,2991.1341,8022.0317,13577.8707,2968.9821,77543.3085,148550.5753,73776.6125,87184.1066,37244.4522,108141.0595,1733.3429,75242.0715,2913.7816,4123.9929,10183.0288,55462.8613,54884.4539,14629.4542,22716.7565,77865.3639,3676.9998,6523.8321,1847.1087,1838.0016,46597.1317,4084.3037,5528.5767,3722.5224,6786.5388,3277.9583,4212.9637,9787.8765,2217.2864,1345.5132,18004.384,8140.7942,10950.0894,12519.9348,3096.1644,4902.6597,2940.9394,2798.6422,2950.7397,615.8495,4156.453,2433.7464,4433.0275,746.661,13732.9977,1340.7701,6192.2224,910.9717,13020.9572,9734.7951,2754.1019,4226.8861,3625.5477,10200.3974,13811.496,2893.4266,1974.7266,26736.2996,11072.6418,11090.428,2974.7235,3316.6508,13031.2681,6499.6817,12329.6324,2642.3573,1540.0251,5223.8542,1162.7443,14875.3751,2557.0026,2672.0409,59861.9642,3739.9694,26677.6485,7608.4045,237402.6818,46353.0324,3170.0143,39846.7568,6656.9994,1421.3148,4466.6964,46085.8296,7246.5687,26028.3813,3306.9882,72083.4044,27064.0004,27742.8508,1197.2145,45012.0153,26709.6873,655.939,66806.1239,117880.1784,47916.7755,35868.2861,5825.6629,16158.9457,1418.7892
SMP_EF761D48CB9429FEBA34,0,484145.8357,42849.3072,136550.872,45551.0709,26370.2708,942638.2664,3920.3957,78775.659,506833.6519,8997.7129,4044.479,3579.4846,2795.6627,25948.1487,1959.1636,15611.1447,18600.0526,14537.5966,6684.8137,92378.7599,10721.3002,93465.9089,13754.843,216767.8608,97062.77,34917.2174,44632.1109,13959.0988,4126.6423,2459.4285,692.3362,4974.9722,969.5664,33761.9815,3746.805,7832.8384,410.0073,1189868.207,36803.2393,15902.022,391005.1736,89580.2658,8178.9946,21142.6414,8349.251,2425.4219,897.4042,3249.4168,15486.895,2966.1502,3023.4332,3571.2113,164.6234,11940.9341,7904.0042,3376.0973,3619.6973,1276.1644,215.1083,14508.5386,4513.3294,21480.5458,14951.1676,23848.7268,19014.5099,2248.517,147569.3584,2870.4837,6358.3332,72291.4543,36584.7599,44121.9504,515.7498,462.3323,3219.8664,315.3732,2618.5575,4591.3022,3520.0824,2651.6815,26348.1747,19931.011,9351.3035,6629.692,6305.1651,169271.4106,234140.805,47918.7245,4306.9557,8670.5678,17215.951,4048.47,97686.7212,179437.3634,81592.2968,82500.8079,52132.9161,141003.1322,2393.6277,64781.5184,3432.1632,6156.3791,10974.2776,53109.963,77571.2754,17118.9652,20809.3658,63237.7724,4372.4386,6591.8542,2185.8387,1147.4104,33780.66,3284.7836,6259.6885,5244.1104,9141.7717,5991.3028,6812.3587,16746.1719,4150.9569,3491.6493,25263.7567,13193.8324,17067.5298,16525.8448,5336.7965,3331.3428,4407.6771,4094.9733,5490.6878,281.5403,6069.3752,2465.5622,5924.616,973.3103,19390.6726,2908.5546,12370.099,1535.8145,25153.4803,12133.9481,3956.1368,6592.6306,6613.0931,17954.2314,16979.9085,2650.7628,4008.4071,31726.5835,15609.8206,13442.0528,4188.306,5968.4199,14895.5007,5306.7226,8886.5457,368.5778,2145.5726,5663.3791,1315.0826,12129.6925,4249.7927,3844.5433,96079.6365,4581.2174,34119.6053,6639.3188,279305.9239,59682.5817,2761.3438,55756.4096,11569.6945,2367.8872,4440.9399,48664.6051,7991.2352,34864.1327,4104.5509,81134.5693,29274.1191,27165.0121,1508.0052,63171.1482,40986.5269,1244.8857,76184.952,118591.5147,60239.5591,39717.2556,6468.4972,15633.9761,2338.8941
SMP_5DB403A30D637299E289,0,516894.2652,48908.2157,139660.7183,44853.9412,26018.4479,918186.5461,4458.0865,82556.3731,519967.7075,7180.5287,2425.4282,2771.6283,2225.6994,24583.2046,1297.2953,11440.2169,13390.8242,7836.511,4138.835,60873.8728,6506.2543,58345.4092,9040.087,165462.2648,83115.5449,24955.7338,30284.9106,6578.0656,5477.8866,1995.9853,426.6405,5288.8426,1189.5687,38012.0822,3404.1306,8556.0007,510.6555,1397734.351,48395.0027,20140.9944,714148.1193,145776.4204,10660.1892,19799.2599,17958.2104,5588.3378,1179.6736,4003.8593,14014.8868,3059.1893,3775.6228,4123.5055,296.9855,18987.1935,8659.0778,4604.9523,3667.5315,1635.0552,207.4771,6987.8144,3905.8718,19628.8039,13024.1807,25347.7733,18506.7743,2488.6749,172963.8518,4721.4402,4749.4247,57762.0285,48182.8086,52608.528,348.1103,327.4424,3440.2687,1230.0843,5127.2247,9574.0255,3915.5774,3815.0843,23819.631,38310.0853,8419.4425,8422.9018,6195.872,207613.975,252370.8288,80821.6319,1747.9824,9432.7744,15090.2478,2525.0775,92621.427,156311.2103,85178.1152,83724.8809,56815.1652,105989.4285,2661.9889,55148.4239,3607.5103,2928.0101,9191.9243,40526.9069,35542.3656,16658.4751,11321.5685,62283.4583,3608.4794,6537.096,1312.4555,842.484,27585.0361,3268.3874,4859.2745,4655.3512,8809.0794,8312.9488,4416.8389,13438.0353,4261.2754,3653.9021,17908.0389,6968.0286,10052.7125,12368.6789,3024.9698,3190.7612,1868.4847,3034.9726,2478.2936,201.8863,4305.5888,3689.3168,9286.3503,965.663,22609.4104,3553.7862,13604.3955,1000.319,12983.7394,10447.1664,4047.6509,6087.8821,5856.3729,16773.8844,10938.9662,1591.7273,2579.2287,22696.8528,11418.561,8294.9238,2628.6108,4052.8543,10712.5286,3971.9828,15921.2586,2801.1387,1420.5083,3752.7106,613.1035,17094.9996,1916.0037,1552.7233,46911.5401,3173.0628,17924.2691,4307.9645,221612.2457,44371.7853,1736.3972,42104.2592,7067.6813,1576.8753,3108.3023,37688.7673,5533.7766,21667.0923,2206.6025,61239.9563,19798.3599,20101.1932,834.3716,45625.1265,21204.75,801.1008,60714.7526,97042.9462,39785.1446,32784.7983,4544.6151,10616.3393,1190.3658
SMP_3B847B2E6288834E0418,0,474769.3952,41410.7661,134981.7826,44822.6112,24605.6987,804446.5105,4078.7849,81762.0908,456133.9779,7930.3648,2145.4694,2793.008,3118.6682,20204.8177,1628.1774,11761.28,13062.3811,7732.1145,13191.943,73873.6142,7455.1703,76130.2472,20953.5727,216615.9172,110701.8173,28811.0865,46744.2234,10361.9595,8146.9311,2705.6415,652.2781,8648.7931,2169.4348,101010.3645,10733.3566,15982.4961,975.6382,2252708.622,184198.4147,36676.3399,2244843.936,482766.7185,49032.607,21752.9045,59623.2593,15775.4073,4044.0622,14516.4362,49305.3541,22022.9978,3785.1613,9550.3249,649.3931,101919.8312,7694.9314,5928.4797,2782.1611,1453.9079,915.5204,12147.9038,3755.337,20325.8608,14874.2267,31438.8377,23475.4661,2425.1941,163784.5993,3610.8727,6507.9911,71199.3014,26324.9908,23984.7082,369.0872,468.0097,2259.1371,952.9505,2429.7515,2795.2864,1725.9038,3628.7267,27195.498,25623.6192,10252.6216,5651.1515,3716.1525,164590.5498,228926.6126,10885.2898,3872.6487,7443.4371,10040.8155,3480.6715,82697.2219,159328.7411,50657.7249,74943.8171,22990.3057,143644.1838,898.7937,125539.4721,3098.9776,4468.9177,10737.9625,59725.7567,67399.5206,21998.1917,49614.8054,100253.5172,4126.0207,11393.6194,3151.6039,1151.4333,72600.8022,3717.7898,5746.7591,4447.961,5970.9192,2763.3016,4593.7908,12195.1084,1823.1735,549.6394,15894.289,8631.7277,9271.9001,9586.9065,3150.6447,4639.6391,2030.4146,1529.6269,2636.3976,179.2413,4388.0338,1048.6045,1776.5995,180.4006,6007.8951,707.3311,3594.3044,1363.05,7697.6363,6766.5859,3511.9248,2603.769,3758.9228,8461.4779,10993.0547,4964.4505,2238.1595,26897.2103,9171.801,18707.8954,3336.4887,4598.9795,22388.7032,7599.6642,12802.7334,262.5535,1505.8116,6435.0078,1555.6595,21553.4306,3275.7941,3251.3381,76802.6454,4446.6564,27087.8657,7413.0615,250921.5631,54723.9313,3653.912,39690.4083,9639.6604,1325.4978,4449.9282,49283.0689,6225.8926,29803.0101,2687.0813,75945.6869,33436.6629,24961.2612,1437.886,63721.9953,30696.6816,1021.9323,85871.3849,141521.1547,51258.8153,43428.5837,7555.1556,22474.0884,3194.9148
SMP_E79DBB70A6E1D5AC39C5,0,492912.9667,41124.2188,132705.1727,42955.4273,24994.2505,804279.9521,4384.7724,83177.9581,490023.1736,5851.5105,2718.7345,2729.0006,3291.9156,22525.8488,1344.5464,9104.525,10982.166,6564.4265,7568.1442,57003.8964,7607.1841,57914.3184,16827.5564,216112.6457,105354.9608,29886.2616,32332.0945,8178.271,5946.5792,4060.7709,1003.3205,12894.1269,2423.8388,110284.1433,18669.7984,15493.3687,1682.3804,2043727.127,377947.2826,24412.7082,2271922.884,631951.4183,46853.4333,20045.7748,55543.8956,12485.8263,3101.0743,8684.5861,33655.1724,17505.6378,4084.5849,13156.6801,1195.3629,78135.0688,9614.4188,6864.615,3534.2254,1383.3498,509.3962,9449.094,3610.244,17355.09,13498.7518,32384.7102,24382.3455,1954.552,173899.3843,7117.0812,4909.3811,52502.9229,57073.158,51459.1721,890.8469,405.3121,3515.6158,835.4805,4692.6247,5151.3046,3125.0264,5180.2757,29644.3893,48987.7413,10474.8616,8441.0248,5332.8321,198250.0664,270165.5664,14228.9945,3038.2596,9045.3114,12734.0376,2764.13,84076.1891,159216.4259,76858.1794,75978.8702,36658.3889,140975.5033,1042.174,121254.8105,2572.0036,4275.2179,6861.0992,35951.4487,48407.8783,21690.049,32887.7993,89199.1599,3519.7285,7721.9044,1532.7195,765.2911,45341.1247,5557.0354,5010.7299,4790.5693,10354.2442,4968.3965,8577.5371,20900.0167,2475.3304,1838.2301,16131.5239,10627.1295,7258.2681,12968.5856,4539.6414,4064.4747,2120.7218,2238.5164,3093.839,280.6454,5126.106,2164.5507,4860.2618,1489.7867,8450.1963,1350.0038,11785.8935,423.7714,11696.6395,13648.4942,4838.0011,5487.5829,8893.9366,15515.5839,16645.5313,6866.5831,3637.4725,43978.1964,13129.8625,17760.3373,6187.2263,5712.6496,28960.0279,8590.6316,16677.7262,2117.3274,928.8598,2548.9017,1215.4589,23629.7686,2273.7489,2590.5258,66767.0818,2649.3847,28696.9928,6879.1367,260027.9456,50097.0795,2232.4518,37102.3579,6332.7345,1836.8908,2913.5196,38110.6129,4769.5424,23726.1094,1103.4792,66712.8831,32272.1732,20523.5831,1238.0584,49850.8428,24599.2877,810.7698,82983.422,139912.4469,55133.0785,45780.6107,4663.5551,14684.9318,2565.2793
SMP_D3F606C0FD31C88CDAC4,0,459643.7538,37672.6798,119944.2389,39897.9657,24729.1657,775332.4262,3583.6476,76610.0676,463247.2191,4999.0025,1539.8348,2042.4377,2340.3054,23250.0005,1600.147,10910.8687,12135.964,6830.8405,4568.3896,83914.126,6915.5015,74166.1135,11241.1337,284315.3929,136541.5568,42698.2374,26086.0628,9693.7385,7220.6966,3554.9933,692.2067,11406.2967,1001.3405,102987.4783,10631.5735,13477.6877,863.6914,2918796.134,371862.3343,45617.3609,3457270.076,1563802.496,111688.8892,28119.289,101086.4057,39732.4254,3348.4884,19838.8534,53089.3712,13706.3117,5647.8868,15859.0046,2090.6366,117942.3818,12118.0959,8055.3903,3257.3667,1409.6635,653.258,14142.2734,3818.4572,23057.1417,11736.4106,28532.7031,25183.2753,1570.2837,191716.2771,4796.7966,6824.8586,86528.3387,50900.5153,74849.817,581.8349,610.9844,3345.9695,656.9816,6394.5547,15069.5477,4154.8432,5794.8291,30789.0661,36764.1231,12907.8951,3091.3801,3085.2598,190087.08,337928.3402,65827.682,3591.2933,5722.5764,13625.7844,1911.9486,83588.7706,208734.0282,90881.2607,88298.9489,68047.0205,137714.4668,2864.1536,60322.966,3357.2577,3434.4059,12741.7331,47642.4569,54499.0814,20081.0442,15862.9044,92917.1627,4460.6678,7660.9214,1258.1233,813.2982,49402.2818,7670.6311,7757.7516,4188.8707,9231.5822,6999.7319,5880.24,19787.1729,4655.0939,3726.8689,17350.761,7806.3057,9410.8487,10980.8233,3779.7489,3324.4113,2163.0396,2277.5099,2864.5197,285.1929,4399.4924,4215.3143,10749.4958,1227.8641,23879.2677,4355.8403,17809.8475,1831.7029,16387.5418,12726.7527,2939.2045,7499.0635,4735.3126,22780.9122,12710.0408,1698.431,2873.1395,35653.4602,13302.0577,15868.533,3322.5841,5073.0531,20065.2671,7654.2676,34085.7387,2220.7792,2872.8681,3887.7573,1708.3749,25916.7922,775.1765,1774.3715,48710.4325,2535.0148,15085.3047,6166.3646,260109.1103,66029.5197,1633.5024,42590.6687,10695.7331,2477.4813,1397.871,40510.8866,6933.8512,21734.8499,1409.3388,77323.8481,25760.3686,26382.4465,1208.8275,56137.743,25567.2303,920.0755,96273.7765,143585.4455,62401.9479,49831.5758,4596.2685,14012.2232,2203.2648
SMP_C36ECAB3A6AB97BECC07,0,501832.0423,44556.4089,141274.2761,44010.9627,26656.6312,885888.4502,4351.3091,76449.7564,542001.2337,6951.2499,2629.7732,2958.4845,3127.2142,27964.1739,2016.2321,18313.3477,19626.513,11364.6666,6724.8756,92411.817,10680.5383,78919.9564,13972.3914,240242.3513,124365.6541,36167.2433,31650.6998,7310.6061,4178.1763,2654.8095,687.7496,6813.8082,1455.3649,60287.1736,13409.6872,11855.9684,1114.3685,1546536.947,202105.556,19074.7018,1308114.235,203657.9973,18659.7345,18753.3037,22353.8659,6029.0796,3114.755,7463.9434,30716.8634,6180.8666,3422.2195,4329.1259,277.6116,31611.7404,7399.6205,4283.5629,2539.3192,1433.9286,287.6595,10650.0307,4857.2458,24301.6746,16709.0652,33170.4227,27517.7764,2028.8902,158161.472,5744.1545,5467.038,59314.2618,44709.8657,37113.471,236.8959,2.0918,4094.9549,857.5286,3333.8826,5019.431,3444.0763,3010.2172,25902.3935,48972.821,9336.7235,7247.9008,4284.251,225436.0641,252182.2095,3943.7748,4020.9436,7685.8207,11707.9464,3032.9847,103477.0498,166916.8516,76127.8964,96671.3502,30414.3465,156879.9506,1193.5125,87200.9131,1613.135,3456.5401,11305.1171,54731.093,55395.5615,22800.6841,23692.0319,73372.8535,6215.47,8651.4207,2893.3263,827.1669,30954.3381,3365.0418,4645.0279,5102.4014,11626.3351,7834.2776,9521.479,18379.9117,2243.5515,3407.2093,21027.4204,10675.2502,11310.7833,13890.0066,3776.3607,3698.7516,1990.5889,2893.1698,3178.5202,145.1208,4542.2305,2610.3794,6535.1995,1359.0813,15313.2692,1570.153,14759.3742,1008.4238,18990.3049,13439.2162,4524.471,9096.339,7323.907,17575.1096,22376.9362,4596.0812,4316.443,35056.6654,19113.9962,16814.1783,4453.9607,5473.8367,17004.778,7386.3426,13414.0827,2119.1865,2243.0177,4771.5673,768.0596,22589.2692,2871.6039,3473.3387,71626.8601,5179.1343,27907.3046,7868.2889,269347.6491,61969.3424,2666.1098,51808.7977,11821.834,1943.8557,3819.8728,43940.7177,8366.3403,27225.9752,2944.9449,71512.8867,30258.9341,24369.0519,1270.8133,54855.0138,33900.5997,395.6291,71721.5884,124707.3515,58007.3962,41757.1498,4809.0981,11776.818,1761.9343
SMP_76BA6F46CA496287F450,0,485347.085,49312.4458,138491.4157,43540.372,24693.4939,820021.6568,4082.145,79853.5955,515303.7561,7475.2768,1515.6027,2095.3763,4273.8533,17941.4526,1178.7982,8020.9683,9467.3058,5542.3776,8591.9707,48402.02,4957.6236,54112.7964,18148.4366,175217.8562,80471.4012,19075.1476,39703.9914,8405.509,10240.6755,4008.4278,913.0844,9994.617,1854.072,81911.9107,14942.9006,14253.8054,1203.3465,1680484.327,289653.8833,21455.5467,1542309.665,189217.9099,20807.9464,17622.843,22966.1705,5426.0711,4214.0225,6262.6763,35325.75,10348.5893,3413.4501,6426.6205,383.0561,50009.8851,7559.6419,4928.2219,2512.1139,1319.4709,412.0722,8491.7724,4004.1845,22086.862,15600.7334,35576.239,28261.625,2475.7387,145530.6511,6091.5097,5067.7139,52906.5753,42768.7836,25797.7242,433.0063,214.026,2237.7672,624.8978,3471.421,3823.3367,3169.5841,4169.96,26254.5802,51726.9635,9936.7276,13106.6642,6283.804,218006.017,231596.5842,14637.7706,3536.3562,12562.806,16227.5629,4317.4965,108450.1108,151142.9001,75430.0897,76201.3836,34431.586,123575.401,1787.1281,98381.3993,2938.0989,5067.4359,8226.7654,40822.4117,51957.1495,19466.5,31453.577,76247.8207,4179.4956,8318.5364,3069.5598,907.1235,40741.4416,5042.0574,4066.0914,5177.3918,10644.0917,3512.0934,8502.9637,11208.8326,3257.49,1914.938,16325.2678,8473.6501,10845.7525,12278.1545,2918.6049,3309.9088,2684.7327,2889.5314,3623.2977,337.3336,4852.7443,4109.0084,5953.5168,1356.9813,14015.1459,1989.8727,14124.8779,1366.5784,14618.503,18253.0477,5169.5221,8120.3814,8760.6047,19025.4668,20974.4888,5500.1915,4414.7509,42116.5104,16206.4325,14897.8787,4155.5624,5800.8502,22099.449,7530.3366,11313.8235,2169.7634,1371.3232,3050.7341,209.3765,26923.3695,2946.7246,3685.1521,68484.1582,3249.6973,25527.5413,10273.5742,270102.6947,44918.0543,3006.2634,40522.3275,6104.2504,1660.8473,2978.2353,37929.2365,4441.3467,23391.2961,2418.9572,63300.4483,28593.8734,15899.7613,852.9017,50200.8506,24226.6022,883.5227,76964.5151,127324.1123,45275.7806,33379.2664,6865.059,17572.4555,1822.7679
SMP_0BE5497EE98302FF1266,0,488275.9529,46887.3691,144387.8021,46001.7025,19917.4921,885356.6743,4584.5016,78822.9619,541470.0283,6507.6936,2815.0043,2293.3434,4311.9118,26808.1777,1722.7416,12261.8089,14109.4478,6330.833,18876.8953,78705.4037,9406.1768,58069.1325,28804.47,250149.493,114341.31,31047.3088,28724.7044,9498.4631,9640.0409,625.9567,215.5549,5644.3803,1307.3707,40468.137,4314.3307,8253.2183,581.6069,1558355.733,88473.6623,16859.5508,763596.7413,225730.2638,25792.1922,22772.8111,18600.3465,5570.4216,1124.5111,4980.7492,13802.5668,6148.2477,4872.0185,7553.1398,239.857,24243.4605,9629.6615,6199.6787,3669.4921,1194.8674,510.5143,9900.5793,2819.0911,20700.4868,11649.3114,34891.6633,24762.8272,1729.9128,107892.1954,2986.4088,3237.6486,33863.7087,22129.6531,28340.1686,363.8671,2.4524,2091.3405,483.5391,2259.233,2924.8315,1913.3144,2741.6274,29207.0624,35832.7345,11813.5019,4177.6474,4804.36,180695.1412,274382.6837,10047.0634,3161.6854,5446.4286,11358.5215,2490.5471,69569.0712,156433.2012,71664.2418,94118.9012,39626.766,124073.7439,1889.365,102257.7481,2360.7787,3128.9969,8810.5585,49666.3298,52028.982,19365.7556,27280.757,85503.5466,4614.5883,9391.5554,1949.7855,2262.6436,44229.141,3651.1866,3710.3939,4924.7921,6934.705,3454.893,5799.2083,15817.6417,1807.8179,1084.3734,14271.8453,6974.2877,7629.8866,9394.946,2830.1135,3430.0624,2446.125,2588.4446,3601.7455,719.9155,3053.3804,2029.8746,4939.0407,451.9001,13928.0591,1428.5457,8051.2905,1268.8672,13227.5235,12600.298,3320.4002,5111.5812,3563.5234,10732.5627,10810.4217,2677.9294,2822.9554,20526.355,7230.3677,14295.2155,1544.5749,2536.8525,12721.9644,4392.8901,15751.4971,2153.043,1027.0043,635.7772,361.1918,19858.3917,1884.738,3163.1422,62996.3589,2358.0283,21208.3563,6351.1343,247319.1243,51835.0597,2579.9406,38792.5679,6906.6951,1460.7223,2316.0486,39067.6551,6056.8923,20676.888,2217.3938,64910.7439,29320.8283,22612.9676,1209.0771,45554.3869,22649.6627,1333.6375,86631.6353,133277.1243,54810.5694,45230.4648,3168.6816,8929.4631,2252.5224
SMP_2B52F2018CBA76E4F27C,0,479459.8261,45865.5436,135052.8915,42682.516,20187.1504,881613.3104,3428.0728,79798.2277,523058.6567,7589.7579,3389.2096,2943.7835,2813.4976,28096.0459,1673.3135,14413.1019,18155.9657,10364.3464,14038.9213,102228.0378,9236.4556,75952.0259,21354.235,257707.1056,103873.0541,39237.1541,38938.2075,9813.1702,132.9442,731.25,660.2584,5072.7885,1054.2341,50231.4207,6603.3414,12727.2362,551.4072,1589821.255,103050.4474,20669.3342,976196.9671,320307.6932,24023.7365,23595.0806,23076.1819,7169.3337,1258.5951,8305.2624,27685.3137,4986.9954,4889.3241,7622.4787,422.3725,28168.7433,9178.1317,4743.3848,3303.4626,1496.6782,538.7901,10906.6651,3755.9316,23698.0084,11778.1156,26965.9319,18763.1475,1978.6,174758.7484,3555.5171,8062.4829,81545.6703,27361.9228,48105.184,504.5274,175.8546,4163.7806,581.2326,2505.5353,4087.1783,1850.559,2816.6291,22910.3861,24117.7118,11802.0177,3895.9729,4961.0432,152348.7298,265825.6265,35307.3853,2801.4452,4256.6393,13545.4149,2299.8377,73081.5319,195123.3898,75318.0917,98650.0734,54190.1793,111477.9928,1814.7438,60758.7614,3418.128,2715.0001,11687.162,67824.9821,57311.8541,15156.761,19480.6101,69977.9769,4291.8363,9425.5952,1551.1505,1044.577,46716.3845,3551.0562,4431.0069,4699.2929,7893.1808,5180.5606,3801.7502,14437.0976,3467.8656,3017.5571,16189.553,7058.0089,10519.0222,10832.2454,2983.2526,3456.5222,1665.9365,2985.4136,2841.1944,249.1635,4346.0865,1612.4949,4578.3109,858.3062,12294.4149,1559.1213,6176.7588,1060.9244,10585.79,7451.9189,2377.4976,5467.1857,3482.2181,12472.6286,9716.4276,1318.7475,3101.4284,18208.3153,7091.7462,12650.4388,1110.0047,3533.214,12729.8213,4385.7396,18981.9054,2240.3762,1590.4573,3870.5792,1046.7848,12022.4466,3327.7228,3052.3245,75975.059,4169.6735,22864.6512,7440.0034,239285.4368,53956.1081,2689.3713,45648.8982,9324.8522,1985.671,2854.7702,48967.8696,7920.2554,30107.3949,2828.9872,82347.4956,27107.3138,31436.3632,1411.2092,55795.6355,28765.2164,1859.2114,82341.0662,113886.9732,58425.3755,38522.9181,5001.9231,11438.5167,1508.7243
SMP_3B07AB26C58E8E3FB126,0,490235.3944,44484.6677,138531.3601,46971.5534,25273.3607,879238.5775,4038.5985,78436.2119,535043.9102,7848.9676,3689.0404,3509.7602,2603.1251,29118.1267,2614.9026,14042.7797,19365.3298,11969.7052,10179.917,98253.9806,11998.9608,86823.2236,13129.6023,238808.7717,136420.3062,42489.8473,38308.4488,9245.2693,110.299,1089.0917,518.5249,6227.1102,1130.7789,37537.2499,4483.107,9343.565,534.8219,1783105.907,48508.6599,21189.2322,629707.6519,158729.9504,15245.9623,29719.8312,14841.1895,5041.4874,1779.2181,6720.3397,32811.9379,6780.4677,4070.9931,13491.6388,434.1084,34990.8301,10565.1437,6023.1441,2934.9274,1523.5572,224.6004,14664.3281,5179.9779,25988.3007,15839.1819,32698.2695,24415.347,3274.342,205419.0715,4799.3482,8429.7998,90995.5349,42812.5742,50451.049,338.1214,326.35,3830.6434,770.214,2932.5452,4167.2921,2569.2803,2672.807,24593.0575,22950.8185,11284.1133,5645.5662,5388.4006,173968.8797,246322.4679,16789.481,3722.086,7300.7392,14285.93,3076.6305,83541.865,173767.3451,82149.9853,86660.506,56080.3126,125139.6677,2771.2889,78896.0179,2697.2414,4136.2832,11351.9724,52848.4469,59153.0068,19584.1988,23179.21,73095.9234,4053.9016,9338.3399,1511.2086,1512.1017,39376.0814,3583.6229,5691.9678,4591.2575,8152.6036,4932.2458,5018.1992,12712.3772,3282.4022,2593.3998,20645.0144,8850.9591,11336.7354,14960.614,3073.6106,3765.8644,1683.3289,3483.6801,3779.9775,666.0914,4871.0074,2189.1244,4404.9835,1040.624,14011.364,1711.0907,8149.1811,1315.9247,13446.5619,9599.8145,2948.3131,5988.9087,5060.7788,14133.4977,12926.6053,2352.9341,2835.629,27825.4505,12173.6829,12144.6338,2660.3767,4731.276,13666.1406,5283.3665,13771.8607,1668.0938,1604.8315,4263.9636,878.5825,15877.1516,2903.1684,3086.9671,71461.2069,4737.3981,25804.9457,6363.798,254559.7732,63569.4693,1939.2888,46153.6023,9227.3,2556.0387,4610.857,46446.6477,8576.8197,30291.7192,3373.4141,73880.216,28774.5548,31043.3429,1617.8727,56369.8586,39155.2563,775.4163,74034.0655,124762.641,61732.7803,48465.3016,5795.004,14030.1922,2039.0256
SMP_59F6C17E85D08D2CA01B,0,480061.6126,44915.4234,134385.2864,48029.8089,22379.3256,840264.5136,3650.4927,72886.9169,546532.954,8610.7617,3502.0086,2899.7546,3982.9333,29158.1267,1812.6806,14005.8109,20004.4587,8372.1569,7338.1352,71631.5896,15303.0205,65627.9065,14852.3503,196371.5661,203244.005,30691.8913,28289.805,8657.1866,7742.9373,740.0868,484.3561,5208.1571,2355.631,51423.3578,5340.19,9345.3164,1334.1641,1907166.446,89290.9349,22257.1217,1007940.201,241341.3891,29713.5938,27897.6344,37218.8291,12729.0125,2365.9023,10273.4627,40714.0233,38312.948,4830.109,11014.5363,1579.4097,155117.4429,8773.0277,10348.9348,3098.4734,1576.7407,122.2839,11932.6379,3149.9433,17544.5432,12233.2617,23396.053,27412.3866,2995.3348,216032.688,3009.5727,10515.6516,103874.0214,33834.5224,33272.2936,1296.1007,548.2863,2786.1354,561.6797,2878.9454,2018.0664,1392.2481,4448.5842,26235.2814,16793.9949,7069.0887,4256.4607,3065.5279,159186.2702,227521.5543,2438.9203,4129.3319,7002.1703,10400.5109,3149.3587,87638.7273,157683.1771,52163.4231,66462.8935,26352.5043,142918.123,1309.2488,181232.1665,3313.4597,4842.4068,15338.4008,53898.5952,72381.0147,27025.9937,81882.9613,121002.5924,3759.3774,14353.4414,2523.7568,1873.789,78728.6627,4387.6278,6906.9601,4980.502,7244.2188,5529.3546,5235.6264,16024.3174,1979.9735,2399.1487,19006.2108,9272.0687,6885.7785,10284.7127,3549.8164,7547.3562,1657.18,2529.4162,2484.9546,208.0737,4616.7026,1083.5826,2549.9884,159.6037,8326.0679,805.8625,5559.4652,159.0206,13151.557,16753.447,5638.1767,4981.8936,4362.609,9143.8512,18484.165,13935.1086,1704.9398,26727.3444,15580.3863,30518.7906,3342.1702,4932.1009,24228.8194,14979.9468,9128.2332,225.8633,558.1988,5022.5292,980.1971,29069.8252,3703.1891,4198.7602,78974.5157,4818.6825,25087.4611,9852.4366,260139.0637,60542.7466,2668.1838,35514.4995,10482.5272,1643.8754,3858.3092,46274.5056,8602.6365,27604.6332,2863.6215,66562.8837,43052.1528,23982.4399,1865.2089,55612.4194,30883.8281,741.7771,83125.3969,187989.9842,61167.1649,64188.1792,5008.5579,17346.301,5355.6189
SMP_A0C19CDFA5317478A83B,0,492361.8899,47720.9669,145371.594,46801.1826,20452.5233,843551.6992,3688.3758,73536.4146,536155.1096,7951.5533,4049.197,3796.2832,4894.7864,38567.005,2583.9549,17194.4068,21273.6945,10891.3159,4481.5162,87432.4941,11718.0314,71499.9686,9284.7487,210822.0083,134309.0677,37477.6493,32806.9115,8061.9653,5399.5377,1460.4114,452.4589,5150.2102,1194.5524,48777.9996,4944.5628,10488.6467,610.4537,1735475.435,63491.5385,22373.6653,869228.013,177443.5232,19247.9823,27215.428,23480.0448,5067.1236,2095.0991,5535.6022,24804.8294,6613.8942,6593.603,6682.9522,179.2409,31550.8368,10265.5381,7161.2773,4882.3187,1721.1418,395.8048,10965.066,2932.562,15439.5774,9385.0006,20160.655,24978.6708,1780.0872,155968.4953,3367.3671,6308.3397,65618.2691,43252.1975,47421.7386,577.871,404.4295,3321.4984,554.9715,2012.2724,3957.6705,2506.9482,2378.1423,26565.9713,22774.1342,7568.9188,6268.5563,4850.8521,181477.8039,251353.743,5447.4321,2356.4118,8655.2891,15467.0586,3073.2614,93551.4618,169889.7328,79993.9878,83725.9698,4910.2089,131717.6223,2630.0074,102958.4279,3340.7663,4692.907,10135.9879,46779.1211,54737.4193,17384.4149,32489.9198,80484.0853,4137.8738,7257.7644,2363.8796,313.0815,43648.89,4587.701,5231.0314,5649.1707,8977.8178,5183.7418,6251.4171,12632.0684,3098.2261,1420.2614,21469.8183,10323.3198,11574.4843,13793.5935,3250.6157,5574.2184,3182.911,4139.6063,3164.0591,3.8465,6151.0445,2077.3398,4671.2049,626.4644,11500.0037,2025.7055,8088.0363,1218.3226,12703.6663,8534.8796,2882.8468,3884.6171,4238.4874,10877.0593,10450.6606,3494.0658,1933.3256,21935.0566,8136.0625,12148.6496,2756.3874,3718.5909,12393.0185,4783.4003,14263.5016,2290.8209,2109.7517,4466.9756,1281.3824,28050.4624,2312.9159,2660.3473,77360.7628,3934.6786,32682.3366,6333.07,277946.0012,61138.3294,1636.3804,43437.8841,8581.4921,1790.5339,3040.3354,43761.213,6575.2813,26310.6682,2781.2304,63906.4697,30539.1826,24530.0602,1296.0355,45903.6375,27438.6652,372.4593,69462.3527,133305.9141,53009.805,41614.7905,5068.695,13840.5478,1777.7692
SMP_B668FBBD3173CDA40E20,0,524673.3946,45151.2731,153516.9688,44494.104,22115.2947,922112.023,4811.5324,74540.4248,554086.3487,6775.6572,2529.4713,3406.9273,5416.8441,27456.4327,1572.2734,15981.5731,17919.3985,10114.5336,8325.0432,90396.5157,10365.409,89872.7488,16395.4008,247291.3812,127689.6151,35247.6824,33716.7189,7725.2175,5950.2711,1688.2484,478.1646,7788.3057,1098.8367,55835.3788,5044.3263,10376.0161,603.8882,1661484.01,49817.1325,21115.8287,740085.5512,169721.078,15823.8971,21351.0349,13966.7233,3807.5511,1069.9322,5329.3077,25604.6901,5861.5508,5209.7228,4600.6202,87.3468,29401.4235,9973.6789,5869.272,5155.0995,1648.9553,519.0955,12686.0164,5246.0675,24665.6152,16912.9386,32188.4168,24502.2194,2704.1507,177917.6303,4675.9136,5148.9173,62556.5391,44341.3588,53705.9212,557.6248,521.1227,3377.539,659.9936,3070.3946,5225.6979,2174.8508,2579.4026,25588.6677,42396.4871,9910.7195,8205.8374,5064.8803,217551.941,268018.8227,27781.4689,3164.4037,10324.5871,15697.2187,2621.3911,118798.5742,175767.2921,88305.7505,89273.8047,57658.0901,129888.9831,4468.3143,81585.7783,3926.2897,4409.4517,13340.2737,57608.285,50325.6483,19731.4334,21155.6279,83138.5242,5730.6378,8469.1427,1750.4122,1742.6979,47327.3539,5650.0029,5702.7595,4639.2699,7937.1952,3928.3679,4464.1919,10646.06,2035.7172,1761.0384,17655.4002,7288.1531,11283.1638,11312.5181,2482.7464,3878.214,3150.9221,3552.3253,3841.2949,349.6397,5011.5257,6610.5878,9048.0895,1388.03,25925.4737,4068.6476,14052.2349,1228.2394,19273.03,13858.3917,3798.9843,4284.9507,5008.4333,11137.8395,9962.7375,2345.7303,2747.6612,23257.6642,10652.879,11198.3872,2170.0965,2190.9756,10920.001,5401.8319,22391.5221,2234.5103,1353.3641,3753.5875,352.5751,27913.3992,2170.9147,2356.5583,62040.8892,3883.047,22109.5756,5582.8667,242538.0153,54447.6158,1701.7837,42943.2345,10171.2889,1501.1996,3679.1107,46838.4617,7460.1065,28216.2982,2236.8398,76550.6807,27226.2474,22235.0777,716.1919,60591.2494,34920.0788,595.4768,78876.5146,132090.6361,52633.4842,39854.8065,5456.9698,13537.1275,1732.9753
SMP_D2863DD2BF13F3036F11,0,492181.4419,39981.8879,149996.3356,47709.9185,23927.3238,895293.3883,4184.9913,75027.1359,558166.3543,7296.0509,3197.7308,3001.2928,3084.9319,24412.1949,1962.0879,10183.4531,12409.4283,8184.8406,8484.8999,67641.8972,7069.0439,72312.7989,16406.6298,212232.2529,108740.7999,30609.748,37632.9165,9389.6846,11879.4028,5.163,240.7167,6939.2464,1384.4728,51851.8522,5817.7332,10841.9103,543.0687,1872346.35,65762.2093,22956.6075,786473.5232,150551.9353,19237.5212,31262.5623,17073.2785,4913.1769,2109.7957,5632.0607,22721.2791,9119.6413,4921.2235,4132.4836,225.4676,46816.7828,9881.2081,5782.2428,4252.163,1659.4464,411.0541,13730.2983,2723.6205,20415.9579,14461.4559,28285.4801,23400.3663,3084.4481,138017.7573,3649.6248,4705.0348,52216.0857,40600.0493,42580.2224,629.2621,279.9384,3338.4234,463.975,2857.0214,3257.4682,2515.8396,3536.9786,28295.1497,26106.3061,11538.1516,7710.7566,6797.6345,183433.4808,266999.1364,10899.9562,5552.956,10446.8111,17101.1478,4922.8869,103568.115,179396.4341,85149.6458,85479.2019,45562.3897,145795.6264,3470.7816,140450.8313,3845.0909,6033.6687,11294.8271,55175.9561,66179.8979,18556.2516,41516.6004,83020.9514,5250.1376,6643.5923,1969.3565,1521.7888,44527.046,6864.172,6016.5922,4874.7305,10268.5114,4951.9699,7094.0164,15661.4323,2177.4687,2494.9355,18552.9926,10159.6674,11859.0947,13205.0246,3928.0371,3906.7544,2901.5279,3080.8713,3812.3109,145.6901,6028.767,3184.3099,4942.847,1568.4039,13295.5857,2313.7531,13018.4007,1539.7968,18226.8322,18756.5174,3945.5052,6781.5809,6599.0403,19079.8467,15243.0289,5002.9297,4502.526,32857.1121,13221.5462,15623.2986,4569.5496,3194.9955,17815.3106,6991.5246,12464.3056,1434.3601,1853.6799,6284.1736,701.9744,18746.1955,2566.999,3194.066,79214.2558,4348.2139,27822.1563,6767.0479,258015.9055,60096.3657,2361.5414,37807.3216,8954.1795,2509.1341,3140.0149,40946.9437,6858.3405,27901.4919,2527.5288,71696.2764,28570.8738,23070.9982,1141.6141,59851.3422,36239.3474,1201.636,86885.3028,142756.1277,64298.4441,44888.9649,6317.6021,16323.7105,2382.7728
SMP_D4524A02794165736C6E,0,477555.8777,40464.7533,135144.7463,44326.0684,21105.6503,818124.7209,3856.3147,72565.5037,545798.3881,6507.6305,2867.0336,2885.838,4106.4753,24661.4487,1616.2129,9777.3337,11152.4928,7849.2071,6824.8422,67333.5347,9760.0739,66656.5328,15292.875,217586.7957,114041.5515,29692.7843,25343.018,8459.8713,10363.617,975.4102,821.6802,8550.9659,1223.1756,65207.8357,7632.5792,12859.5981,829.3187,2100954.761,134921.3632,26746.6508,1283147.536,224259.7923,26651.1211,32159.7453,32931.6134,11085.3146,3145.8113,9866.7593,27156.5897,9441.4424,5311.7832,8223.3112,1481.0164,40709.9035,10721.7492,7614.7401,4417.6776,1561.3503,388.138,12553.5605,3577.8347,21108.9325,13715.8987,34969.4402,26130.1977,2471.6831,171362.0122,7321.2651,4797.7383,58020.9516,64167.1842,58925.5566,631.6783,519.3004,5175.7393,1037.0801,2861.7403,4525.3112,3712.5755,3908.9804,30448.5311,51671.1725,11109.8271,7738.223,4977.0476,229019.0388,267120.9123,9293.4391,5489.4258,7881.4395,11906.7619,3467.2592,110889.0642,164869.5131,82269.2135,105405.1903,40753.3489,161626.3995,2596.7062,149613.5365,3164.5564,3681.7366,12276.3279,51258.944,56441.7548,31926.1998,38489.1238,82203.2265,5588.8185,8710.4938,1990.8538,897.5806,34636.1081,4758.5183,5269.4823,4773.092,8675.2644,4355.0103,7878.7814,17761.5248,2669.2106,1522.1968,19241.2603,9549.918,10834.2104,13886.1501,3894.7542,2600.1155,3092.116,3494.1971,5064.7603,221.0085,6332.055,2283.5835,3891.8846,1200.4254,8278.9454,1966.8615,9829.8598,818.4914,12473.2087,9840.644,3610.3019,4779.9287,4769.4042,11909.8507,11774.2539,5826.3053,2489.7606,22732.4945,12601.8651,12797.5642,3660.0887,5042.3166,14164.8844,6206.8085,13390.4064,1389.0483,1864.9608,1228.4651,1045.9655,19191.6422,3280.8288,3559.6879,87812.5131,4453.4799,28604.1968,5083.7813,257809.1099,64843.2998,1796.1908,42555.7075,8373.6457,1428.7157,2869.5831,42881.5367,5363.554,28216.7655,2679.569,65539.7621,36830.8033,20130.7208,865.8435,48559.1422,29895.4428,665.7846,78214.3536,135685.9083,55622.0507,45872.4493,3698.5226,10754.1219,2073.5393
SMP_69B6C23112FB2C61A6C8,0,484362.3123,43489.0398,132146.5795,43851.8494,18658.6863,802541.5178,3368.3474,76251.1358,491622.7965,7443.0207,2927.4307,3328.1159,3053.6674,26751.9091,1722.2586,11095.9695,15197.5026,12294.7527,5075.4326,83353.8424,10321.9672,101825.1452,14083.2949,273095.9923,131656.3605,38030.9859,41092.4543,10884.3339,9537.3204,1582.7435,437.8846,6493.0857,2153.4764,76926.8443,10583.1678,14097.4435,1347.5059,1834955.806,149454.5389,29161.7455,1604269.372,415742.0079,52557.176,22367.544,36815.971,9124.4853,2644.2881,8440.7763,30686.7248,20138.8004,3848.5687,8619.3385,500.6328,76772.9491,8167.519,6355.2383,2940.0096,1193.8397,563.4005,12577.2846,3812.3881,18661.14,14101.0376,26199.8566,19710.0807,3218.0043,187156.0678,6032.66,6579.0931,72599.8789,43122.424,51490.636,231.1028,264.9621,3766.773,814.3221,3547.3792,4788.4811,2342.9924,4172.4348,26821.4767,33620.1639,11069.1343,8017.1003,7624.9548,185458.4761,244710.3948,13915.0891,3749.3483,10609.262,17043.8122,2530.3182,84724.7786,160239.7706,72206.0261,79713.4763,12049.4315,118153.1161,2706.5162,167795.2802,3675.7068,4713.3948,9858.2911,50755.8022,51497.1234,18640.3749,50387.6793,76061.1172,3767.4063,8202.4161,2269.2056,1559.7156,40647.7953,3848.6761,6365.0797,4290.1312,7440.4654,5590.997,5999.8985,17472.0579,3548.4691,1726.6193,14547.0538,7814.6257,8344.0459,9730.8529,3809.4989,2406.0988,2035.9272,2282.0472,2565.3321,55.0162,3749.6796,2371.476,5910.329,1454.347,15763.1578,1621.85,9436.2536,1253.2455,14620.468,17325.351,3807.7882,5525.6707,4727.4223,14132.8261,7409.5927,2733.3537,2218.9891,18858.5729,7430.1314,12024.8579,2565.4362,3948.1441,13817.8638,6428.3871,15091.749,594.1456,2734.5354,5293.9421,777.1308,19233.9089,2682.7115,2870.0077,66273.9895,4568.7426,27658.1015,6578.3346,256751.8695,56166.0686,1483.1941,41602.1322,8713.8634,1855.6762,4250.3005,44728.3985,6956.4867,31183.4228,2727.9804,74509.7362,30198.2393,23849.28,1314.0574,60584.4596,34595.6715,680.4854,75433.16,120454.1377,55408.4016,43387.874,5092.9809,12752.1993,1477.5244
SMP_E682CD1215B3DF253B54,0,480186.6586,41102.7198,116036.8017,43001.3577,17048.2969,778390.9596,3913.2739,73548.1908,526987.0898,6618.3521,2309.5414,1906.7761,3160.9199,29739.927,2123.8054,11963.9104,16059.0907,8306.2422,5314.8207,83079.1446,10020.3004,73910.874,12446.6814,241058.4764,146314.4762,35798.5906,31884.6329,8277.9995,10584.6734,1098.329,219.8111,6669.0569,1284.3353,55664.0385,5966.9966,10228.1662,761.7001,1295142.478,96788.0102,19644.8132,1279312.201,281029.9554,33018.976,16387.2874,30478.9401,7442.3909,2536.1528,7142.3122,34335.3602,5802.0278,3107.2835,6012.3396,698.581,35093.9012,7712.6323,5462.2709,3031.6734,1124.5032,535.6368,10545.0992,2687.0314,18317.0638,10759.072,27263.609,23430.4182,2079.5612,195370.9382,4153.3516,8109.3352,85910.0073,42613.0863,40905.6406,635.4175,98.0049,2938.9093,451.5079,3511.3149,3182.2388,2204.8437,2010.1711,24796.2264,24174.8459,6832.3348,6155.923,4503.626,180185.3536,247830.2339,21912.1961,2146.9811,8181.9053,13630.3235,2941.3608,88103.4338,166870.4559,82150.4751,84204.6069,47352.1895,127563.6126,2205.6278,74978.3011,3492.9907,3910.846,9539.6097,44590.6121,53287.4883,17311.2069,19894.5918,65057.6173,4649.6779,5469.7178,1280.5856,1046.7653,33975.6845,4060.8626,4877.5387,4584.8066,10756.4776,5806.1409,6837.9918,17320.347,4251.1433,2931.4918,17995.1426,8348.9474,13194.9342,12886.8978,3345.7849,2714.8266,3722.574,3646.0753,4360.7927,562.1781,6537.5138,2250.3286,5138.7789,441.2663,12225.6394,1831.5476,9060.6978,1164.4216,11132.1884,8485.2217,2621.6458,3880.8989,3736.6736,10692.5928,7599.6851,1034.3351,1972.8642,17464.8116,6447.4654,7617.7551,1660.5822,3044.234,8357.9707,2794.819,11788.32,2176.4196,1278.8767,6035.3766,979.4186,13048.934,1856.3941,2100.1435,47752.087,3151.6052,19523.2301,6588.516,254126.8018,50470.0879,1779.7974,39094.187,6905.2601,1377.1492,3109.6107,37729.0845,6759.9648,19625.6957,1703.9823,65355.4545,22506.9905,22519.5687,852.7767,47719.1773,24804.6547,706.0558,70005.2937,126393.3412,52842.5304,43902.0274,4287.6212,11663.0507,1564.5433
SMP_4F9894B4BCD3941A9FE2,0,464211.0055,41033.2516,120128.7589,41658.7181,21473.0255,789943.2459,3806.1059,81176.3383,571109.3598,6697.644,1930.8681,3128.6769,2915.8078,24120.0868,2237.3067,14808.7771,16224.9674,9764.7419,15986.1002,95613.1852,7393.7155,82760.4111,23200.5289,254448.8125,96544.9985,38206.1825,34389.5162,8020.5366,132.1941,918.288,521.5791,8329.9557,1915.6455,59458.3525,3799.2342,12180.6331,1046.1327,1854600.162,68198.4888,27167.5965,1175966.883,304723.8719,32322.1524,29252.5898,23071.2296,6729.406,2417.4893,8057.8186,51804.3103,9203.1639,5522.2666,10800.1095,190.9983,47777.2191,10001.6209,5386.476,3825.3281,1619.536,495.5976,12811.7235,3966.1418,28128.2126,15685.6443,29966.1041,18510.3792,1612.4049,149955.8613,2677.1291,6452.5478,65935.5956,24830.427,40988.1638,332.218,125.0109,3005.1314,583.4104,2194.9583,3405.5395,2444.2704,3227.6572,21665.471,15939.1771,13574.173,3929.1655,5249.2033,154738.1576,274169.0005,53007.086,4487.3026,5048.7812,14321.3263,3198.6115,66727.8243,179221.3764,69202.6677,93185.0613,40609.4317,130471.0333,2013.7954,91769.4125,2848.7217,4841.8134,9693.9482,57715.0774,67963.6883,19215.214,27858.2312,90817.2734,4275.8146,8718.7484,1487.0865,1362.0236,53760.5705,4515.2608,5298.3997,5115.829,8243.188,5515.7369,4171.2549,14245.0947,4403.4255,2240.949,19073.2719,7940.3299,14373.4209,10872.1346,4277.5227,4413.5722,3660.4304,3147.6995,4024.891,577.785,5340.7965,1569.0231,4172.3057,971.8573,9903.8164,1046.0307,7071.0005,975.7826,13137.6335,9653.4367,3115.7776,5982.2693,4124.2964,13682.6924,16351.1439,3086.6414,2909.0674,30977.029,11051.1501,16427.2296,2692.7032,4409.2684,17705.4259,6677.4252,15615.4735,1668.395,1316.2206,4124.7897,532.3613,14961.3838,3562.5852,3281.9552,70274.3768,4345.6832,23475.9396,7146.921,252741.6695,66915.8595,3154.4977,47820.2469,14201.9036,3679.2049,3686.181,49905.2574,9884.9098,32918.1023,2729.1409,95754.5229,24156.9065,39845.5395,1073.4956,67120.1957,34713.8417,1732.1707,98939.1267,123213.5534,71743.6987,42910.7837,7113.0642,12564.9405,2374.0438
SMP_C3A2D9E3191CCAD77F27,0,465057.5647,44190.8248,128625.3859,45376.5278,20753.913,855391.1874,3207.629,73672.537,549539.0123,8941.4975,3621.2076,3945.9008,2681.0624,29864.8882,2424.7806,13818.7305,21129.1831,17132.5725,3986.1111,100639.2786,12351.8268,105294.5291,9647.3448,268281.7027,119682.876,46473.2572,41717.5758,8804.6667,159.1087,1591.3627,675.4122,6851.5315,1193.9441,44407.757,6313.361,9494.6931,481.9588,1508163.45,79997.0115,18068.2694,642561.9257,130379.5578,12145.2788,20295.6431,12589.9378,3486.3148,1873.7641,4420.4584,21369.0864,4713.4172,3583.8646,8029.0565,137.6332,20823.4036,7987.8091,3865.9584,2810.7183,1308.6899,794.0225,15714.1016,4575.467,24462.0991,18930.4718,29202.6182,18980.8559,3094.8285,181751.9876,5317.5708,8853.171,86060.0073,51464.4425,44193.7381,577.8255,386.9977,4201.9929,981.0785,4217.9028,4307.7167,2900.8353,3060.4924,27071.3695,34831.5591,12047.2597,9065.4036,5928.0345,186383.2625,242167.332,55219.0275,3581.5585,8483.0469,15750.2991,3687.726,99795.7712,164820.0862,81497.7413,94331.8117,46649.2491,111630.0312,2501.4506,70457.368,3951.1362,3815.212,9497.9425,50443.8192,55381.7144,17513.7067,19512.0705,68560.5209,4065.2859,7952.6465,2176.1823,996.2463,39288.3015,5726.6611,5811.1786,5730.8739,8569.2083,5285.0344,5988.1149,12472.7281,2920.1754,2282.1445,23216.0461,9155.3474,11595.8284,11879.2994,3763.4671,4037.4525,2544.2433,2667.0621,3004.5413,138.5173,3167.9996,3979.5635,7969.1613,781.4527,17525.4679,3288.4987,14216.4166,1448.4323,16310.473,14289.7001,3051.2246,5066.0646,4556.8973,10481.844,9287.0486,936.9054,2413.7391,19640.5979,8513.4357,10557.2862,2476.5005,3062.0589,10282.0296,4333.3303,14525.0906,1381.9885,2935.3458,3855.7072,1155.6985,19370.6681,4728.09,3478.7356,81195.1801,6460.7893,33808.2563,6905.2815,280653.502,60530.9599,1113.0546,43297.6985,9394.5721,1886.156,4608.1519,50564.2091,8250.8154,37396.4025,4517.2095,78427.2974,28674.2082,31176.6497,1235.0375,69395.9719,45618.8731,543.6532,86483.054,114433.9166,68929.607,43686.0031,6976.7401,12625.06,1842.2501
SMP_95A548B6369F2EF89149,0,471198.7561,39800.3391,138677.4263,46799.8769,19988.9936,860193.5077,3250.008,86128.6949,551359.7389,7046.7985,2757.6067,2527.8695,2166.921,17647.7188,1691.5827,7981.3966,14897.4251,12378.5698,3529.9849,69319.5584,9917.6132,69436.1192,8008.4335,186970.3184,81599.2573,32903.2826,29022.9208,6614.6346,6418.0677,1583.7767,631.964,8001.6196,1473.0032,46535.8436,5091.7598,9788.1063,813.1722,1484235.205,60803.6978,17606.1242,607708.1178,184975.4557,19717.8109,20083.7783,12390.5759,4098.5077,1412.32,4735.1166,24813.0258,12789.4514,3575.9669,15472.3883,200.5439,42802.6532,7371.4841,3904.0211,3343.4026,1231.0167,217.8492,9084.4768,2527.0406,11046.4068,8501.8081,14463.4686,9999.3399,2671.0286,195148.8662,3817.4995,6775.05,75501.4523,47241.1081,81839.3006,838.1657,227.038,3768.3194,983.8191,3617.863,4219.739,2279.9578,3745.5724,24889.1176,18754.4787,10394.4674,6419.8048,7501.5665,161867.7861,256865.8067,97083.7016,3438.0302,7670.3412,16513.9023,4696.2218,73400.5335,177631.2788,75368.316,76721.0022,54621.5156,132650.7375,3962.4659,130188.5707,3462.073,4744.7203,7929.7562,38751.2858,62160.0408,21118.8276,37124.8067,92392.8635,3073.8854,8835.981,1791.3716,748.5146,50761.9817,3967.1699,6113.3929,4388.407,7857.7547,4618.2673,6939.3605,17201.8531,3423.5524,1851.721,17385.0101,8768.6152,10349.5031,11859.1264,3771.015,4667.9971,2937.1018,2878.0092,4713.3827,380.6878,5743.9048,2008.4103,4321.2635,1055.21,13002.7402,2488.3873,9792.4222,1445.0229,15874.6209,17835.06,3374.7085,4224.0603,4127.9329,10680.6762,11989.455,4403.1668,1744.9309,21954.459,11604.6932,12507.0659,3119.5022,4550.8851,15490.3903,7424.8761,12870.7662,170.5259,829.1073,4213.2072,720.2544,17476.2735,3882.276,3081.4678,91247.6761,3778.0576,30562.606,6214.6532,239353.8232,52235.0309,572.4719,38030.9855,7846.0972,1888.9653,4506.9909,52494.9763,7288.0983,37650.2679,4654.0339,68184.8528,36355.3996,26916.4426,1085.8946,59195.0803,37806.5376,609.5026,68442.7699,101147.9111,54763.016,38723.186,5509.858,10821.8903,1668.6116
SMP_8036E458839B5E35789C,0,522082.0558,41750.9398,143660.1509,46246.5645,23304.4014,888649.2016,4084.7874,79438.2984,539557.7073,7679.9221,4388.2244,4103.0186,3344.9691,33892.1093,2887.7666,18911.4594,24657.2465,14125.3667,13021.1162,106910.5093,13265.9903,85250.653,18838.8283,250358.8914,137406.2149,38391.0431,46341.1586,8883.2668,134.6829,1276.3196,702.0823,4027.4117,763.8018,27617.3335,2389.9349,7405.0726,446.979,1361923.428,49948.7283,16758.9961,645863.1657,164037.4016,19032.156,20924.9504,14969.5551,4649.0218,1484.088,5724.43,20954.3892,5085.6071,4039.7713,5222.11,227.5551,19787.8551,8437.4982,4454.6723,3728.9988,1154.3867,450.2682,14339.3207,4325.5978,18368.4115,11464.8669,23432.1607,18265.1521,1795.8559,151279.9577,3927.5025,5343.2124,58339.0833,35947.4555,41003.5235,470.6214,528.1499,3488.3655,478.2349,2149.1073,3480.5087,2054.2885,2492.6383,21364.5852,25719.9832,11261.7873,5688.9887,5352.0679,176075.2867,259035.4187,27886.0193,4099.6701,6462.9157,13726.4105,2971.9836,79903.8403,163747.6851,78937.1352,91641.2011,41173.3415,131461.3202,2715.1834,74319.613,2957.9217,4133.886,11399.6774,55028.2461,57347.606,16237.1246,19161.9441,69257.2299,3516.3778,6837.2418,1604.4005,867.6201,35778.9464,4065.0689,5112.1218,3871.9176,6080.9623,4657.5992,5155.8201,15232.0235,2423.9714,1573.702,16457.0469,7934.3105,8920.0332,10401.6021,3176.4779,2522.9423,1100.9496,1334.7074,2391.1823,3.5365,1932.2941,2163.5314,3251.6773,839.9464,10261.3444,1157.2664,7278.6212,1191.7554,11432.8066,6409.0642,4090.1102,5664.0925,5652.8874,12948.2744,15155.1099,2637.0495,3153.1609,30896.1185,12915.9492,13776.9946,2115.297,4945.9174,14681.9084,5401.8101,11784.7085,1156.3325,1721.4366,4305.1111,1003.1063,13484.2802,3700.8557,3245.1641,84872.2061,4349.574,28896.7181,6510.959,254898.738,65370.1997,3106.5561,52456.5263,10942.0886,1130.3181,4411.6195,52459.0439,8056.0973,33341.2107,2860.3172,79743.192,36938.1312,32587.8121,1537.5918,61020.7062,31026.7451,2126.0703,86363.8362,130489.6988,63363.246,46145.1602,6415.5233,18347.231,1708.3552
SMP_C4E4EC09D13677887461,0,482189.1481,43772.0512,137508.8868,43852.9826,20684.2149,792959.3439,3652.0457,76221.2492,534399.8997,7996.9741,3164.0886,3960.3453,3177.4081,32558.4789,2602.1792,19094.7662,19111.5683,13319.5811,7067.9695,91040.9553,12045.7075,95422.5183,15881.3417,267126.162,142821.4794,42075.4423,49415.6564,10470.8505,133.7101,546.0663,739.6743,7366.5963,1436.4605,89542.9207,18007.5179,16950.0576,1583.595,1950347.291,267208.852,24803.8641,1983798.987,340526.6099,29800.0294,19958.2284,36214.352,8555.6827,2799.9491,6981.0673,32851.6167,5972.2358,4311.7062,10406.4963,830.0632,39130.6418,8873.2205,5822.1218,3283.1423,1404.8546,582.9863,12545.2783,5014.3746,21408.7404,17275.7711,30431.9782,27629.3259,1330.9258,132428.829,5552.6804,5130.1168,59056.6214,39752.1624,36856.4749,329.5451,398.2266,2811.7076,601.2899,3243.9536,3921.8834,2695.522,3524.3565,25005.7099,28800.4964,6842.6567,7709.3837,5475.1457,184379.7113,249259.3757,49583.2292,1755.8565,8877.1041,16111.3978,3267.0025,88265.373,168409.3302,81626.5799,76372.4347,45983.744,111057.3102,1643.336,69601.268,2700.9692,3867.0976,10239.8869,48018.7357,51755.0549,17666.5599,18739.4018,78643.3798,4398.5391,7456.9448,1824.1065,730.5893,42747.8361,5042.224,5194.7839,5739.9444,8763.8163,5058.1698,6666.4506,14621.642,3457.5995,2908.1495,18800.3366,8472.8483,11638.3231,12934.6192,3634.4221,4030.6722,2864.2595,3537.3837,3792.9063,322.288,3460.626,2468.1517,5314.6518,902.1122,11904.2046,1920.2506,8236.7411,913.6727,12748.0233,9431.5638,2964.1971,4513.9287,3920.6893,10136.4951,10786.3242,2648.4295,2330.9901,23458.6727,9925.0971,13216.428,1771.8504,4102.3032,14496.7429,6015.0969,9146.111,1557.0047,1063.701,6884.7724,891.4686,16276.5547,2877.8036,2463.7051,71468.1536,4458.2959,30428.731,7169.5446,255849.1293,61831.4482,2918.1805,49658.4787,11472.4999,2405.1949,5298.6354,47578.5262,7992.1721,30397.5516,3653.0552,73739.3627,33510.0916,24771.5388,1508.6169,60033.9961,34603.1471,597.4533,76023.0936,135645.7911,57311.7193,48058.3052,6892.9001,17797.1274,1695.0059
SMP_9B655FCA783A934BCF85,0,478568.6782,40582.9826,137898.6646,44163.0575,20809.6699,797960.9575,3661.3835,77642.3208,514323.8897,6596.7656,2567.6783,3390.647,2225.4473,20721.8305,1723.7883,11432.1633,19077.2732,13773.9863,3997.8392,83130.4111,12165.1596,88428.6601,8529.6399,211621.8324,118663.978,37589.6404,40302.618,7209.0788,13948.8008,993.0674,408.4883,7882.4605,1464.9862,66717.9408,8980.8098,13350.7961,882.5489,1910066.171,152513.2296,25992.8615,1610719.589,395362.5288,38539.7165,23957.2672,38265.6807,9456.7711,2445.4018,9715.7966,38540.0513,9178.2735,5057.9087,7827.1811,518.5137,48566.8094,8678.1141,5041.8514,2904.5377,1246.9038,292.5379,12005.8559,4877.5568,18713.8224,13583.4119,23112.6839,18417.278,2203.0141,155624.3423,4049.8813,7350.7609,73304.0711,36416.8102,42737.0895,971.0076,203.9613,3319.1729,471.1261,2660.4263,4951.1111,2995.6468,3793.5761,20347.2718,21367.3082,9160.9997,4672.3742,3599.3834,165337.0052,260978.8549,10186.8422,3137.6898,7714.9895,16674.0495,3387.7253,75232.9571,186034.3111,86968.8548,88071.5017,52601.7824,135431.113,2903.0391,97028.2257,3617.8149,4226.4169,9446.147,52867.6316,62453.6949,19561.0543,28782.4267,91396.0948,3175.7468,7283.3827,1571.8206,1306.3134,45597.5615,5839.0433,4940.5026,3615.86,6810.9596,7477.7624,5028.8302,13396.8464,3247.0317,3146.6342,16025.2297,7233.6975,7848.2584,11459.7316,2434.9459,3647.297,1825.276,2285.7686,2383.5448,173.2625,3619.1876,2258.9261,5277.8914,812.2826,16139.8507,2804.9568,7500.5201,1204.1654,17058.429,10753.847,3304.1992,5063.4319,3617.8129,12084.4612,11478.6743,2976.4944,2987.784,23418.254,9593.7324,12179.1253,2997.6169,4000.302,12059.1808,5558.9926,14272.8391,1772.6202,1780.8702,2613.6459,948.1253,19752.8639,4169.2337,2744.22,78154.1085,4389.6806,29141.9016,5275.8807,240347.9793,62833.2667,725.9688,42987.8176,9464.4949,1684.2642,4988.9784,48885.8412,8371.3636,33862.9394,3434.3902,71075.3321,34709.6029,26530.6446,1822.6069,56978.8207,35367.1747,459.1917,66043.7143,111332.0921,53935.2718,45693.9993,6384.8048,16830.1491,2049.4759
SMP_D4E5699A553C1EBE27B9,0,492012.4091,40155.7856,141135.1668,44699.2653,22419.2365,847864.6897,4185.7213,77302.7908,535970.5961,7307.8419,2840.8302,2922.8031,3529.8002,28271.6954,2256.3377,12184.3376,14583.8499,6346.7889,10273.5158,62010.4177,8424.8019,46396.1944,14715.5372,182966.3329,92363.0157,28862.441,23983.0282,6499.2345,12798.7475,512.1501,366.9376,6945.773,1379.1473,58776.5018,6260.3315,10607.4248,648.5952,1922551.885,135014.8684,24046.591,1349029.544,320269.4703,34030.9216,28580.1344,29438.8969,7484.3406,2092.9238,8942.7374,36553.0761,12511.4406,4615.0071,9305.5515,663.1406,66016.9859,9198.3109,6506.5869,3341.547,1771.6893,573.0272,7141.6845,2434.0672,19180.1584,9786.8836,24881.4467,22577.9779,3171.4809,180563.5412,5857.4546,5240.7339,57616.9484,39132.9201,32925.0388,514.9206,215.3566,3136.5087,927.1699,2120.1295,2709.9784,1566.8822,3192.277,27173.9043,42446.4945,12576.9252,6526.0645,2094.2425,202854.6949,239364.0649,11753.7831,4074.6105,7111.0606,11636.0654,258.2881,80726.3655,148550.895,64417.9312,82097.3276,35874.344,127289.3937,2056.4077,117359.9443,1466.9572,3311.1741,10533.5398,47284.3666,46620.9112,23387.7345,33737.7348,100359.2209,5096.2862,10749.4288,1900.4861,1264.899,53265.7729,5553.7415,6183.682,5608.2373,7607.1655,3436.9867,5044.5839,13911.2723,1245.5272,1750.4225,19293.7548,10192.8532,10492.7944,14264.0754,3584.055,4964.2139,2988.9606,3083.3772,3490.1797,3.5082,4196.6604,2371.2998,5369.8059,1433.7008,12128.2029,1155.0888,7294.0616,945.5117,10932.3292,13271.0438,2266.5774,2859.1854,2416.7496,6200.6808,10093.4896,3619.0321,1240.4143,18663.5785,8217.7344,13734.3009,2013.2691,2574.8014,13407.6442,6359.7454,13810.2038,1413.2466,1389.2842,4163.9299,985.9343,20271.2414,2494.768,2318.5489,65177.5083,3751.0582,21495.8965,5216.6991,239691.6601,50713.4088,2749.4514,35382.2176,6916.4244,1321.0156,3436.775,45011.548,5847.0187,24954.7556,2956.1096,71336.6949,30742.0318,27900.7663,1186.413,48037.8422,23991.0073,1358.4192,83571.6778,137251.3283,63586.3145,40691.7524,5195.005,12478.046,2238.7648
SMP_E3DD5A382B9A15D37846,0,485140.3156,39436.6746,144234.4746,47947.6047,22059.9274,856874.7825,4333.0393,88496.072,544314.1387,6142.4324,3175.1331,3243.8181,3056.1044,27585.7353,1920.3152,9809.1245,12695.1433,7242.134,4496.1137,60128.8324,10131.4093,48195.4967,8215.0206,142331.2855,101138.6153,22189.463,24654.2363,5918.814,4909.8961,638.7166,338.1741,8221.903,1148.0918,59916.4574,9941.6953,12444.9941,797.1477,2010007.616,135162.091,25437.6819,1173209.151,382473.4703,46586.7855,29731.1952,21852.6653,6337.9439,2239.6805,9142.1149,32959.9632,7013.549,4518.6118,8004.3914,726.0034,30609.6916,7828.5337,4099.666,3098.5087,1387.8484,236.2214,8503.5707,4468.0277,21514.3819,11203.7688,21065.3224,23371.6825,3243.1991,173264.3996,5117.7156,4799.3092,56787.3965,32113.0525,45127.15,556.6308,2.2778,2881.8698,460.9093,2728.7755,5772.795,2762.5794,3412.444,24041.6476,26457.5897,11016.9644,5857.8316,8443.9842,167902.7609,256839.9927,102653.9752,2909.9232,6848.3458,17452.4061,305.4897,52287.6861,151879.1367,80955.6005,92448.2622,7918.5732,109176.84,2663.1136,63543.5991,2654.9774,3826.3942,6171.5912,43023.3444,47313.3938,14399.8748,13686.2499,62785.0142,2672.4452,4833.4358,1154.9659,734.5798,33595.9518,3511.7518,4600.9792,4604.6701,7555.606,3577.5571,5068.6335,10640.3476,2175.7463,1881.8063,12947.608,6718.6866,5847.5311,11168.8946,1922.176,1805.719,1296.4451,1996.0759,1962.7092,223.2428,2305.4166,2532.3822,7208.9684,945.1687,18587.6545,3180.4426,11106.8938,1095.7107,13989.1951,9655.1845,1780.251,4045.724,1806.0246,7082.2642,8970.1001,1581.3344,1528.8654,13076.8099,4813.8062,7433.6511,1388.1012,2145.2257,6784.9229,3029.9421,13447.5383,2562.0462,1585.1999,6864.533,349.6048,12137.9649,3013.9757,3174.2212,69579.6275,4541.8985,26343.2563,6629.0879,243889.1749,62554.4487,2869.2809,45569.796,7269.5775,2605.7738,3980.926,38767.5361,6904.489,23452.5375,3042.2527,61051.581,32149.8218,23763.6905,2470.8141,38784.0442,22188.0615,894.6582,54969.5069,118080.0103,43468.4177,49599.6282,4310.0212,13571.7293,1482.388
SMP_48C81691456E77E536DE,0,489798.4581,38680.6312,150641.6111,45576.3525,22820.3233,831845.0807,4034.3717,76620.4455,581342.8898,8070.531,3370.5197,4200.6892,2601.0688,27813.8662,2373.5123,12911.1174,18312.3275,10774.7502,9925.493,81214.1484,10071.8138,80232.4193,18590.2395,221825.6229,107198.6159,33238.6698,38153.0271,8648.6154,6700.4164,3020.2569,1012.188,7332.8145,1154.8415,39720.4763,4987.3974,8276.5553,428.1522,1450517.386,64759.125,21063.4096,713325.3581,208417.2755,22847.7687,21824.1746,17209.7924,5316.1581,2026.4286,5850.0549,49016.6,6291.337,4266.9782,5170.2428,183.7484,32983.4181,7829.3404,4876.948,3228.7714,1401.2908,2612.2793,12585.4301,3405.7726,19969.996,11911.1884,21742.4921,18601.9013,2701.7457,170359.3922,3285.2143,8909.3364,84007.333,40611.1875,52103.0185,239.3986,250.3114,3466.1266,1053.845,3258.0521,3170.9367,2378.1098,2766.5489,20255.1217,17150.9334,8805.9307,4992.3325,4961.7189,155259.4626,249550.1179,14533.573,3225.2672,6985.9964,14267.4827,2904.3992,85221.1914,176146.5021,78891.6233,73200.5094,55366.6604,122743.6809,3214.3508,60367.1421,3122.7813,4059.4256,10097.8862,48731.6201,60898.1579,15859.739,18258.5066,64497.6786,3310.3852,6664.3067,1701.192,146.5163,37665.2797,2944.7207,4629.1887,4652.5238,8581.5254,6337.61,5773.1705,21163.9661,4123.5306,3095.8989,20353.0774,9568.5097,10944.871,12833.3024,4966.9053,4382.6431,3325.3163,3566.9762,4187.0826,351.9917,5804.6073,3701.2445,6147.9052,977.6027,17127.423,2197.3915,12305.2334,1364.905,18266.0845,14106.3975,4044.2146,8505.4396,7789.4488,23109.2582,17052.0844,2025.2274,4791.1736,41681.4767,14005.2383,13746.2619,4504.0556,5329.9198,20434.9296,6656.865,13609.6817,223.3336,2904.6668,3569.077,332.3721,14073.0893,3464.6,2711.6606,84764.44,4473.4574,27505.4236,6286.5322,260976.0203,60620.5117,1984.0646,46703.259,10553.3252,2193.1264,3448.4594,46041.5914,8589.2422,29178.6459,3455.0917,69841.5829,30402.2924,27170.0026,1410.1374,56364.3267,33759.8872,1376.8488,73960.5264,122384.0666,55940.0485,42515.1092,5111.9948,13270.3996,2050.278
SMP_9E5E568A724218F6B551,0,523480.646,39912.1577,135774.1052,42140.2184,22200.2632,809988.1198,3906.8287,71583.9275,538788.0284,6197.0979,2855.7503,3088.0777,3248.206,29679.1607,2595.1384,14965.165,18137.482,11362.8106,6098.827,89125.0885,9805.6623,79937.1741,11420.0897,243699.7926,127154.1285,38225.5856,34197.8778,8026.172,135.663,1515.9761,782.3515,7921.7054,1141.162,65937.7655,9354.2016,11613.2556,1048.9649,1827337.394,201860.4234,24618.0547,1737065.756,356465.0195,27650.8223,20914.6059,37970.4224,9401.0915,3651.1106,8865.2229,33168.6947,9322.0627,3488.5211,9062.3124,620.7923,40533.3959,9782.4588,7044.718,4341.9382,1901.1591,567.0425,11260.2657,4783.6982,25961.0082,13885.9497,32099.6799,26165.2647,2843.0246,187394.2135,6379.1539,6374.1697,69076.2183,51066.3372,47385.802,513.8033,439.6042,4764.1111,764.5632,3949.4056,4059.2001,3807.8498,3991.3827,27977.2188,41697.2508,14217.9429,5719.8245,5363.4978,223253.9762,281941.994,7506.5188,6708.9945,7557.7201,13267.8808,4534.4867,98219.4306,175070.6274,80235.9121,94057.5522,46684.629,186240.683,2566.1214,115435.912,2923.5461,4098.7249,11243.295,56127.1679,71759.0883,25763.826,33140.4156,98709.7039,5391.3547,7394.499,2378.1484,2097.9185,42246.4412,5330.8789,6681.6215,6443.1923,11029.478,6642.4098,7117.6334,17310.4992,4711.1988,3376.5398,25061.2673,11728.1275,16595.5783,18302.3514,6120.3257,4813.278,4234.4346,4647.0221,5733.3773,521.7396,7441.8179,3637.9432,6527.8244,1126.9978,14555.2922,2025.2453,20679.5305,1430.433,23283.4598,24959.4607,2475.1149,5155.9077,5224.486,12679.0548,18732.7345,4489.7466,3134.2649,37945.0808,14978.7218,16889.3813,3778.3,5245.1814,20025.5142,7726.8987,15165.3432,1056.0627,2069.9784,4452.2882,726.8686,19239.7096,2499.8054,2580.7446,64763.2766,4169.3148,20662.8682,4652.0278,240331.8174,62019.5448,1187.8625,38028.3787,9708.4823,1996.3377,2576.913,41068.5688,6684.6831,26465.4095,1798.316,69258.1719,25383.7854,26608.2354,839.7646,53890.9551,29191.8784,331.1989,83581.1908,128273.3074,60822.8763,44123.4629,5580.1796,12870.9988,1870.5637
SMP_0AB66C59F9DDF2A5F5D2,0,503795.0081,41514.7338,121022.4474,42581.6963,21954.8855,903335.6771,4118.8692,75741.3227,541399.8606,6517.8239,1781.4468,2425.5161,2768.0961,24308.0795,1421.5216,12823.1677,16279.5492,8130.1249,5075.5948,94647.1447,6856.4488,66086.1794,11608.6112,228938.7226,85174.3754,40942.7019,24861.8242,7753.81,135.7956,154.4969,510.463,4806.5844,1232.7813,40188.06,3820.8058,13071.1818,1791.711,1694531.928,73963.7811,23905.0741,1129635.999,409262.3609,27085.8992,34200.3807,28967.9588,10117.5543,2137.0813,7824.1965,26169.5493,3252.9079,6474.8072,7696.5666,603.4522,19090.5418,11774.8565,5591.3857,5074.0068,1738.2948,360.0121,12693.8109,2912.7226,22446.976,10012.0083,22884.9749,13718.5051,1729.5792,172434.6016,3570.164,8028.3487,89025.7073,37296.1039,57011.4363,568.4423,484.5873,4192.2708,791.1633,2735.8224,6174.0575,3510.261,3200.7213,23213.5259,15821.8563,11599.1174,3752.9156,5285.4178,158271.9866,280651.1837,44690.5724,4225.1662,6015.373,16263.768,3114.2077,77602.9105,186509.6013,94608.3364,100399.1451,69945.2403,133649.1836,3599.294,59411.4596,3836.8645,3979.933,12064.2249,55832.7772,68514.3191,18298.8384,18209.8786,61868.2745,5386.0105,6917.4564,2196.3029,1669.0021,35018.8524,4839.8925,6240.3015,4295.4941,7347.5254,6059.1688,4761.2214,18904.5896,3908.7731,3419.1614,15383.3041,9117.553,12315.9325,11860.8714,3553.4173,1838.6033,3523.8568,3138.0577,4537.6525,723.8313,4952.2164,2911.9424,7057.0404,1002.4434,19797.3556,3043.8211,12667.7433,1146.2259,23497.7251,10117.8325,3124.1398,7883.8646,5685.1005,18745.9807,13575.9293,1521.4377,3636.5456,30267.587,12514.1815,10184.0367,3515.0125,4774.6017,12962.5866,4859.0739,14917.8475,626.4898,2281.9418,5180.0825,334.4185,9087.0955,1887.4098,1088.9305,49907.6817,3451.0693,18621.1935,3827.8278,233098.2382,58842.4979,1241.2001,43653.0045,10728.6576,2480.109,3092.1248,43845.1149,8564.1375,25335.8086,2810.2139,83832.1763,19210.7949,40788.2982,1240.8756,53086.1439,28734.4067,1079.6677,87192.5092,103281.4508,68655.5546,36928.0458,4579.7055,7988.5217,1434.1554
SMP_4CAFB3C0D4D13BCC01B1,0,515862.5044,43196.3287,133185.8277,44215.4714,26077.5117,907850.1246,4737.5426,80240.3171,556619.8851,7321.1341,3226.3951,3382.5513,2119.2322,27397.6741,1598.7737,12195.0235,17432.3004,8702.8877,6337.1396,76748.3666,8683.7122,64600.6514,12422.8517,200841.1673,100898.0469,33621.0938,31193.5373,7358.5363,8260.2841,148.9728,200.3235,4646.339,1111.9102,35922.0965,4296.4434,9789.0025,1178.6183,1393388.287,62176.6826,21783.4361,1020749.491,315192.4473,25121.9371,20692.9637,25987.4022,8351.1135,910.0826,6275.6563,21835.577,3946.7454,5347.9684,12741.623,438.6925,34721.3224,9247.7919,5952.1074,3335.4014,1714.6927,241.3638,13164.0117,3082.8865,24369.2778,12523.9952,23676.5336,20879.0686,1812.7422,137697.3531,2639.657,4486.5768,51746.9038,30660.7698,44950.033,596.6449,114.7166,1894.9537,530.978,2689.7159,4585.1578,2062.9883,3377.8631,24514.8384,19732.6439,8943.7795,5028.6256,5406.7093,172045.332,271345.9301,48998.7184,1227.6375,7968.0252,15597.0056,2554.5869,69211.7657,167681.95,81952.3322,76705.499,50980.8887,108283.5071,2143.045,54616.4833,3257.9804,3472.7397,7775.1093,35874.0192,46486.6377,17750.4076,14168.9325,78387.3087,3769.7464,8130.9678,1547.9095,1027.8304,42188.2091,5742.3649,5054.8317,6368.4791,11399.253,6122.8371,6961.4974,19684.1675,4700.1399,3516.0626,17948.8604,9153.0058,10934.8536,13330.7793,4080.2758,4248.0365,3341.452,4052.6231,5611.6178,879.376,7939.5588,2616.9398,7989.4414,1147.479,15897.7297,2844.4691,13198.244,1053.0493,15193.8745,15029.9156,2794.8698,6234.144,5093.167,15782.7229,10188.213,2193.3718,1891.7177,18866.1771,8999.9329,13966.2764,2247.7136,3866.8918,16208.7284,5977.1735,15904.5306,803.1003,802.6348,3445.2815,774.5312,17685.4142,1963.7228,3140.1503,69359.2902,3772.9438,26264.9452,6141.48,262113.9843,57752.9522,2026.6727,50617.8797,10858.7977,3013.9642,3784.2729,52090.4816,8398.0512,30037.8515,4110.217,79311.7263,31035.1254,36790.1554,1865.8781,56857.9893,34339.7971,640.8557,83631.6515,121598.1923,69210.4303,45819.9691,6598.252,16148.3033,2099.0846
SMP_F49795EF35E9AFCAAC83,0,510529.8619,46731.8805,129563.891,44645.9314,24415.2321,922013.2677,4101.3184,76498.6558,531921.6197,7447.7674,1957.0452,3217.8562,2150.8601,24578.6466,1518.8119,12258.5198,13012.5686,7114.5092,4325.4866,62697.9717,6809.3865,65714.9484,10560.2363,196530.7464,95990.7268,25489.9681,34467.7044,8402.491,6437.9149,412.7333,262.3703,3786.1926,914.3315,33997.8408,4054.1684,8269.9865,1067.2,1236905.456,72480.7668,17122.3973,695222.7892,177664.7895,15461.8575,19529.0188,18253.4582,5511.5628,1673.9595,5192.1935,21753.4616,5490.4429,3685.984,5677.2573,414.8115,33339.304,8295.1403,5157.2314,3326.3048,1440.395,254.3751,10709.1898,3707.5972,19024.1941,15083.9581,27164.1404,19506.414,1117.1836,158701.9671,3080.3951,6349.8948,62669.6922,41457.8017,57212.0179,523.0565,263.4244,4017.249,879.5202,3316.1373,4367.49,3219.4226,4313.5763,27012.2207,16710.3513,6867.4072,4951.2293,5172.3346,172675.8719,252185.1734,11080.1698,2265.0778,6802.5175,14073.1135,1330.5179,85368.3545,165387.6611,79593.0576,81091.1221,48114.0488,134280.5495,3056.7619,75772.4521,2785.0378,5047.8957,10317.5305,51839.0498,66308.0963,15647.6516,25222.3797,86871.2444,4211.049,7404.4578,1516.7004,1750.2802,51024.0951,5171.3419,4940.8273,4942.5322,8223.6541,5710.8264,5505.4901,15957.1654,2812.3066,3292.3755,19330.0873,10791.9417,9342.3032,13704.9146,4459.8563,4277.0477,2524.2819,2813.238,3583.1133,406.0774,4965.18,2082.0838,3996.0197,769.6061,9205.2582,1786.9955,9518.5017,1106.9025,13655.0051,9550.5799,3721.4764,6344.3554,6757.837,18331.9896,18050.0901,3235.8631,4544.6837,44349.2292,15004.2094,13904.6278,4152.2019,4528.5583,22086.5629,6385.3622,14076.9402,712.0062,1644.8729,3052.6158,464.2708,19882.7925,1969.8928,2207.1466,57351.3506,2853.1931,23262.3687,5523.3221,246135.7479,51373.4796,1574.801,37198.7779,8635.5704,1768.8927,3560.7128,39100.8594,6958.1426,26544.8382,1577.7843,66892.3889,26783.5886,22230.8514,1359.8669,59627.1757,28147.0548,671.1381,83385.7383,125379.403,53044.2415,42430.6038,6286.716,14527.9805,2715.3288
SMP_F61662DEDF5D18B50CC0,0,501391.2622,42759.9579,129801.5054,47845.1247,24027.1352,905646.4467,3680.8895,78113.4612,530441.4915,6429.6414,2263.6894,2684.8389,1845.2963,23389.786,2272.7222,11087.2496,19399.6398,10814.6565,13345.1555,121267.4049,9088.2705,75604.7105,17286.5429,296454.2535,96890.4839,54932.7029,30227.2832,8135.4744,162.9385,427.1769,665.3058,4919.7587,889.8369,29778.4043,2518.2607,7502.2878,393.569,1546168.516,48928.2893,19563.7326,986044.322,578027.6564,39105.1432,24279.4471,18339.3832,8964.2881,1142.5593,7193.0385,43778.2086,4502.0098,4454.7177,6186.4423,382.2994,28104.123,8534.0895,4373.7999,3461.8001,1181.1823,603.5794,10022.8216,3215.2082,29027.1229,11534.9277,27653.2317,15797.4087,2306.249,191111.3949,3440.2967,8631.2815,93344.7496,35280.8578,64958.541,478.0324,56.8177,3171.1288,811.1508,3111.5619,6334.3114,3937.2679,4406.9481,18574.2158,8481.8397,8767.5721,2206.119,5165.9595,131660.4922,270027.0515,87058.748,4090.5669,4659.3722,13501.7016,4009.9915,57152.9555,180245.388,84942.6792,100195.1588,62101.632,148141.8136,4138.0221,62078.7792,3000.199,5093.2305,8205.8703,47463.2796,89963.6817,16525.4649,26316.3911,73732.1185,4377.8889,6881.8688,1190.618,1987.0307,45766.9402,5931.458,6679.5273,2861.6215,5394.3176,4065.3387,3442.6597,12921.4637,2488.9761,2464.7592,13274.1492,6274.4579,9563.0649,10672.3227,3560.2357,1677.9831,2273.2991,3229.844,3411.6471,423.112,4723.6817,2251.5642,7488.6213,595.1111,21091.7333,3037.9795,13310.5592,1403.2385,23969.933,13460.6969,1791.1899,4056.0077,2538.9143,10048.8119,9343.366,999.7827,1431.0524,19892.6545,7929.1054,9054.3837,2123.7801,2851.6709,11817.049,4969.4185,17664.0603,2388.6354,597.5351,4393.1135,1104.5691,9762.5609,1773.7536,1.6258,49861.828,3243.8174,15640.306,4417.3878,203774.7376,61541.8971,1552.3688,32297.8411,9782.0263,4366.8236,2434.9016,48118.1655,9666.3402,26872.3163,2690.5998,93104.2067,21170.9979,41708.1794,1517.6642,50192.7219,26713.5735,1594.9706,89728.474,95837.5648,64811.7883,40110.255,5860.1219,8269.2119,1826.3521
SMP_0FBDBD6582D6FB065BC5,0,548418.7909,43364.7601,137363.3605,46068.8117,23243.549,934592.7836,4071.6749,78569.9813,525651.0851,8416.7713,2275.5028,2126.4633,6500.4353,23601.0248,889.1497,11824.4872,11649.208,7827.9304,10286.282,66881.3438,7402.4349,72894.3642,18115.5041,188531.2168,114707.6184,20890.8628,27333.0009,8600.407,6246.0714,684.67,614.5409,5393.1641,1393.1577,45219.1145,3932.2794,8628.3162,882.0047,1761185.751,45504.6781,25159.7918,976273.6721,249464.0617,31884.2471,28956.525,26363.7163,9820.7335,1312.96,7032.2221,21376.8092,7354.6331,6420.7296,14724.9881,437.8797,57407.4094,11742.9504,6454.4207,5411.3583,1783.8104,616.7386,7214.5539,4158.6524,18326.6261,14893.833,25160.9697,24599.8851,2042.437,130115.0679,3099.0415,5662.71,62016.1918,32832.0543,74399.7068,290.0719,532.4962,2528.2155,548.7529,2879.3772,7706.1737,3107.0154,3074.9352,16112.5723,12834.2892,7929.2302,3632.7181,4396.5324,131797.605,237145.0551,89588.8937,2423.2668,6379.5586,14630.4489,3541.8502,71291.5987,173333.0925,70798.4693,55173.3318,40247.5095,111764.1506,2469.7067,88390.7246,3114.6363,4634.9353,10445.578,35889.492,73240.8655,14085.133,34723.8579,76553.6506,2589.0578,7356.1388,1554.8479,975.0639,45093.9581,3358.5296,5776.5861,4811.7045,7733.5894,7250.7861,5961.6654,14869.9466,4162.9513,3809.2579,23597.9165,13841.7256,13506.6752,14544.0357,6095.6935,7006.1211,3514.773,3632.0619,4011.6608,689.8064,6704.6986,1559.8274,4478.0497,435.7052,15569.3577,1905.696,5359.5669,1062.0696,11792.2297,5949.7297,3554.1408,5942.1362,7384.5802,17221.7912,17136.4651,4861.0926,3872.8458,46751.506,16276.5799,18439.3122,3811.9261,6173.4747,28299.8059,9676.7325,8317.4894,856.5819,671.1296,4088.8745,1906.5945,13938.9655,1800.0162,2101.9937,55055.6802,2494.4927,21157.656,6004.3542,225496.2143,39911.8882,2818.1849,34263.7873,7443.299,2148.7793,2534.6543,34613.8059,6555.4377,22201.182,1581.106,56652.3011,30611.3987,18862.9252,1623.196,51261.6657,26935.7908,919.3358,66711.1836,138443.9812,44831.5087,47006.4573,5407.0456,16696.2933,2372.694
SMP_04E09F39E63113620AAF,0,520321.7075,46611.1442,135579.1385,45083.2436,24002.3873,879806.6973,4142.1455,71688.4808,528147.6914,6164.1294,3514.3333,3102.2792,2622.0931,23334.6497,2509.1512,10219.136,18519.2846,11267.0614,7385.1185,94071.1479,9447.7662,70164.5851,15327.5475,240893.8612,77046.0342,44269.3225,38907.3967,8245.5965,161.0527,252.7861,581.2638,6968.2292,1130.0917,51607.2956,4362.2707,11496.6298,698.9025,1508608.829,70374.6717,20876.7121,1004851.006,212665.5584,29748.4219,23178.8975,23841.6312,4032.9155,4052.9361,6661.5193,50649.0142,8619.4254,5169.3318,6573.8047,304.5855,27605.0685,10836.9202,6271.4797,4497.4897,1728.4717,363.1232,10620.589,3924.0367,28782.4841,13913.3476,32369.2544,17525.249,3232.3771,207450.2818,4277.4356,7778.3659,84767.23,47616.3079,46998.3083,595.459,265.7891,4855.5067,1666.2638,3116.2741,3484.3564,2728.3558,3119.1364,20987.0566,23206.8571,11120.382,6146.9225,6162.5468,201280.8417,256722.5112,14124.0341,4747.5148,8760.9202,15571.2084,3826.3969,92041.9006,163459.5935,80261.6647,92883.4297,46267.1767,138711.7198,2681.1397,107121.1648,2867.1959,4188.7696,9858.002,58912.1347,57257.1666,26485.9034,30508.7768,84752.0727,5300.3638,10018.6525,1566.3954,2183.018,41328.8926,4397.4242,6037.6593,5465.8901,8277.1693,5070.2993,6116.7972,15212.9421,3695.7297,2988.3247,16355.6708,7264.7539,13032.0772,11887.4917,3909.6345,2722.5621,4385.5851,4043.8914,5949.6325,161.9377,7406.7372,2068.4308,2879.2291,1343.718,9905.0653,1028.3219,7049.0999,1116.834,14856.687,7676.7251,3617.6838,4616.2709,6217.5599,14175.255,10834.5791,2261.4074,2589.5936,23547.8327,10129.0943,11348.436,2187.4004,5398.9329,12545.3169,4537.8157,7886.3516,1505.5908,2324.875,5099.0312,609.1189,14067.1099,3521.8864,3533.2445,77925.8608,3752.7226,23353.93,6096.5195,239426.2975,57142.8596,493.6767,34314.5382,8164.1364,1735.4324,3581.084,48004.7911,6847.5778,34876.6467,4117.2291,88432.0383,25037.8789,35361.7766,761.7363,55855.9949,33181.7636,656.0543,87928.1456,99303.3794,68348.1133,29737.8304,6014.1221,11809.7964,1739.9868
SMP_A0A8056520485ACB942C,0,515577.2475,43964.3899,124006.0375,42580.9483,23441.3994,905612.7769,3851.4842,73572.9226,503942.7696,8273.1883,2737.5558,3205.3905,2356.8207,25103.8726,2016.6303,16101.3823,16066.4282,11779.3289,4024.8722,86178.857,7909.369,94600.1253,8993.3132,220354.244,106446.8007,36539.4248,27584.5345,7706.1773,10835.9975,695.0021,422.0424,5781.7428,942.3143,64303.3317,5917.299,11909.4026,628.1852,1398521.496,85622.3947,23523.6942,1270173.328,255466.3088,24658.9861,20469.2371,23200.0225,5821.9349,1916.9685,5876.557,22641.7861,6289.7007,3666.5372,9162.2539,267.5008,30502.8459,7947.2079,4865.1653,4302.8961,1649.1967,542.588,11928.6283,4057.0553,22858.3334,17585.4278,25943.0882,22392.198,2252.2931,128406.9597,2868.7595,4731.2021,58876.9072,38961.0146,54369.3093,269.1382,212.7629,3202.7673,873.0685,2408.3131,5196.4707,3095.6404,2420.4143,18217.832,18540.7394,6968.433,6814.6681,5051.501,168058.5832,239769.9089,96627.1083,2123.7575,8337.9985,15009.2356,3483.749,93496.747,177106.6641,82508.7902,71272.9524,44820.5318,127868.7144,1888.5388,86644.4572,3074.6059,3918.7501,11190.6181,43069.9598,59818.1107,19521.8525,28995.756,59205.0095,4057.934,8504.2398,1237.8507,948.8336,37282.0495,3195.4033,5076.7578,4973.9562,9248.1961,6549.403,7053.6219,13163.6399,4826.9576,3087.1938,24186.0781,12175.324,15960.6089,14488.3015,4523.8567,5099.2969,3895.1595,4448.4136,4932.0939,382.8614,5181.9602,2555.1047,4411.3327,1044.7031,13125.3759,1883.0049,7950.3725,1057.3661,15555.8344,8342.8263,3415.1598,5823.8941,6450.305,13770.8923,13543.84,3499.0701,2999.4704,29389.4002,14873.1581,11942.8296,3634.0964,6077.0794,16820.9263,5674.9667,5790.6727,409.0599,1795.9766,4051.7985,557.4341,8222.0681,2364.9803,1342.9141,66101.4628,4382.4815,29241.8965,4113.0673,241998.0138,60364.8749,1627.1659,51223.477,13508.106,2570.8853,4127.6758,42854.8677,8689.55,30082.9686,3958.0017,72927.7029,24644.8103,28011.32,1335.7312,53793.0526,40170.2528,724.6949,61642.8973,108350.7134,51673.1036,37767.3666,3593.1141,9895.1353,1371.1993
SMP_C53FA653FB809E2AA2C6,0,513917.4314,47080.3988,125121.3709,46029.8825,24998.3497,969519.5997,4100.6896,81744.516,556926.3108,8201.7118,1635.3948,2191.3038,1867.789,16971.4921,1676.7224,7713.6903,10486.8268,5897.4281,3988.1622,52967.1465,5783.754,43893.1604,8515.4931,123855.7034,74467.01,24578.2735,22680.1042,5690.0058,7939.138,384.021,226.2918,3924.6354,641.4508,23594.0333,1854.3998,7261.9921,655.3151,1350963.581,31943.949,16329.2756,452888.1315,136586.1955,13042.0856,24418.5338,14437.4417,3588.3724,1568.8373,4213.5404,27976.6809,4318.5404,4192.5299,5491.5539,145.909,24645.4649,9470.7468,5233.6116,3450.1141,1424.4221,210.4106,8009.7864,3446.187,19843.8334,9564.0789,18760.0726,16488.5109,1950.0627,142874.9141,3034.4818,5701.1928,64778.4915,39876.2479,65842.068,454.4691,330.5991,3361.2992,1062.9773,3419.7632,4575.2295,2439.1017,3575.0346,17943.8198,13676.2072,8959.7165,4556.7256,5131.5054,152641.0742,227738.614,29034.6728,2241.3042,7430.3637,14335.5942,2156.4625,60472.4121,155501.2186,73822.653,74991.1631,57892.0705,105523.0392,2910.5874,59362.6594,3253.177,4306.7606,6878.3026,39691.2109,52389.0815,16845.1945,20907.1992,73048.2567,2688.7486,7877.7784,1271.577,1363.0394,42966.4393,4031.6434,5187.795,4358.3676,7577.8972,6489.3179,5749.1457,17329.4274,3849.7183,4166.1951,15080.3875,9274.4633,10353.1974,11298.7693,4715.1407,3584.2215,2351.6909,2518.8393,4182.2334,511.5925,5383.7375,2194.7261,3064.7764,698.4158,10374.447,2021.7618,8905.3483,843.1198,12276.4081,11293.0977,3741.1144,8721.9863,6173.8531,20632.0815,16370.7775,2889.1568,2700.6561,36134.0512,12629.2886,13827.0829,4384.328,4177.0939,18297.7913,6119.3372,8003.1127,1467.1029,1020.0984,3448.9289,1061.4812,9791.9998,1863.2166,1885.1562,47178.2865,2751.9061,19842.7611,6477.5606,216284.7759,45556.7517,1624.3112,32902.971,6994.0137,1873.4747,2550.9926,39770.3901,6858.7915,21124.8054,3423.2123,65526.704,23352.963,31265.2815,1350.8465,39707.3198,27513.7272,488.129,63513.4826,110707.6185,55503.0055,38609.0699,3823.7451,12377.0801,2155.0197
SMP_D17DF5B26C43CE98D72C,0,497889.7893,43363.6713,131884.8335,41590.446,21223.9918,884851.0908,3899.3147,71334.9955,517381.2784,8556.915,3581.9777,3387.9046,2437.5038,30364.7041,2653.2568,18701.2639,21289.0028,12176.8479,9753.4242,97529.5866,10856.2483,86089.4176,12601.3801,227393.5441,107560.572,35697.9659,48814.7876,9708.9202,9159.5226,222.8328,2.3344,5364.9187,733.7428,59348.8264,7236.3593,12066.2416,931.1532,1353356.141,103447.2724,22002.3307,1193099.746,201611.5059,21366.6715,14107.7428,19730.2755,4803.9478,3495.0923,6376.4781,30075.8273,4569.1226,3391.1812,4220.5329,345.5312,27840.3331,6903.0824,5747.3949,3618.8892,1440.9604,4.0668,10047.5154,4226.6542,25254.4329,16834.2265,34573.6104,21460.4088,1256.4159,106974.5205,2921.8909,3641.3793,40199.9369,20337.5924,16467.2194,289.6855,56.9486,1961.6006,96.4521,2272.7313,1980.7962,1372.6693,1865.4516,22125.2175,36070.4851,9775.8711,7623.1418,6344.1821,183546.3081,230059.6631,19386.9134,3545.9485,8368.3694,13991.5685,3388.5352,90241.4914,151883.4676,60326.2105,93666.951,8576.8366,116693.1351,1083.2215,79539.9527,1811.8052,1880.1038,10429.6246,63209.6988,52997.9278,17131.3437,24206.9233,64700.4869,4973.9791,8786.1969,2613.0375,781.7479,41803.1718,3059.7163,4906.0163,3974.7874,7968.4119,3122.6778,4871.0023,9105.9776,3151.965,1435.0027,17356.0153,5259.1458,12332.4487,8583.6354,1918.3998,3032.5672,3910.8962,3627.376,4337.1344,320.3423,5376.2562,3332.7385,5957.6692,345.6467,14980.3093,1492.1375,8922.6439,922.9807,14820.3797,8514.862,2449.1144,3417.838,2768.0947,6746.1729,6962.8513,1418.215,1169.4925,12800.8034,5881.1092,7767.6792,1266.0138,3088.0042,7117.7849,2452.0115,11625.6621,1846.2656,1487.2534,4567.5039,1240.7635,15720.4181,3220.8986,2596.2164,68860.23,5325.3799,27082.9107,6185.052,235066.7335,54162.9219,2315.704,46631.4291,10766.7758,1864.5059,4017.3032,46010.6339,6789.1866,31876.4921,2562.1492,80275.3182,26091.5113,26344.8188,1251.7869,63484.5953,33396.1966,474.8088,79007.4127,109760.8796,53615.624,35761.8622,7890.8589,14104.2886,1408.2021
SMP_75AA415E8F726F023447,0,478309.6403,40838.4799,127320.8474,42098.0107,21804.2067,832117.9464,3123.727,61336.2879,544131.9486,6334.0101,3913.6499,3871.4981,3890.535,28456.5206,2793.5833,16196.9485,22484.3442,13174.6688,18065.5224,103222.5062,14121.178,102931.9628,22334.6471,273709.029,146231.4179,45490.4653,51623.8093,12107.8041,157.3748,1290.4949,429.9782,6801.833,631.3963,56294.0928,7648.051,8926.2393,788.6926,1476208.107,133895.0716,22473.8002,1427657.643,270471.7492,26094.4316,16982.0147,28973.8561,10344.7176,3872.9422,11383.648,61103.2831,16645.956,3412.9911,5845.4829,659.0156,56938.0425,7785.7369,6145.2442,3745.2297,1117.1494,40.7721,13657.6144,5093.5368,28666.5308,19667.0058,37689.8804,23453.1855,3168.716,230445.2521,6110.3634,10364.8255,116258.6917,53213.5846,43035.3374,999.2422,667.5461,4971.2081,1207.5806,4358.1144,3829.8446,4162.6935,4091.6674,25488.1728,33303.1679,10755.1113,7043.9716,4880.4042,210617.6725,257541.5867,2031.0811,8504.2128,9000.4908,13011.4179,994.5417,113569.521,177462.8219,74918.4437,98768.8558,14255.6495,192397.8855,2080.3094,137047.3613,2921.0045,5962.104,14549.3433,64591.4772,83399.006,35204.2188,47704.6667,100789.2037,6603.3491,12850.6137,1759.6353,2181.4036,46250.2859,6415.1028,7891.0307,4935.1102,8715.5581,7746.4072,5197.9923,15617.3572,3504.8705,3314.6444,25091.9997,11009.4503,15632.6714,17437.5449,5097.1583,4169.585,3935.2356,3096.7424,4662.1459,112.6001,5342.9194,3017.7646,4152.5894,1083.9149,13662.4999,1810.8163,13378.283,1408.5943,24141.8129,13995.2318,4336.8885,6491.7008,5952.2032,15543.7421,20835.0574,7511.4541,3691.7686,37973.6536,25316.5489,22337.8274,3779.4195,6838.8146,21611.7787,11066.1295,11525.6756,1248.0301,2757.6691,5543.0183,1889.4957,19584.3634,3555.0846,2968.5679,81137.464,4199.5817,26857.8522,5266.4668,248175.5146,65324.5902,1557.6482,38231.906,11472.89,2157.4522,3592.5967,40098.9731,5556.6536,30231.5945,2865.5921,73543.2748,28356.3105,20975.4263,771.0298,61925.8317,36681.0391,1441.8623,86591.2362,124466.2673,58221.4144,39531.8792,6152.4394,13646.7574,2036.1496
SMP_878DD94FF70DABE889A8,0,464056.5316,44847.3687,122967.9839,41540.8748,23235.3494,836377.2109,3749.7003,71921.2688,525359.2779,6203.4798,1711.7622,1980.2301,3344.9191,24536.8788,1195.3464,13971.1055,17598.1419,8815.6594,7389.531,93849.8325,8476.8867,75916.801,15272.2531,264095.271,108033.2164,39438.5674,31591.0671,9578.7765,4961.7202,837.3272,477.5246,10079.3952,756.0678,48913.4438,3280.0681,12408.4713,784.2873,2033609.847,64426.3611,24631.4005,1080093.234,637775.4933,42385.0042,33134.2821,25182.2113,10908.618,2381.1815,8865.7588,48582.9929,12041.9164,7731.6362,8534.5312,695.7599,42216.0771,13751.1484,5172.7762,3976.7189,1688.3382,346.4402,12259.0002,3311.7428,21148.1974,12764.0053,27856.119,18793.3886,1796.8289,198663.1317,3726.9317,8482.1193,87542.4612,33552.1078,68221.6906,333.2091,496.1271,4541.6198,896.7852,2909.6602,5295.7512,3004.7839,2972.8169,21293.3386,13660.4289,9877.8204,2455.9539,3923.8352,138858.2209,277530.0111,10299.2173,3481.6594,4335.2637,12773.6674,864.9266,58830.6467,178300.741,76285.1036,95405.648,7920.8307,156392.4719,4040.6606,90692.2235,2914.676,4449.62,9388.3115,49304.9904,75482.7614,20506.562,30870.9368,86446.0958,3476.8516,8307.2895,1164.5557,2093.9843,40629.1147,5014.99,5448.6314,4082.784,5968.5422,7350.7931,3918.0097,14343.2011,3761.2172,3639.3098,20058.5192,9057.5587,9212.8275,12424.2967,4097.5979,4184.5276,2309.5798,2488.0464,2673.3549,96.0361,3862.053,1313.7071,4324.652,900.4756,12948.5896,2339.5971,9001.4518,1471.6,18116.2804,8534.6781,3083.9194,6778.2379,4301.3203,15357.8745,20025.0728,4454.5326,2318.8573,39094.2185,13504.6141,16688.7142,4189.4167,4706.6147,17620.8385,6902.0615,16546.07,1579.3629,2114.5155,4891.4389,1362.7429,14614.343,2085.2289,2442.7606,55574.1155,3361.6132,20033.2564,5525.3533,236968.5623,52756.6173,2090.377,37747.5828,8532.8515,2917.4063,2786.0492,42082.9837,7835.9052,23421.0367,2373.2051,80944.3439,22730.9846,29031.2303,1093.3461,53208.9323,27882.9188,717.4147,86461.4771,116383.4933,61114.162,40607.4939,4654.0785,10682.0887,2715.0159
SMP_EAE35BCABFB27CEDF7F4,0,520430.6591,43975.0214,131074.091,42419.0624,24365.3131,915880.8367,4166.818,73010.4551,555556.1685,7721.0985,3097.2907,3426.1314,2086.6659,21569.3998,1554.3418,13072.4643,18561.4988,12860.0683,6125.8817,90358.5169,15083.8829,87260.2148,13127.5211,232134.2142,125781.9577,35427.9474,43434.8599,10080.3241,12260.8255,592.8623,617.0908,5406.4601,935.5449,37683.2964,4237.2265,7460.0153,423.4248,1076382.98,47004.6922,16251.4598,684601.0155,179700.8399,22435.1664,17395.9387,22699.5835,5119.4127,1191.5465,5360.3925,19648.7087,12003.9955,3821.957,9577.8259,217.3455,36139.9325,7563.8568,6676.323,4028.557,1377.7747,630.8674,11706.8413,4409.1708,19441.6176,10742.6471,22390.0031,19538.2989,2068.6335,155067.4793,2656.6685,6577.0897,65205.6463,39327.7271,42931.5657,889.235,464.424,3262.1174,1104.8324,3422.2956,4000.4388,2137.1561,4031.302,20271.7618,16831.5829,7658.6422,5586.5192,4816.2964,165459.7305,230229.9088,20963.3147,3914.4707,8569.9307,13719.1924,3657.7958,82269.912,155758.2657,59117.14,70043.0191,31246.0724,117977.4903,2061.4147,148058.2427,3511.8614,4636.7329,9939.3798,48062.2706,54401.6201,21303.667,54074.1992,83526.1679,3016.4531,8016.797,1440.0236,1445.9959,46435.7479,4507.7197,5385.2371,4999.4466,7303.4975,4917.5171,6576.8295,13073.8656,3416.9191,2308.2127,16899.0796,6584.7801,9918.744,11009.827,3189.8568,4120.2778,3103.7164,3387.5809,3755.2112,301.2141,5398.6802,2075.9411,4190.3231,339.4596,12047.165,1265.5493,6953.9994,1479.3017,14796.4544,13945.3361,3968.0595,5017.8251,3982.7146,13484.6542,10338.691,6227.5733,2735.4832,21496.8856,11555.6088,17130.0722,2213.7814,4916.4232,18680.7488,8121.0281,6877.7919,726.9516,3194.8632,3979.1997,730.6214,15947.6032,4575.5567,3669.8887,85770.4959,4502.7674,28225.5543,7071.7799,233450.2242,53075.0939,2170.1584,46160.2851,10599.8419,1947.2145,4864.6526,48563.7936,7821.2542,33691.6155,3523.7257,73503.5101,39351.8687,25337.0635,1575.4384,57169.5507,36105.0721,1000.9425,76093.7583,130499.9112,57703.3991,45743.4286,6427.4637,17942.2198,2561.7847
SMP_FD619461A03539850087,0,510886.3942,44248.6189,136076.8294,44788.7607,25839.087,922850.0907,3630.5125,70945.8731,535850.2227,7477.636,3567.8298,3723.5734,2914.3364,30989.6202,2910.7438,18400.162,17357.7507,12501.5565,7216.4177,95239.8537,11899.2887,97935.7237,11065.2569,252338.6667,148386.7687,42409.4649,38101.9993,9511.6106,8324.393,266.0949,2.3466,4097.829,1296.0877,39362.2734,4902.3876,9039.9358,637.667,1240603.403,88879.146,19179.7041,936927.915,191985.8006,19724.1971,17148.6669,21201.9908,5585.2919,1373.2085,5763.2933,23450.9582,11654.3529,3468.0973,7030.702,327.6957,52111.0215,8756.1269,5073.2415,3005.1221,1262.4787,720.4912,14404.6755,3755.0672,20977.0531,15302.2005,30392.0004,24562.6409,3092.7483,180653.306,5398.2976,8208.5779,93129.6616,43676.0672,43327.9426,581.9347,288.6517,2786.5973,1170.6133,3586.8744,2900.4701,1887.223,3835.5774,23960.0413,28109.872,7699.0585,6286.8592,4183.0986,185214.0169,235715.7152,13485.1811,2628.6124,9302.8142,13381.0258,3187.4736,95380.8835,169680.1969,63003.9143,64627.0265,41207.3927,123509.3762,1500.6929,109177.4044,3831.0731,3907.1946,13774.8354,49484.7511,59090.4287,27041.4595,41019.0411,112292.3605,5078.2763,12575.4625,2830.5896,1094.876,70974.9548,6246.1793,6585.9088,5224.3067,7254.2701,3880.279,7938.7948,16449.5,2927.3275,2028.2703,16477.1668,8999.126,10202.9501,11379.9901,4146.8236,4771.736,2623.5818,4010.7393,3514.226,565.2207,4609.6494,1623.5978,2162.8004,1105.544,7110.4458,661.1453,5824.1695,1424.5056,10336.0102,9788.2332,3403.4855,3880.1597,4377.368,10004.5054,12669.0337,4348.0144,1717.6893,25512.1177,12983.0523,20122.5117,2756.524,4879.7238,23886.3184,10117.9477,9901.0231,1130.8756,2032.2757,5033.4736,990.6867,23331.1051,3778.0913,2899.713,74852.3293,6057.5096,27752.9465,6141.2545,251913.8926,68496.4943,1595.384,35559.6361,11473.3756,2286.7686,4476.8996,41169.4767,6741.5102,30064.0717,3177.3324,66691.9248,29626.3219,24209.0497,1228.278,58815.7663,38922.8669,486.2865,75471.8983,134355.1816,64132.7118,48236.811,5597.6615,14188.5884,2088.9131
SMP_D828E0F01867C41E68CF,0,488859.0831,40707.2926,120772.7998,42476.4784,21141.5725,870761.2263,4244.3431,65240.6389,502780.7407,7153.1838,3736.7839,3307.3839,2996.5608,26348.6175,2234.535,14038.011,20651.3254,13595.5066,11577.8857,82266.7219,13355.4747,75967.908,14762.7484,188474.3779,104216.3177,30099.3715,47161.7958,8063.9296,3315.0165,604.7287,791.4747,3974.4129,770.7177,36318.3596,4658.9212,6278.6751,360.9394,914945.955,55410.7774,15468.9567,586439.1935,110592.249,11635.0176,14444.3218,11720.0806,3668.3205,2853.1186,5982.4194,29909.03,5483.2484,3257.6999,3626.9919,75.0134,20327.9183,6879.6736,4373.142,3114.5661,1293.1942,914.9075,8994.1558,3576.2366,18376.7427,12024.1465,23345.9802,13226.5951,3950.1308,160379.4644,5122.0155,5731.8723,60329.9818,38958.1309,36291.6926,665.6987,289.5612,3990.1563,856.6959,2414.7237,3966.3693,2722.1868,2377.8152,22347.6976,40946.3747,15107.448,8020.5801,5957.8405,200930.8569,235536.0364,121686.72,7287.584,7953.8496,13837.1848,4666.4223,92962.8106,156882.432,72698.9723,97598.9825,39288.9417,147676.2879,2623.5209,92653.562,3229.9868,3942.9826,10932.9084,59182.555,55831.1894,21939.8443,24897.6699,66326.5016,5129.1939,8530.5429,3623.5756,525.1887,36023.3159,4250.6598,4425.3764,3823.7458,6413.0503,4821.0609,5676.0638,11321.5843,2905.702,1570.3442,18848.5695,8410.4009,11962.5632,10327.9491,3229.3581,3083.7355,2546.9047,2913.8315,2199.9352,276.5578,2794.0221,3734.7513,5147.1286,1204.7608,14675.0856,2102.6398,10882.1047,967.8458,14483.908,7772.926,2693.6861,4454.7364,4183.8891,9832.375,13665.919,2255.5919,2602.6121,23222.1676,10261.611,10088.7127,2577.0695,3556.8247,8396.9512,3952.4876,9244.8353,1499.8111,3340.9308,6969.9275,2149.3253,11296.6517,4415.831,3505.2007,80923.0804,4579.4198,25955.8439,4663.8975,216252.0364,49685.2781,2343.5901,38220.4049,8553.6461,1517.4069,4143.6998,40463.541,5029.737,31151.5069,3162.5232,71908.1396,27737.3748,20717.3681,815.6018,55091.2034,30265.6562,721.4661,71053.8696,103163.1574,48118.2401,32531.8062,8620.5341,17078.6967,1655.8719
SMP_FB9EB8C3ABE82698FEF2,0,502162.4136,44152.9738,124265.1394,42758.9423,23464.1221,909030.7209,3342.097,64919.0575,535867.831,7058.4422,5737.6518,4908.9958,3025.2618,32093.5638,2976.9895,23189.6759,34432.5256,30090.1918,19897.2537,151298.2253,22022.1922,136078.2715,23778.1983,284060.1265,126460.0208,48220.0287,49995.0681,12039.359,150.6957,442.1326,446.4765,7420.156,1072.166,70626.6323,12740.5269,12101.6161,924.0656,1622231.872,139655.3003,23459.5239,1403325.929,197269.2989,21044.4536,19500.9968,22859.3553,5702.1573,4212.7769,8322.2602,26862.6977,7495.2141,3528.3827,7441.5182,299.0814,35022.5823,8306.6983,5449.0651,3619.6779,1323.8794,821.3386,18431.1409,5579.5023,21235.774,15977.1318,28217.8259,16430.1829,2915.4936,160930.1456,4997.7785,5887.0778,57831.5865,45651.4639,34528.0102,281.4345,200,4477.3924,726.8301,3156.4538,3437.8084,3095.6674,2545.4084,24009.4484,45814.7352,10693.7672,8231.1588,6104.7441,222549.1178,249975.661,16275.5266,4454.1566,8987.7403,13293.6702,339.7721,117333.2085,156689.7845,78464.4633,104071.5368,36158.5646,149493.2991,1805.6585,94750.9396,2546.7552,3867.8131,10127.5287,59833.4881,48499.5283,20234.6426,23941.9894,62010.1155,4802.3957,7373.2304,2278.7282,1004.3945,25239.702,4030.5801,4375.4812,4755.9548,7224.9277,4594.6269,4811.4994,10390.3293,2428.5556,2199.6594,16566.2979,8223.6065,12105.1094,10213.2238,2508.0275,2042.8765,2997.1222,2344.8481,3114.4011,122.0894,4665.2616,4353.9993,6994.962,644.403,18830.7078,2198.3517,17493.4987,1086.294,20981.9099,11135.9872,4322.9474,5869.4147,6498.8607,14854.8893,12102.742,2431.2066,5048.7366,25900.5936,12451.281,11753.5456,1714.8815,4213.0676,9832.9426,4336.8033,15509.2141,1869.0595,2451.6378,3848.6144,2413.4936,18132.7076,5233.105,3914.6764,110707.0011,4753.595,39151.1836,4837.048,241910.867,56686.3648,1627.552,45331.5402,10895.5595,2253.6473,5527.4844,52233.8428,5796.3881,49651.1666,4272.1729,85602.6614,33241.1636,20871.6086,1241.3627,68713.4824,40596.1232,559.342,80915.85,99139.263,53861.7534,27892.8485,6514.3173,11601.0223,1280.4542
SMP_7E58AA4EB9A4528BF956,0,501411.8638,45068.211,132359.6326,41964.6984,23236.3263,906376.7659,3911.2668,69814.3334,505352.2851,5907.7646,2427.3775,2673.5926,3406.7876,23133.5862,1711.8544,10638.0616,14175.5294,6844.0518,6090.7706,62224.9026,10744.6058,55155.5598,10947.1931,184483.5928,105613.8409,26993.1202,25419.7949,7307.0385,7093.8207,443.4928,675.7134,5065.4746,1816.5745,50981.8446,4134.3686,16839.1621,1018.8248,1648937.582,115611.5635,23372.5436,1336061.277,398348.0455,33802.1036,24683.1463,74946.1037,11875.8818,2104.8964,8449.7779,29535.8675,17207.8936,5362.0029,24950.5128,801.9571,72582.9232,14012.2522,8274.0053,5603.6576,1820.9501,477.3039,7914.6111,2399.9985,16325.066,9285.0687,21968.619,14895.9409,1712.7838,126342.8138,3307.8258,4389.7826,50636.4398,26313.8907,45396.8872,166.4456,167.875,2335.1023,897.772,2748.52,6047.7745,3064.4482,2857.2649,19687.9633,25408.3681,10821.342,3249.8985,4174.3281,163395.9063,256301.9745,12075.5976,4075.1716,6411.2109,12267.5897,251.7341,69553.3269,166809.5719,69292.8058,75529.1465,50621.8942,128371.0472,2743.3466,109139.5735,2976.328,3905.2584,10182.1375,43514.4345,58274.9426,21204.9098,33279.3687,98136.1758,3180.7889,9053.6594,1517.4383,1373.6301,53693.2637,5675.4124,6121.1489,4106.3903,6001.3204,5393.7659,4869.3625,14799.5116,2905.8821,2359.2373,20171.1196,9317.1972,9357.143,11858.1552,3799.6365,4882.2444,2757.63,3759.1003,4002.7702,154.8754,5135.2469,2430.8904,5136.0073,359.8898,17938.4079,3233.3754,8771.9595,1149.8052,14195.4696,8666.0515,3412.2811,4797.7674,4179.2052,9196.3172,17054.029,6012.6971,1481.2551,29376.8898,14912.4478,15721.6891,2887.9338,3993.459,15827.821,7776.4398,11267.8933,735.946,1523.5788,5049.7532,829.8057,14969.955,1721.2077,2413.832,55918.264,1971.4328,16675.3645,5177.7412,206260.2784,46570.471,1920.4531,29053.8513,6779.6725,1169.8712,1992.7153,36220.3661,4966.2752,23746.2666,2027.1833,58079.9837,30219.0414,21428.4144,1275.8522,46603.1481,21369.5413,1339.0394,75485.5916,122000.2609,51382.3325,40644.0097,4212.5474,12736.404,2249.6657
SMP_291CC03EC744F57A3A02,0,483269.0128,42773.4571,122225.5926,42275.6022,19371.2134,884795.2651,4304.8125,68788.4092,525426.9738,7772.9395,1439.7502,2498.4844,3061.4472,22864.1677,1496.0631,13443.567,14686.2933,6873.2451,17877.2766,73683.7534,7903.8107,64683.2049,24388.396,223854.9702,132792.0145,28998.4191,35170.3027,10391.0319,7086.067,559.4921,554.8467,3749.2588,986.3611,36573.6707,3814.6493,8702.7725,589.9699,1249265.679,87287.1931,18934.5985,1172389.721,245544.657,20453.4387,17097.5436,28440.8282,8008.1032,2383.6776,7388.7902,37850.8656,10617.332,4037.9403,7556.9542,592.4508,45406.7749,12602.5147,6729.5952,6563.0501,2061.0429,480.6103,7707.9615,2842.06,16176.3094,9142.1377,21078.8123,17146.388,864.4185,141781.453,3161.8967,5963.9838,65730.9306,30868.43,38235.9437,640.447,265.378,2759.9023,604.8002,2309.24,2517.0579,1684.3041,2413.7753,19079.0597,14510.5557,4936.1209,3269.6454,2444.3453,145481.7198,216546.2446,4768.3138,1914.3449,5070.7739,9925.6138,526.6242,72438.2166,157245.532,60061.4323,71391.7117,34577.7802,137600.8516,1418.9852,108082.4957,2172.4609,4506.896,8599.279,47799.8987,70116.791,18649.8683,41087.6179,87848.1147,3472.3953,8671.6602,2086.4703,812.5294,52984.2542,3201.9298,5100.6722,4187.3674,7396.2505,5680.9246,5703.8874,11094.0465,3110.459,2565.6349,23022.0073,9818.6886,11524.564,12344.0942,4002.1271,5329.6988,3584.0433,4128.671,5043.7878,296.0719,8145.3202,1564.1444,2276.1431,516.0512,8795.1023,853.0583,6493.8126,1055.8574,13725.1778,9759.5507,3687.1906,4856.0089,4876.8505,11157.6923,12678.8656,4549.8495,2776.6846,25946.1516,9325.4635,15072.8306,3035.0043,4520.5001,16999.3539,6787.7776,9491.3578,1010.0592,1604.7432,2196.6289,1804.1074,21161.0919,957.5618,2364.0597,48835.9514,2278.3604,23632.0871,6307.6736,215404.5847,47732.4346,3487.3765,34677.1127,8433.3881,1133.8116,2583.9219,36598.6712,6192.8253,17520.425,962.2786,56786.3217,25371.9309,18953.2389,977.1903,37231.5319,18540.938,1198.7498,59959.8127,117848.5877,42946.6889,40287.8387,3766.7373,15725.1362,2177.9883
SMP_AB1C9A15B9A933652396,0,461358.6065,42375.8441,125644.3966,40970.7315,20003.8612,824314.1865,3915.5157,67792.2236,476849.8862,6048.0167,2039.1893,3151.259,2942.0096,29638.7018,3265.7001,19008.2825,20722.337,8185.6796,6653.6197,88466.3382,7153.4353,79600.0694,13178.2194,267894.6244,150409.3795,51303.2642,24896.7565,8643.5521,9697.4946,1141.0316,520.6677,6544.591,841.106,51713.4144,4796.2758,9043.8666,730.3776,1399272.734,134457.2589,20521.9638,1572745.657,766144.0213,57905.4299,14622.3841,33206.0556,11370.2262,1592.1248,8361.1749,25517.2461,9252.0029,3620.2902,7091.776,650.8949,43389.4086,7500.2301,5281.2088,3208.323,1371.8642,364.86,14503.2879,3803.6373,20335.2791,12556.5792,24075.494,22737.5216,1191.5543,153094.2512,2226.3371,7460.2827,84400.6663,32673.9168,54365.6908,529.654,2.1076,3332.3844,854.4791,3350.0097,4898.2052,2553.9124,3905.9958,24972.7536,11922.8402,6909.9549,2977.54,4096.2743,136875.618,259478.6591,54057.1387,1527.6761,5604.4063,15639.6622,2104.2562,61608.6341,178429.1893,74521.3929,74173.7888,49211.8225,112494.974,2135.7849,66165.3219,2563.3622,4821.8184,8568.1427,45395.8668,63132.6918,16598.2786,22432.7702,87051.9652,1821.9569,7087.1162,452.5159,1968.5983,51705.3377,6877.1471,5867.7694,5230.394,9249.2931,5736.9651,4420.144,15822.5999,3842.1894,3593.9381,14755.5974,6488.2476,10901.6033,10834.2993,3472.0821,3937.912,2756.8719,3444.2734,3476.1688,794.9793,4078.0334,2443.3822,6990.5032,541.873,19424.0737,2567.1113,13577.0973,1381.4418,25453.7248,19637.7429,1745.2256,3579.1124,2478.0739,10290.9868,7629.0742,1191.0977,1444.5286,17812.5064,8486.5939,11086.351,2311.0949,3670.0261,16429.4398,7013.4997,10794.7975,1489.1153,2186.4128,4499.2154,1026.4357,14525.3948,1303.1336,809.9071,40753.4806,3128.9654,15559.9391,7243.797,235340.3823,60887.6964,1926.4196,45733.9154,17700.9162,3838.067,3966.9855,46032.9742,12956.2382,22073.7052,2909.6547,72586.4481,19627.9716,34107.2576,1784.8607,55643.6023,33107.6337,876.5765,88990.4317,131658.1023,69196.808,56288.1729,2865.7195,11482.365,2205.9248
